START phase=install cwd=/Users/sunao2000/gpt_new_oscar command=["limactl", "shell", "--workdir", "/home/sunao2000.linux/gpt_new_oscar", "oscar", "--", "timeout", "--signal=TERM", "--kill-after=10s", "1900", "bash", "-lc", "source /usr/local/Ascend/cann-9.1.0/set_env.sh; export TORCH_DEVICE_BACKEND_AUTOLOAD=0; .venv/bin/python -m pip install --no-build-isolation --no-deps -e ."]
Obtaining file:///home/sunao2000.linux/gpt_new_oscar
  Checking if build backend supports build_editable: started
  Checking if build backend supports build_editable: finished with status 'done'
  Preparing editable metadata (pyproject.toml): started
  Preparing editable metadata (pyproject.toml): finished with status 'done'
Building wheels for collected packages: oscar-ascend-external
  Building editable for oscar-ascend-external (pyproject.toml): started
  Building editable for oscar-ascend-external (pyproject.toml): finished with status 'done'
  Created wheel for oscar-ascend-external: filename=oscar_ascend_external-0.1.0-0.editable-py3-none-any.whl size=3301 sha256=9ab35fe66e7781e1adac308916b3b6d8e44a991f966615377445806465c500ba
  Stored in directory: /tmp/pip-ephem-wheel-cache-c9m7_p06/wheels/02/cd/80/1e1853719533a3016144b42cef34e511abab4432a6701f8f94
Successfully built oscar-ascend-external
Installing collected packages: oscar-ascend-external
  Attempting uninstall: oscar-ascend-external
    Found existing installation: oscar-ascend-external 0.1.0
    Uninstalling oscar-ascend-external-0.1.0:
      Successfully uninstalled oscar-ascend-external-0.1.0
Successfully installed oscar-ascend-external-0.1.0
RESULT {"phase": "install", "command": ["limactl", "shell", "--workdir", "/home/sunao2000.linux/gpt_new_oscar", "oscar", "--", "timeout", "--signal=TERM", "--kill-after=10s", "1900", "bash", "-lc", "source /usr/local/Ascend/cann-9.1.0/set_env.sh; export TORCH_DEVICE_BACKEND_AUTOLOAD=0; .venv/bin/python -m pip install --no-build-isolation --no-deps -e ."], "returncode": 0, "elapsed_seconds": 0.830212, "timed_out": false, "interrupted": false, "log": "/Users/sunao2000/gpt_new_oscar/reports/vm/logs/install.log", "cleanup_complete": true}
[oscar] PASSED phase=install rc=0 log=/Users/sunao2000/gpt_new_oscar/reports/vm/logs/install.log
START phase=device-build cwd=/Users/sunao2000/gpt_new_oscar command=["limactl", "shell", "--workdir", "/home/sunao2000.linux/gpt_new_oscar", "oscar", "--", "timeout", "--signal=TERM", "--kill-after=10s", "1900", "bash", "-lc", "source /usr/local/Ascend/cann-9.1.0/set_env.sh; export TORCH_DEVICE_BACKEND_AUTOLOAD=0; .venv/bin/python -m tools.build_ops --soc ascend910b4 --log-dir logs/vm-verify-device"]
START phase=configure-1 cwd=/home/sunao2000.linux/gpt_new_oscar command=["cmake", "-S", "/home/sunao2000.linux/gpt_new_oscar/csrc", "-B", "/home/sunao2000.linux/gpt_new_oscar/build/ascendc", "-DASCEND_HOME_PATH=/usr/local/Ascend/cann-9.1.0", "-DASCEND_CANN_PACKAGE_PATH=/usr/local/Ascend/cann-9.1.0", "-DASCEND_TOOLKIT_HOME=/usr/local/Ascend/cann-9.1.0", "-DSOC_VERSION=ascend910b4", "-DASCEND_COMPUTE_UNIT=ascend910b4", "-DTORCH_NPU_PATH=/home/sunao2000.linux/.local/lib/python3.12/site-packages/torch_npu", "-DOSCAR_BUILD_SIGNATURE=cc1c3534bba475ed8e2625e7166a792aec28ce16544003c41ed1ec26027ae5e3", "-DPython3_EXECUTABLE=/home/sunao2000.linux/gpt_new_oscar/.venv/bin/python", "-DCMAKE_BUILD_TYPE=Release"]
-- The CXX compiler identification is GNU 13.3.0
-- Detecting CXX compiler ABI info
-- Detecting CXX compiler ABI info - done
-- Check for working CXX compiler: /usr/bin/c++ - skipped
-- Detecting CXX compile features
-- Detecting CXX compile features - done
-- Found Python3: /home/sunao2000.linux/gpt_new_oscar/.venv/bin/python (found version "3.12.3") found components: Interpreter Development.Module 
-- Performing Test HAS_FLTO_AUTO
-- Performing Test HAS_FLTO_AUTO - Success
-- Found pybind11: /home/sunao2000.linux/gpt_new_oscar/.venv/lib/python3.12/site-packages/pybind11/include (found version "3.1.0")
CMake Warning at /home/sunao2000.linux/gpt_new_oscar/.venv/lib/python3.12/site-packages/torch/share/cmake/Torch/TorchConfig.cmake:22 (message):
  library kineto not found.
Call Stack (most recent call first):
  /home/sunao2000.linux/gpt_new_oscar/.venv/lib/python3.12/site-packages/torch/share/cmake/Torch/TorchConfig.cmake:119 (append_torchlib_if_found)
  CMakeLists.txt:19 (find_package)


-- Found Torch: /home/sunao2000.linux/gpt_new_oscar/.venv/lib/python3.12/site-packages/torch/lib/libtorch.so  
-- Configuring done (1.2s)
-- Generating done (0.0s)
CMake Warning:
  Manually-specified variables were not used by the project:

    ASCEND_TOOLKIT_HOME


-- Build files have been written to: /home/sunao2000.linux/gpt_new_oscar/build/ascendc
RESULT {"phase": "configure-1", "command": ["cmake", "-S", "/home/sunao2000.linux/gpt_new_oscar/csrc", "-B", "/home/sunao2000.linux/gpt_new_oscar/build/ascendc", "-DASCEND_HOME_PATH=/usr/local/Ascend/cann-9.1.0", "-DASCEND_CANN_PACKAGE_PATH=/usr/local/Ascend/cann-9.1.0", "-DASCEND_TOOLKIT_HOME=/usr/local/Ascend/cann-9.1.0", "-DSOC_VERSION=ascend910b4", "-DASCEND_COMPUTE_UNIT=ascend910b4", "-DTORCH_NPU_PATH=/home/sunao2000.linux/.local/lib/python3.12/site-packages/torch_npu", "-DOSCAR_BUILD_SIGNATURE=cc1c3534bba475ed8e2625e7166a792aec28ce16544003c41ed1ec26027ae5e3", "-DPython3_EXECUTABLE=/home/sunao2000.linux/gpt_new_oscar/.venv/bin/python", "-DCMAKE_BUILD_TYPE=Release"], "returncode": 0, "elapsed_seconds": 1.24021, "timed_out": false, "interrupted": false, "log": "/home/sunao2000.linux/gpt_new_oscar/logs/vm-verify-device/configure-1.log", "cleanup_complete": true}
[oscar] PASSED phase=configure-1 rc=0 log=logs/vm-verify-device/configure-1.log
START phase=compile-1 cwd=/home/sunao2000.linux/gpt_new_oscar command=["cmake", "--build", "/home/sunao2000.linux/gpt_new_oscar/build/ascendc", "--parallel", "8"]
[  2%] Creating directories for 'oscar_ascend_kernels_precompile'
[  4%] No download step for 'oscar_ascend_kernels_precompile'
[  6%] No update step for 'oscar_ascend_kernels_precompile'
[  8%] No patch step for 'oscar_ascend_kernels_precompile'
[ 10%] Performing configure step for 'oscar_ascend_kernels_precompile'
-- The C compiler identification is GNU 13.3.0
-- The CXX compiler identification is GNU 13.3.0
-- Detecting C compiler ABI info
-- Detecting C compiler ABI info - done
-- Check for working C compiler: /usr/bin/cc - skipped
-- Detecting C compile features
-- Detecting C compile features - done
-- Detecting CXX compiler ABI info
-- Detecting CXX compiler ABI info - done
-- Check for working CXX compiler: /usr/bin/c++ - skipped
-- Detecting CXX compile features
-- Detecting CXX compile features - done
-- Configuring done (0.2s)
-- Generating done (0.0s)
CMake Warning:
  Manually-specified variables were not used by the project:

    DYNAMIC_MODE
    INCLUDE_DIR


-- Build files have been written to: /home/sunao2000.linux/gpt_new_oscar/build/ascendc/oscar_ascend_kernels_precompile-prefix/src/oscar_ascend_kernels_precompile-build
[ 12%] Performing build step for 'oscar_ascend_kernels_precompile'
[ 33%] Building CXX object CMakeFiles/precompile_obj.dir/home/sunao2000.linux/gpt_new_oscar/csrc/kernels/store_int2.cpp.o
[ 33%] Building CXX object CMakeFiles/precompile_obj.dir/home/sunao2000.linux/gpt_new_oscar/csrc/kernels/merge_lse.cpp.o
[ 83%] Building CXX object CMakeFiles/precompile_obj.dir/home/sunao2000.linux/gpt_new_oscar/csrc/kernels/attention_cv.cpp.o
[ 83%] Building CXX object CMakeFiles/precompile_obj.dir/home/sunao2000.linux/gpt_new_oscar/csrc/kernels/attention_tasks.cpp.o
[ 83%] Building CXX object CMakeFiles/precompile_obj.dir/home/sunao2000.linux/gpt_new_oscar/csrc/kernels/rotate_clip_store.cpp.o
[100%] Building CXX object CMakeFiles/precompile_obj.dir/home/sunao2000.linux/gpt_new_oscar/csrc/kernels/status_guard.cpp.o
[100%] Built target precompile_obj
[100%] Built target check_src_template
[ 14%] No install step for 'oscar_ascend_kernels_precompile'
[ 17%] Completed 'oscar_ascend_kernels_precompile'
[ 17%] Built target oscar_ascend_kernels_precompile
[ 19%] Creating directories for 'oscar_ascend_kernels_preprocess'
[ 21%] No download step for 'oscar_ascend_kernels_preprocess'
[ 23%] No update step for 'oscar_ascend_kernels_preprocess'
[ 25%] No patch step for 'oscar_ascend_kernels_preprocess'
[ 27%] Performing configure step for 'oscar_ascend_kernels_preprocess'
-- The C compiler identification is GNU 13.3.0
-- The CXX compiler identification is GNU 13.3.0
-- Detecting C compiler ABI info
-- Detecting C compiler ABI info - done
-- Check for working C compiler: /usr/bin/cc - skipped
-- Detecting C compile features
-- Detecting C compile features - done
-- Detecting CXX compiler ABI info
-- Detecting CXX compiler ABI info - done
-- Check for working CXX compiler: /usr/bin/c++ - skipped
-- Detecting CXX compile features
-- Detecting CXX compile features - done
-- Configuring done (0.1s)
-- Generating done (0.0s)
-- Build files have been written to: /home/sunao2000.linux/gpt_new_oscar/build/ascendc/oscar_ascend_kernels_preprocess-prefix/src/oscar_ascend_kernels_preprocess-build
[ 29%] Performing build step for 'oscar_ascend_kernels_preprocess'
[ 11%] Building CXX object CMakeFiles/preprocess_obj.dir/home/sunao2000.linux/gpt_new_oscar/csrc/kernels/merge_lse.cpp.o
[ 11%] Building CXX object CMakeFiles/preprocess_obj.dir/home/sunao2000.linux/gpt_new_oscar/csrc/kernels/store_int2.cpp.o
[ 33%] Building CXX object CMakeFiles/preprocess_obj.dir/home/sunao2000.linux/gpt_new_oscar/csrc/kernels/rotate_clip_store.cpp.o
[ 33%] Building CXX object CMakeFiles/aic_obj.dir/home/sunao2000.linux/gpt_new_oscar/csrc/kernels/merge_lse.cpp.o
[ 33%] Building CXX object CMakeFiles/aic_obj.dir/home/sunao2000.linux/gpt_new_oscar/csrc/kernels/store_int2.cpp.o
[ 33%] Building CXX object CMakeFiles/aiv_obj.dir/home/sunao2000.linux/gpt_new_oscar/csrc/kernels/merge_lse.cpp.o
[ 44%] Building CXX object CMakeFiles/preprocess_obj.dir/home/sunao2000.linux/gpt_new_oscar/csrc/kernels/attention_cv.cpp.o
[ 44%] Building CXX object CMakeFiles/aiv_obj.dir/home/sunao2000.linux/gpt_new_oscar/csrc/kernels/store_int2.cpp.o
[ 50%] Building CXX object CMakeFiles/preprocess_obj.dir/home/sunao2000.linux/gpt_new_oscar/csrc/kernels/attention_tasks.cpp.o
[ 55%] Building CXX object CMakeFiles/preprocess_obj.dir/home/sunao2000.linux/gpt_new_oscar/csrc/kernels/status_guard.cpp.o
[ 61%] Building CXX object CMakeFiles/aiv_obj.dir/home/sunao2000.linux/gpt_new_oscar/csrc/kernels/rotate_clip_store.cpp.o
[ 66%] Building CXX object CMakeFiles/aiv_obj.dir/home/sunao2000.linux/gpt_new_oscar/csrc/kernels/attention_cv.cpp.o
[ 72%] Building CXX object CMakeFiles/aiv_obj.dir/home/sunao2000.linux/gpt_new_oscar/csrc/kernels/attention_tasks.cpp.o
[ 72%] Built target preprocess_obj
[ 77%] Building CXX object CMakeFiles/aiv_obj.dir/home/sunao2000.linux/gpt_new_oscar/csrc/kernels/status_guard.cpp.o
[ 83%] Building CXX object CMakeFiles/aic_obj.dir/home/sunao2000.linux/gpt_new_oscar/csrc/kernels/rotate_clip_store.cpp.o
[ 88%] Building CXX object CMakeFiles/aic_obj.dir/home/sunao2000.linux/gpt_new_oscar/csrc/kernels/attention_cv.cpp.o
[ 94%] Building CXX object CMakeFiles/aic_obj.dir/home/sunao2000.linux/gpt_new_oscar/csrc/kernels/attention_tasks.cpp.o
[100%] Building CXX object CMakeFiles/aic_obj.dir/home/sunao2000.linux/gpt_new_oscar/csrc/kernels/status_guard.cpp.o
[100%] Built target aiv_obj
/usr/local/Ascend/cann-9.1.0/aarch64-linux/ccec_compiler/bin/ld.lld -m aicorelinux -Ttext=0 /home/sunao2000.linux/gpt_new_oscar/build/ascendc/oscar_ascend_kernels_preprocess-prefix/src/oscar_ascend_kernels_preprocess-build/CMakeFiles/aiv_obj.dir/home/sunao2000.linux/gpt_new_oscar/csrc/kernels/store_int2.cpp.o -o /home/sunao2000.linux/gpt_new_oscar/build/ascendc/oscar_ascend_kernels_preprocess-prefix/src/oscar_ascend_kernels_preprocess-build/CMakeFiles/aiv_obj.dir/home/sunao2000.linux/gpt_new_oscar/csrc/kernels/store_int2.cpp.o/usr/local/Ascend/cann-9.1.0/aarch64-linux/ccec_compiler/bin/ld.lld -m aicorelinux -Ttext=0 /home/sunao2000.linux/gpt_new_oscar/build/ascendc/oscar_ascend_kernels_preprocess-prefix/src/oscar_ascend_kernels_preprocess-build/CMakeFiles/aiv_obj.dir/home/sunao2000.linux/gpt_new_oscar/csrc/kernels/merge_lse.cpp.o -o /home/sunao2000.linux/gpt_new_oscar/build/ascendc/oscar_ascend_kernels_preprocess-prefix/src/oscar_ascend_kernels_preprocess-build/CMakeFiles/aiv_obj.dir/home/sunao2000.linux/gpt_new_oscar/csrc/kernels/merge_lse.cpp.o/usr/local/Ascend/cann-9.1.0/aarch64-linux/ccec_compiler/bin/ld.lld -m aicorelinux -Ttext=0 /home/sunao2000.linux/gpt_new_oscar/build/ascendc/oscar_ascend_kernels_preprocess-prefix/src/oscar_ascend_kernels_preprocess-build/CMakeFiles/aiv_obj.dir/home/sunao2000.linux/gpt_new_oscar/csrc/kernels/rotate_clip_store.cpp.o -o /home/sunao2000.linux/gpt_new_oscar/build/ascendc/oscar_ascend_kernels_preprocess-prefix/src/oscar_ascend_kernels_preprocess-build/CMakeFiles/aiv_obj.dir/home/sunao2000.linux/gpt_new_oscar/csrc/kernels/rotate_clip_store.cpp.o/usr/local/Ascend/cann-9.1.0/aarch64-linux/ccec_compiler/bin/ld.lld -m aicorelinux -Ttext=0 /home/sunao2000.linux/gpt_new_oscar/build/ascendc/oscar_ascend_kernels_preprocess-prefix/src/oscar_ascend_kernels_preprocess-build/CMakeFiles/aiv_obj.dir/home/sunao2000.linux/gpt_new_oscar/csrc/kernels/attention_cv.cpp.o -o /home/sunao2000.linux/gpt_new_oscar/build/ascendc/oscar_ascend_kernels_preprocess-prefix/src/oscar_ascend_kernels_preprocess-build/CMakeFiles/aiv_obj.dir/home/sunao2000.linux/gpt_new_oscar/csrc/kernels/attention_cv.cpp.o/usr/local/Ascend/cann-9.1.0/aarch64-linux/ccec_compiler/bin/ld.lld -m aicorelinux -Ttext=0 /home/sunao2000.linux/gpt_new_oscar/build/ascendc/oscar_ascend_kernels_preprocess-prefix/src/oscar_ascend_kernels_preprocess-build/CMakeFiles/aiv_obj.dir/home/sunao2000.linux/gpt_new_oscar/csrc/kernels/attention_tasks.cpp.o -o /home/sunao2000.linux/gpt_new_oscar/build/ascendc/oscar_ascend_kernels_preprocess-prefix/src/oscar_ascend_kernels_preprocess-build/CMakeFiles/aiv_obj.dir/home/sunao2000.linux/gpt_new_oscar/csrc/kernels/attention_tasks.cpp.o/usr/local/Ascend/cann-9.1.0/aarch64-linux/ccec_compiler/bin/ld.lld -m aicorelinux -Ttext=0 /home/sunao2000.linux/gpt_new_oscar/build/ascendc/oscar_ascend_kernels_preprocess-prefix/src/oscar_ascend_kernels_preprocess-build/CMakeFiles/aiv_obj.dir/home/sunao2000.linux/gpt_new_oscar/csrc/kernels/status_guard.cpp.o -o /home/sunao2000.linux/gpt_new_oscar/build/ascendc/oscar_ascend_kernels_preprocess-prefix/src/oscar_ascend_kernels_preprocess-build/CMakeFiles/aiv_obj.dir/home/sunao2000.linux/gpt_new_oscar/csrc/kernels/status_guard.cpp.o[100%] Built target merge_aiv_obj_text
[100%] Built target aic_obj
/usr/local/Ascend/cann-9.1.0/aarch64-linux/ccec_compiler/bin/ld.lld -m aicorelinux -Ttext=0 /home/sunao2000.linux/gpt_new_oscar/build/ascendc/oscar_ascend_kernels_preprocess-prefix/src/oscar_ascend_kernels_preprocess-build/CMakeFiles/aic_obj.dir/home/sunao2000.linux/gpt_new_oscar/csrc/kernels/store_int2.cpp.o -o /home/sunao2000.linux/gpt_new_oscar/build/ascendc/oscar_ascend_kernels_preprocess-prefix/src/oscar_ascend_kernels_preprocess-build/CMakeFiles/aic_obj.dir/home/sunao2000.linux/gpt_new_oscar/csrc/kernels/store_int2.cpp.o/usr/local/Ascend/cann-9.1.0/aarch64-linux/ccec_compiler/bin/ld.lld -m aicorelinux -Ttext=0 /home/sunao2000.linux/gpt_new_oscar/build/ascendc/oscar_ascend_kernels_preprocess-prefix/src/oscar_ascend_kernels_preprocess-build/CMakeFiles/aic_obj.dir/home/sunao2000.linux/gpt_new_oscar/csrc/kernels/merge_lse.cpp.o -o /home/sunao2000.linux/gpt_new_oscar/build/ascendc/oscar_ascend_kernels_preprocess-prefix/src/oscar_ascend_kernels_preprocess-build/CMakeFiles/aic_obj.dir/home/sunao2000.linux/gpt_new_oscar/csrc/kernels/merge_lse.cpp.o/usr/local/Ascend/cann-9.1.0/aarch64-linux/ccec_compiler/bin/ld.lld -m aicorelinux -Ttext=0 /home/sunao2000.linux/gpt_new_oscar/build/ascendc/oscar_ascend_kernels_preprocess-prefix/src/oscar_ascend_kernels_preprocess-build/CMakeFiles/aic_obj.dir/home/sunao2000.linux/gpt_new_oscar/csrc/kernels/rotate_clip_store.cpp.o -o /home/sunao2000.linux/gpt_new_oscar/build/ascendc/oscar_ascend_kernels_preprocess-prefix/src/oscar_ascend_kernels_preprocess-build/CMakeFiles/aic_obj.dir/home/sunao2000.linux/gpt_new_oscar/csrc/kernels/rotate_clip_store.cpp.o/usr/local/Ascend/cann-9.1.0/aarch64-linux/ccec_compiler/bin/ld.lld -m aicorelinux -Ttext=0 /home/sunao2000.linux/gpt_new_oscar/build/ascendc/oscar_ascend_kernels_preprocess-prefix/src/oscar_ascend_kernels_preprocess-build/CMakeFiles/aic_obj.dir/home/sunao2000.linux/gpt_new_oscar/csrc/kernels/attention_cv.cpp.o -o /home/sunao2000.linux/gpt_new_oscar/build/ascendc/oscar_ascend_kernels_preprocess-prefix/src/oscar_ascend_kernels_preprocess-build/CMakeFiles/aic_obj.dir/home/sunao2000.linux/gpt_new_oscar/csrc/kernels/attention_cv.cpp.o/usr/local/Ascend/cann-9.1.0/aarch64-linux/ccec_compiler/bin/ld.lld -m aicorelinux -Ttext=0 /home/sunao2000.linux/gpt_new_oscar/build/ascendc/oscar_ascend_kernels_preprocess-prefix/src/oscar_ascend_kernels_preprocess-build/CMakeFiles/aic_obj.dir/home/sunao2000.linux/gpt_new_oscar/csrc/kernels/attention_tasks.cpp.o -o /home/sunao2000.linux/gpt_new_oscar/build/ascendc/oscar_ascend_kernels_preprocess-prefix/src/oscar_ascend_kernels_preprocess-build/CMakeFiles/aic_obj.dir/home/sunao2000.linux/gpt_new_oscar/csrc/kernels/attention_tasks.cpp.o/usr/local/Ascend/cann-9.1.0/aarch64-linux/ccec_compiler/bin/ld.lld -m aicorelinux -Ttext=0 /home/sunao2000.linux/gpt_new_oscar/build/ascendc/oscar_ascend_kernels_preprocess-prefix/src/oscar_ascend_kernels_preprocess-build/CMakeFiles/aic_obj.dir/home/sunao2000.linux/gpt_new_oscar/csrc/kernels/status_guard.cpp.o -o /home/sunao2000.linux/gpt_new_oscar/build/ascendc/oscar_ascend_kernels_preprocess-prefix/src/oscar_ascend_kernels_preprocess-build/CMakeFiles/aic_obj.dir/home/sunao2000.linux/gpt_new_oscar/csrc/kernels/status_guard.cpp.o[100%] Built target merge_aic_obj_text
[WARNING]: Multiple kernel functions are detected. It is recommended to define only one kernel function per file.
[100%] Built target _host_cpp
[ 31%] No install step for 'oscar_ascend_kernels_preprocess'
[ 34%] Completed 'oscar_ascend_kernels_preprocess'
[ 34%] Built target oscar_ascend_kernels_preprocess
[ 38%] Creating directories for 'oscar_ascend_kernels_aiv_device'
[ 38%] Creating directories for 'oscar_ascend_kernels_aic_device'
[ 40%] Creating directories for 'oscar_ascend_kernels_host'
[ 44%] No download step for 'oscar_ascend_kernels_host'
[ 44%] No download step for 'oscar_ascend_kernels_aic_device'
[ 46%] No download step for 'oscar_ascend_kernels_aiv_device'
[ 51%] No update step for 'oscar_ascend_kernels_aiv_device'
[ 51%] No update step for 'oscar_ascend_kernels_host'
[ 53%] No update step for 'oscar_ascend_kernels_aic_device'
[ 55%] No patch step for 'oscar_ascend_kernels_host'
[ 57%] No patch step for 'oscar_ascend_kernels_aiv_device'
[ 59%] No patch step for 'oscar_ascend_kernels_aic_device'
[ 61%] Performing configure step for 'oscar_ascend_kernels_host'
[ 65%] Performing configure step for 'oscar_ascend_kernels_aic_device'
[ 65%] Performing configure step for 'oscar_ascend_kernels_aiv_device'
-- The C compiler identification is GNU 13.3.0
-- The C compiler identification is GNU 13.3.0
-- The C compiler identification is GNU 13.3.0
-- The CXX compiler identification is GNU 13.3.0
-- The CXX compiler identification is GNU 13.3.0
-- The CXX compiler identification is GNU 13.3.0
-- Detecting C compiler ABI info
-- Detecting C compiler ABI info
-- Detecting C compiler ABI info
-- Detecting C compiler ABI info - done
-- Detecting C compiler ABI info - done
-- Detecting C compiler ABI info - done
-- Check for working C compiler: /usr/bin/cc - skipped
-- Detecting C compile features
-- Check for working C compiler: /usr/bin/cc - skipped
-- Check for working C compiler: /usr/bin/cc - skipped
-- Detecting C compile features - done
-- Detecting C compile features
-- Detecting C compile features
-- Detecting C compile features - done
-- Detecting C compile features - done
-- Detecting CXX compiler ABI info
-- Detecting CXX compiler ABI info
-- Detecting CXX compiler ABI info
-- Detecting CXX compiler ABI info - done
-- Detecting CXX compiler ABI info - done
-- Detecting CXX compiler ABI info - done
-- Check for working CXX compiler: /usr/bin/c++ - skipped
-- Detecting CXX compile features
-- Detecting CXX compile features - done
-- Configuring done (0.1s)
-- Check for working CXX compiler: /usr/bin/c++ - skipped
-- Detecting CXX compile features
-- Detecting CXX compile features - done
-- Configuring done (0.1s)
-- Check for working CXX compiler: /usr/bin/c++ - skipped
-- Generating done (0.0s)
-- Detecting CXX compile features
-- Build files have been written to: /home/sunao2000.linux/gpt_new_oscar/build/ascendc/oscar_ascend_kernels_aic_device-prefix/src/oscar_ascend_kernels_aic_device-build
-- Detecting CXX compile features - done
-- Generating done (0.0s)
-- Configuring done (0.2s)
CMake Warning:
  Manually-specified variables were not used by the project:

    ASCEND_PYTHON_EXECUTABLE


-- Build files have been written to: /home/sunao2000.linux/gpt_new_oscar/build/ascendc/oscar_ascend_kernels_host-prefix/src/oscar_ascend_kernels_host-build
-- Generating done (0.0s)
-- Build files have been written to: /home/sunao2000.linux/gpt_new_oscar/build/ascendc/oscar_ascend_kernels_aiv_device-prefix/src/oscar_ascend_kernels_aiv_device-build
[ 68%] Performing build step for 'oscar_ascend_kernels_host'
[ 70%] Performing build step for 'oscar_ascend_kernels_aic_device'
[ 72%] Performing build step for 'oscar_ascend_kernels_aiv_device'
[ 16%] Building CXX object CMakeFiles/host_bisheng_obj.dir/home/sunao2000.linux/gpt_new_oscar/csrc/kernels/store_int2.cpp.o
[100%] Building CXX object CMakeFiles/device_obj.dir/home/sunao2000.linux/gpt_new_oscar/build/ascendc/auto_gen/oscar_ascend_kernels/auto_gen_attention_cv.cpp.o
[ 33%] Building CXX object CMakeFiles/host_bisheng_obj.dir/home/sunao2000.linux/gpt_new_oscar/csrc/kernels/attention_cv.cpp.o
[ 66%] Building CXX object CMakeFiles/host_bisheng_obj.dir/home/sunao2000.linux/gpt_new_oscar/csrc/kernels/rotate_clip_store.cpp.o
[ 66%] Building CXX object CMakeFiles/host_bisheng_obj.dir/home/sunao2000.linux/gpt_new_oscar/csrc/kernels/merge_lse.cpp.o
[ 83%] Building CXX object CMakeFiles/host_bisheng_obj.dir/home/sunao2000.linux/gpt_new_oscar/csrc/kernels/attention_tasks.cpp.o
[ 33%] Building CXX object CMakeFiles/device_aiv_obj.dir/home/sunao2000.linux/gpt_new_oscar/build/ascendc/auto_gen/oscar_ascend_kernels/auto_gen_store_int2.cpp.o
[ 33%] Building CXX object CMakeFiles/device_obj.dir/home/sunao2000.linux/gpt_new_oscar/build/ascendc/auto_gen/oscar_ascend_kernels/auto_gen_attention_cv.cpp.o
[ 66%] Building CXX object CMakeFiles/device_aiv_obj.dir/home/sunao2000.linux/gpt_new_oscar/build/ascendc/auto_gen/oscar_ascend_kernels/auto_gen_rotate_clip_store.cpp.o
[ 66%] Building CXX object CMakeFiles/device_aiv_obj.dir/home/sunao2000.linux/gpt_new_oscar/build/ascendc/auto_gen/oscar_ascend_kernels/auto_gen_merge_lse.cpp.o
[100%] Building CXX object CMakeFiles/host_bisheng_obj.dir/home/sunao2000.linux/gpt_new_oscar/csrc/kernels/status_guard.cpp.o
[ 83%] Building CXX object CMakeFiles/device_aiv_obj.dir/home/sunao2000.linux/gpt_new_oscar/build/ascendc/auto_gen/oscar_ascend_kernels/auto_gen_attention_tasks.cpp.o
[100%] Building CXX object CMakeFiles/device_aiv_obj.dir/home/sunao2000.linux/gpt_new_oscar/build/ascendc/auto_gen/oscar_ascend_kernels/auto_gen_status_guard.cpp.o
[100%] Built target host_bisheng_obj
[ 74%] Performing install step for 'oscar_ascend_kernels_host'
[100%] Built target host_bisheng_obj
Install the project...
-- Install configuration: "Release"
-- Installing: /home/sunao2000.linux/gpt_new_oscar/build/ascendc/oscar_ascend_kernels_host_dir/./objects-Release/host_bisheng_obj/home/sunao2000.linux/gpt_new_oscar/csrc/kernels/store_int2.cpp.o
-- Installing: /home/sunao2000.linux/gpt_new_oscar/build/ascendc/oscar_ascend_kernels_host_dir/./objects-Release/host_bisheng_obj/home/sunao2000.linux/gpt_new_oscar/csrc/kernels/merge_lse.cpp.o
-- Installing: /home/sunao2000.linux/gpt_new_oscar/build/ascendc/oscar_ascend_kernels_host_dir/./objects-Release/host_bisheng_obj/home/sunao2000.linux/gpt_new_oscar/csrc/kernels/rotate_clip_store.cpp.o
-- Installing: /home/sunao2000.linux/gpt_new_oscar/build/ascendc/oscar_ascend_kernels_host_dir/./objects-Release/host_bisheng_obj/home/sunao2000.linux/gpt_new_oscar/csrc/kernels/attention_cv.cpp.o
-- Installing: /home/sunao2000.linux/gpt_new_oscar/build/ascendc/oscar_ascend_kernels_host_dir/./objects-Release/host_bisheng_obj/home/sunao2000.linux/gpt_new_oscar/csrc/kernels/attention_tasks.cpp.o
-- Installing: /home/sunao2000.linux/gpt_new_oscar/build/ascendc/oscar_ascend_kernels_host_dir/./objects-Release/host_bisheng_obj/home/sunao2000.linux/gpt_new_oscar/csrc/kernels/status_guard.cpp.o
[ 76%] Completed 'oscar_ascend_kernels_host'
[ 76%] Built target oscar_ascend_kernels_host
[100%] Built target device_obj
/usr/local/Ascend/cann-9.1.0/aarch64-linux/ccec_compiler/bin/ld.lld  -m aicorelinux -r  -Ttext=0 /home/sunao2000.linux/gpt_new_oscar/build/ascendc/oscar_ascend_kernels_aic_device-prefix/src/oscar_ascend_kernels_aic_device-build/CMakeFiles/device_obj.dir/home/sunao2000.linux/gpt_new_oscar/build/ascendc/auto_gen/oscar_ascend_kernels/auto_gen_attention_cv.cpp.o -static -o /home/sunao2000.linux/gpt_new_oscar/build/ascendc/oscar_ascend_kernels_aic_device_dir/device.o
[100%] Built target merge_device_obj
[ 78%] No install step for 'oscar_ascend_kernels_aic_device'
[ 80%] Completed 'oscar_ascend_kernels_aic_device'
[ 80%] Built target oscar_ascend_kernels_aic_device
[100%] Built target device_obj
/usr/local/Ascend/cann-9.1.0/aarch64-linux/ccec_compiler/bin/ld.lld  -m aicorelinux -r  -Ttext=0 /home/sunao2000.linux/gpt_new_oscar/build/ascendc/oscar_ascend_kernels_aiv_device-prefix/src/oscar_ascend_kernels_aiv_device-build/CMakeFiles/device_obj.dir/home/sunao2000.linux/gpt_new_oscar/build/ascendc/auto_gen/oscar_ascend_kernels/auto_gen_attention_cv.cpp.o -static -o /home/sunao2000.linux/gpt_new_oscar/build/ascendc/oscar_ascend_kernels_aiv_device_dir/device.o
[100%] Built target merge_device_obj
[100%] Built target device_aiv_obj
/usr/local/Ascend/cann-9.1.0/aarch64-linux/ccec_compiler/bin/ld.lld  -m aicorelinux -r  -Ttext=0 /home/sunao2000.linux/gpt_new_oscar/build/ascendc/oscar_ascend_kernels_aiv_device-prefix/src/oscar_ascend_kernels_aiv_device-build/CMakeFiles/device_aiv_obj.dir/home/sunao2000.linux/gpt_new_oscar/build/ascendc/auto_gen/oscar_ascend_kernels/auto_gen_store_int2.cpp.o /home/sunao2000.linux/gpt_new_oscar/build/ascendc/oscar_ascend_kernels_aiv_device-prefix/src/oscar_ascend_kernels_aiv_device-build/CMakeFiles/device_aiv_obj.dir/home/sunao2000.linux/gpt_new_oscar/build/ascendc/auto_gen/oscar_ascend_kernels/auto_gen_merge_lse.cpp.o /home/sunao2000.linux/gpt_new_oscar/build/ascendc/oscar_ascend_kernels_aiv_device-prefix/src/oscar_ascend_kernels_aiv_device-build/CMakeFiles/device_aiv_obj.dir/home/sunao2000.linux/gpt_new_oscar/build/ascendc/auto_gen/oscar_ascend_kernels/auto_gen_rotate_clip_store.cpp.o /home/sunao2000.linux/gpt_new_oscar/build/ascendc/oscar_ascend_kernels_aiv_device-prefix/src/oscar_ascend_kernels_aiv_device-build/CMakeFiles/device_aiv_obj.dir/home/sunao2000.linux/gpt_new_oscar/build/ascendc/auto_gen/oscar_ascend_kernels/auto_gen_attention_tasks.cpp.o /home/sunao2000.linux/gpt_new_oscar/build/ascendc/oscar_ascend_kernels_aiv_device-prefix/src/oscar_ascend_kernels_aiv_device-build/CMakeFiles/device_aiv_obj.dir/home/sunao2000.linux/gpt_new_oscar/build/ascendc/auto_gen/oscar_ascend_kernels/auto_gen_status_guard.cpp.o -static -o /home/sunao2000.linux/gpt_new_oscar/build/ascendc/oscar_ascend_kernels_aiv_device_dir/device_aiv.o
[100%] Built target merge_aiv_device_obj
[ 82%] No install step for 'oscar_ascend_kernels_aiv_device'
[ 85%] Completed 'oscar_ascend_kernels_aiv_device'
[ 85%] Built target oscar_ascend_kernels_aiv_device
/usr/local/Ascend/cann-9.1.0/aarch64-linux/ccec_compiler/bin/ld.lld -x -m aicorelinux   -Ttext=0 /home/sunao2000.linux/gpt_new_oscar/build/ascendc/oscar_ascend_kernels_aic_device_dir/device.o /home/sunao2000.linux/gpt_new_oscar/build/ascendc/oscar_ascend_kernels_aiv_device_dir/device.o -static -o /home/sunao2000.linux/gpt_new_oscar/build/ascendc/oscar_ascend_kernels_merge_obj_dir/device.o
/usr/local/Ascend/cann-9.1.0/aarch64-linux/ccec_compiler/bin/ld.lld -x -m aicorelinux   -Ttext=0 /home/sunao2000.linux/gpt_new_oscar/build/ascendc/oscar_ascend_kernels_aiv_device_dir/device_aiv.o -static -o /home/sunao2000.linux/gpt_new_oscar/build/ascendc/oscar_ascend_kernels_merge_obj_dir/device_aiv.o
[ 85%] Built target oscar_ascend_kernels_merge_obj
[ 87%] Building CXX object CMakeFiles/oscar_ascend_kernels_host_stub_obj.dir/auto_gen/oscar_ascend_kernels/host_stub.cpp.o
[ 87%] Built target oscar_ascend_kernels_host_stub_obj
[ 89%] Linking CXX shared library lib/liboscar_ascend_kernels_cc1c3534bba475ed.so
/usr/local/Ascend/cann-9.1.0/bin/ascendc_pack_kernel /home/sunao2000.linux/gpt_new_oscar/build/ascendc/CMakeFiles/oscar_ascend_kernels_host_stub_obj.dir/auto_gen/oscar_ascend_kernels/host_stub.cpp.o /home/sunao2000.linux/gpt_new_oscar/build/ascendc/oscar_ascend_kernels_merge_obj_dir/device.o 0 /home/sunao2000.linux/gpt_new_oscar/build/ascendc/CMakeFiles/oscar_ascend_kernels_host_stub_obj.dir/auto_gen/oscar_ascend_kernels/host_stub.cpp.o
/usr/local/Ascend/cann-9.1.0/bin/ascendc_pack_kernel /home/sunao2000.linux/gpt_new_oscar/build/ascendc/CMakeFiles/oscar_ascend_kernels_host_stub_obj.dir/auto_gen/oscar_ascend_kernels/host_stub.cpp.o /home/sunao2000.linux/gpt_new_oscar/build/ascendc/oscar_ascend_kernels_merge_obj_dir/device_aiv.o 1 /home/sunao2000.linux/gpt_new_oscar/build/ascendc/CMakeFiles/oscar_ascend_kernels_host_stub_obj.dir/auto_gen/oscar_ascend_kernels/host_stub.cpp.o
recompile: /usr/bin/c++ -fPIC -O3 -DNDEBUG -Wl,-z,defs -Wl,-z,relro -Wl,-z,now -Wl,-z,noexecstack -s -shared -Wl,-soname,liboscar_ascend_kernels_cc1c3534bba475ed.so -o lib/liboscar_ascend_kernels_cc1c3534bba475ed.so CMakeFiles/oscar_ascend_kernels_host_stub_obj.dir/auto_gen/oscar_ascend_kernels/host_stub.cpp.o /home/sunao2000.linux/gpt_new_oscar/build/ascendc/oscar_ascend_kernels_host_dir/objects-Release/host_bisheng_obj/home/sunao2000.linux/gpt_new_oscar/csrc/kernels/attention_cv.cpp.o /home/sunao2000.linux/gpt_new_oscar/build/ascendc/oscar_ascend_kernels_host_dir/objects-Release/host_bisheng_obj/home/sunao2000.linux/gpt_new_oscar/csrc/kernels/attention_tasks.cpp.o /home/sunao2000.linux/gpt_new_oscar/build/ascendc/oscar_ascend_kernels_host_dir/objects-Release/host_bisheng_obj/home/sunao2000.linux/gpt_new_oscar/csrc/kernels/merge_lse.cpp.o /home/sunao2000.linux/gpt_new_oscar/build/ascendc/oscar_ascend_kernels_host_dir/objects-Release/host_bisheng_obj/home/sunao2000.linux/gpt_new_oscar/csrc/kernels/rotate_clip_store.cpp.o /home/sunao2000.linux/gpt_new_oscar/build/ascendc/oscar_ascend_kernels_host_dir/objects-Release/host_bisheng_obj/home/sunao2000.linux/gpt_new_oscar/csrc/kernels/status_guard.cpp.o /home/sunao2000.linux/gpt_new_oscar/build/ascendc/oscar_ascend_kernels_host_dir/objects-Release/host_bisheng_obj/home/sunao2000.linux/gpt_new_oscar/csrc/kernels/store_int2.cpp.o    -L/usr/local/Ascend/cann-9.1.0/lib64  -L/usr/local/Ascend/cann-9.1.0/tools/simulator/ascend910b4/lib  -Wl,-rpath,/usr/local/Ascend/cann-9.1.0/lib64 /usr/local/Ascend/cann-9.1.0/lib64/libascendc_runtime.a -lascend_dump -lc_sec -lascendcl -lruntime -lprofapi -lunified_dlog -lmmpa
[ 89%] Built target oscar_ascend_kernels
[ 91%] Building CXX object CMakeFiles/_oscar_ascend_ops.dir/torch_bindings.cpp.o
[ 95%] Building CXX object CMakeFiles/_oscar_ascend_ops.dir/rotation_bindings.cpp.o
[ 95%] Building CXX object CMakeFiles/_oscar_ascend_ops.dir/attention_bindings.cpp.o
[ 97%] Building CXX object CMakeFiles/_oscar_ascend_ops.dir/status_bindings.cpp.o
[oscar] phase=device-build running seconds=15.1 log=/Users/sunao2000/gpt_new_oscar/reports/vm/logs/device-build.log
[oscar] phase=compile-1 running seconds=15.0 log=logs/vm-verify-device/compile-1.log
[100%] Linking CXX shared module _oscar_ascend_ops.cpython-312-aarch64-linux-gnu.so
[100%] Built target _oscar_ascend_ops
RESULT {"phase": "compile-1", "command": ["cmake", "--build", "/home/sunao2000.linux/gpt_new_oscar/build/ascendc", "--parallel", "8"], "returncode": 0, "elapsed_seconds": 18.623732, "timed_out": false, "interrupted": false, "log": "/home/sunao2000.linux/gpt_new_oscar/logs/vm-verify-device/compile-1.log", "cleanup_complete": true}
[oscar] PASSED phase=compile-1 rc=0 log=logs/vm-verify-device/compile-1.log
{
  "signature": "cc1c3534bba475ed8e2625e7166a792aec28ce16544003c41ed1ec26027ae5e3",
  "configuration": {
    "source": {
      "CMakeLists.txt": "3eff29d9c530a3d29d609f15c9c28b0bb3c35a1491aee25d2cee833deb1fbb09",
      "attention_bindings.cpp": "a3f23dee8aa33f2e58becfc32442e8c3e8ca024d499ccefde8fe0b65db0f8d3f",
      "rotation_bindings.cpp": "48af05b40ad563e2d3b1fe36737e8a54b78906cd9141f2451cc3358126787a5d",
      "status_bindings.cpp": "2912ac6aa6be89eb0e6b8507b16c10a3ac8c996182bc52ed0afc87c45d3b2c40",
      "torch_bindings.cpp": "9ce12c775f9bab5331fbd2b4704b960c2d6ea575e1beb858f15eff1caac3cd17",
      "cpu/CMakeLists.txt": "1e7d67f47b4f330f1fa6c59a083246c6672105f81f1538fded57593a5eb819bb",
      "cpu/cv_probe.cpp": "e32a97163557f3d38a1515b9f065ed2f75de9fdb9fa232d48ae3cfce49a263d3",
      "cpu/primitive_probe.cpp": "f1cd3c8fca22d4b03d175762025e8446d6bc937324ccc9441b543a281005a453",
      "cpu/rotation_probe.cpp": "02245026bd7561568e12f58c54225f083f1f8e0d91bc9393c0e661e83ad91c2a",
      "include/oscar_attention_launch.h": "1283c6086b387c167a6ec26f9994c6385fe082bfc82862a0f386bf0ec16f6fd2",
      "include/oscar_cv_schedule.h": "36c9bb6276e2ac066057d3d30be0f22f83bc65d6b3aef9497f6ceca946313db8",
      "include/oscar_launch.h": "c8b51d610755a8053455757ce9a921aa401e756edc6234318edcf2b7d422bbe9",
      "include/oscar_rotation_launch.h": "f231519ac7fd73b1e2316947e75d3c3351c00e095ccf16aa67df944d42ffe180",
      "kernels/attention_cv.cpp": "b6ba0de3b42b51d7412b3d55ecb958063085cf6243aa6f521999a7e4ee92c009",
      "kernels/attention_tasks.cpp": "82290f1831064bbc6f58011a0dd9a826ae7ffc368da4b3ab43f8a5d5133589df",
      "kernels/merge_lse.cpp": "8b32602f0efa94e5e1ec23ec03471e17b53c94fb4b45b867aca7e4f1c9af1723",
      "kernels/oscar_common.h": "20574a83f919df5bd6450cd581d1dba5a5a6f169768e7e237ba62f51b7499964",
      "kernels/rotate_clip_store.cpp": "e18bfc08673b3f5a49d24029c9ad34797e0d5b9114e79639ac01310658982748",
      "kernels/status_guard.cpp": "01cbbcfdf99d41daf0ac1372e2ebaa8549380d543bc7c29b426814c96eb593ab",
      "kernels/store_int2.cpp": "5a6fa9619e399bb80bc0455c4426396d98510326bb899900b4b96c65d2b58506"
    },
    "cann": "/usr/local/Ascend/cann-9.1.0",
    "cann_versions": {
      "/usr/local/Ascend/cann-9.1.0/compiler/version.info": "f20359296d5a7127f841aa35f4a788137f444dc36d72641e948cb9e39e47e4f4"
    },
    "soc": "ascend910b4",
    "package_versions": {
      "torch": "2.12.0+cpu",
      "torch_npu": "2.12.0",
      "pybind11": "3.1.0"
    },
    "python": "/home/sunao2000.linux/gpt_new_oscar/.venv/bin/python",
    "torch_npu": "/home/sunao2000.linux/.local/lib/python3.12/site-packages/torch_npu",
    "flags": {
      "CXX": null,
      "CC": null,
      "CXXFLAGS": null
    }
  },
  "extension": "/home/sunao2000.linux/gpt_new_oscar/build/ascendc/_oscar_ascend_ops.cpython-312-aarch64-linux-gnu.so",
  "kernel_library": "/home/sunao2000.linux/gpt_new_oscar/build/ascendc/lib/liboscar_ascend_kernels_cc1c3534bba475ed.so",
  "sha256": {
    "/home/sunao2000.linux/gpt_new_oscar/build/ascendc/_oscar_ascend_ops.cpython-312-aarch64-linux-gnu.so": "79537a3e606772030f06b1576f604a8c7b5c079f0ea9a37767a482fde0fd66b6",
    "/home/sunao2000.linux/gpt_new_oscar/build/ascendc/lib/liboscar_ascend_kernels_cc1c3534bba475ed.so": "696a20bc1a7595570c890e5ab336ce99d7d8dd715d5526061c0d5134590d563c"
  },
  "build": "passed",
  "device_completion": "not_run",
  "reused": false
}
RESULT {"phase": "device-build", "command": ["limactl", "shell", "--workdir", "/home/sunao2000.linux/gpt_new_oscar", "oscar", "--", "timeout", "--signal=TERM", "--kill-after=10s", "1900", "bash", "-lc", "source /usr/local/Ascend/cann-9.1.0/set_env.sh; export TORCH_DEVICE_BACKEND_AUTOLOAD=0; .venv/bin/python -m tools.build_ops --soc ascend910b4 --log-dir logs/vm-verify-device"], "returncode": 0, "elapsed_seconds": 20.055501, "timed_out": false, "interrupted": false, "log": "/Users/sunao2000/gpt_new_oscar/reports/vm/logs/device-build.log", "cleanup_complete": true}
[oscar] PASSED phase=device-build rc=0 log=/Users/sunao2000/gpt_new_oscar/reports/vm/logs/device-build.log
START phase=cpu-build cwd=/Users/sunao2000/gpt_new_oscar command=["limactl", "shell", "--workdir", "/home/sunao2000.linux/gpt_new_oscar", "oscar", "--", "timeout", "--signal=TERM", "--kill-after=10s", "1900", "bash", "-lc", "source /usr/local/Ascend/cann-9.1.0/set_env.sh; export TORCH_DEVICE_BACKEND_AUTOLOAD=0; cmake -S csrc/cpu -B build/cpu -DASCEND_HOME_PATH=/usr/local/Ascend/cann-9.1.0 -Dtikicpulib_DIR=/usr/local/Ascend/cann-9.1.0/tools/tikicpulib/lib/cmake && cmake --build build/cpu --parallel 4"]
-- Configuring done (0.0s)
-- Generating done (0.0s)
-- Build files have been written to: /home/sunao2000.linux/gpt_new_oscar/build/cpu
[ 23%] Built target oscar_rotation_cpu
[ 61%] Built target oscar_primitive_cpu
[ 69%] Building CXX object CMakeFiles/oscar_cv_cpu.dir/home/sunao2000.linux/gpt_new_oscar/csrc/kernels/attention_cv.cpp.o
[ 76%] Linking CXX executable oscar_cv_cpu
[100%] Built target oscar_cv_cpu
RESULT {"phase": "cpu-build", "command": ["limactl", "shell", "--workdir", "/home/sunao2000.linux/gpt_new_oscar", "oscar", "--", "timeout", "--signal=TERM", "--kill-after=10s", "1900", "bash", "-lc", "source /usr/local/Ascend/cann-9.1.0/set_env.sh; export TORCH_DEVICE_BACKEND_AUTOLOAD=0; cmake -S csrc/cpu -B build/cpu -DASCEND_HOME_PATH=/usr/local/Ascend/cann-9.1.0 -Dtikicpulib_DIR=/usr/local/Ascend/cann-9.1.0/tools/tikicpulib/lib/cmake && cmake --build build/cpu --parallel 4"], "returncode": 0, "elapsed_seconds": 3.428554, "timed_out": false, "interrupted": false, "log": "/Users/sunao2000/gpt_new_oscar/reports/vm/logs/cpu-build.log", "cleanup_complete": true}
[oscar] PASSED phase=cpu-build rc=0 log=/Users/sunao2000/gpt_new_oscar/reports/vm/logs/cpu-build.log
START phase=primitive-goldens cwd=/Users/sunao2000/gpt_new_oscar command=["limactl", "shell", "--workdir", "/home/sunao2000.linux/gpt_new_oscar", "oscar", "--", "timeout", "--signal=TERM", "--kill-after=10s", "1900", "bash", "-lc", "source /usr/local/Ascend/cann-9.1.0/set_env.sh; export TORCH_DEVICE_BACKEND_AUTOLOAD=0; .venv/bin/python -m tools.generate_cpu_cases --output artifacts/cpu_cases"]
[
  {
    "op": "store",
    "path": "artifacts/cpu_cases/store_64_0"
  },
  {
    "op": "store",
    "path": "artifacts/cpu_cases/store_64_1"
  },
  {
    "op": "merge",
    "path": "artifacts/cpu_cases/merge_64_1"
  },
  {
    "op": "merge",
    "path": "artifacts/cpu_cases/merge_64_3"
  },
  {
    "op": "merge",
    "path": "artifacts/cpu_cases/merge_64_128"
  },
  {
    "op": "store",
    "path": "artifacts/cpu_cases/store_128_0"
  },
  {
    "op": "store",
    "path": "artifacts/cpu_cases/store_128_1"
  },
  {
    "op": "merge",
    "path": "artifacts/cpu_cases/merge_128_1"
  },
  {
    "op": "merge",
    "path": "artifacts/cpu_cases/merge_128_3"
  },
  {
    "op": "merge",
    "path": "artifacts/cpu_cases/merge_128_128"
  },
  {
    "op": "store",
    "path": "artifacts/cpu_cases/store_256_0"
  },
  {
    "op": "store",
    "path": "artifacts/cpu_cases/store_256_1"
  },
  {
    "op": "merge",
    "path": "artifacts/cpu_cases/merge_256_1"
  },
  {
    "op": "merge",
    "path": "artifacts/cpu_cases/merge_256_3"
  },
  {
    "op": "merge",
    "path": "artifacts/cpu_cases/merge_256_128"
  },
  {
    "op": "guard",
    "path": "artifacts/cpu_cases/guard_zero",
    "expect_kernel_error": false
  },
  {
    "op": "guard",
    "path": "artifacts/cpu_cases/guard_error",
    "expect_kernel_error": true
  }
]
RESULT {"phase": "primitive-goldens", "command": ["limactl", "shell", "--workdir", "/home/sunao2000.linux/gpt_new_oscar", "oscar", "--", "timeout", "--signal=TERM", "--kill-after=10s", "1900", "bash", "-lc", "source /usr/local/Ascend/cann-9.1.0/set_env.sh; export TORCH_DEVICE_BACKEND_AUTOLOAD=0; .venv/bin/python -m tools.generate_cpu_cases --output artifacts/cpu_cases"], "returncode": 0, "elapsed_seconds": 0.938613, "timed_out": false, "interrupted": false, "log": "/Users/sunao2000/gpt_new_oscar/reports/vm/logs/primitive-goldens.log", "cleanup_complete": true}
[oscar] PASSED phase=primitive-goldens rc=0 log=/Users/sunao2000/gpt_new_oscar/reports/vm/logs/primitive-goldens.log
START phase=primitive-debug cwd=/Users/sunao2000/gpt_new_oscar command=["limactl", "shell", "--workdir", "/home/sunao2000.linux/gpt_new_oscar", "oscar", "--", "timeout", "--signal=TERM", "--kill-after=10s", "1900", "bash", "-lc", "source /usr/local/Ascend/cann-9.1.0/set_env.sh; export TORCH_DEVICE_BACKEND_AUTOLOAD=0; .venv/bin/python -m tools.run_cpu_debug --log-dir logs/vm-primitives"]
START phase=000-store cwd=/home/sunao2000.linux/gpt_new_oscar command=["/home/sunao2000.linux/gpt_new_oscar/build/cpu/oscar_primitive_cpu", "store", "/home/sunao2000.linux/gpt_new_oscar/artifacts/cpu_cases/store_64_0"]
[TmSim]: Run in serial mode.
[TmSim]: Run in serial mode.
[TmSim]: Run in serial mode.
[SUCCESS][CORE_0][pid 113353] exit success!
[SUCCESS][CORE_1][pid 113354] exit success!
[TmSim]: Run in serial mode.
[SUCCESS][CORE_2][pid 113355] exit success!
[SUCCESS][CORE_3][pid 113356] exit success!
{"backend":"ascendc_cpu_debug","status":"passed","op":"store"}
RESULT {"phase": "000-store", "command": ["/home/sunao2000.linux/gpt_new_oscar/build/cpu/oscar_primitive_cpu", "store", "/home/sunao2000.linux/gpt_new_oscar/artifacts/cpu_cases/store_64_0"], "returncode": 0, "elapsed_seconds": 0.204136, "timed_out": false, "interrupted": false, "log": "/home/sunao2000.linux/gpt_new_oscar/logs/vm-primitives/000-store.log", "cleanup_complete": true}
[oscar] PASSED phase=000-store rc=0 log=logs/vm-primitives/000-store.log
START phase=001-store cwd=/home/sunao2000.linux/gpt_new_oscar command=["/home/sunao2000.linux/gpt_new_oscar/build/cpu/oscar_primitive_cpu", "store", "/home/sunao2000.linux/gpt_new_oscar/artifacts/cpu_cases/store_64_1"]
[TmSim]: Run in serial mode.
[TmSim]: Run in serial mode.
[TmSim]: Run in serial mode.
[SUCCESS][CORE_0][pid 113359] exit success!
[TmSim]: Run in serial mode.
[SUCCESS][CORE_1][pid 113360] exit success!
[SUCCESS][CORE_2][pid 113361] exit success!
[SUCCESS][CORE_3][pid 113362] exit success!
{"backend":"ascendc_cpu_debug","status":"passed","op":"store"}
RESULT {"phase": "001-store", "command": ["/home/sunao2000.linux/gpt_new_oscar/build/cpu/oscar_primitive_cpu", "store", "/home/sunao2000.linux/gpt_new_oscar/artifacts/cpu_cases/store_64_1"], "returncode": 0, "elapsed_seconds": 0.20488, "timed_out": false, "interrupted": false, "log": "/home/sunao2000.linux/gpt_new_oscar/logs/vm-primitives/001-store.log", "cleanup_complete": true}
[oscar] PASSED phase=001-store rc=0 log=logs/vm-primitives/001-store.log
START phase=002-merge cwd=/home/sunao2000.linux/gpt_new_oscar command=["/home/sunao2000.linux/gpt_new_oscar/build/cpu/oscar_primitive_cpu", "merge", "/home/sunao2000.linux/gpt_new_oscar/artifacts/cpu_cases/merge_64_1"]
[TmSim]: Run in serial mode.
[TmSim]: Run in serial mode.
[TmSim]: Run in serial mode.
[TmSim]: Run in serial mode.
[SUCCESS][CORE_0][pid 113365] exit success!
[SUCCESS][CORE_1][pid 113366] exit success!
[SUCCESS][CORE_2][pid 113367] exit success!
[SUCCESS][CORE_3][pid 113368] exit success!
{"backend":"ascendc_cpu_debug","status":"passed","op":"merge"}
RESULT {"phase": "002-merge", "command": ["/home/sunao2000.linux/gpt_new_oscar/build/cpu/oscar_primitive_cpu", "merge", "/home/sunao2000.linux/gpt_new_oscar/artifacts/cpu_cases/merge_64_1"], "returncode": 0, "elapsed_seconds": 0.104389, "timed_out": false, "interrupted": false, "log": "/home/sunao2000.linux/gpt_new_oscar/logs/vm-primitives/002-merge.log", "cleanup_complete": true}
[oscar] PASSED phase=002-merge rc=0 log=logs/vm-primitives/002-merge.log
START phase=003-merge cwd=/home/sunao2000.linux/gpt_new_oscar command=["/home/sunao2000.linux/gpt_new_oscar/build/cpu/oscar_primitive_cpu", "merge", "/home/sunao2000.linux/gpt_new_oscar/artifacts/cpu_cases/merge_64_3"]
[TmSim]: Run in serial mode.
[TmSim]: Run in serial mode.
[TmSim]: Run in serial mode.
[TmSim]: Run in serial mode.
[SUCCESS][CORE_0][pid 113371] exit success!
[SUCCESS][CORE_1][pid 113372] exit success!
[SUCCESS][CORE_2][pid 113373] exit success!
[SUCCESS][CORE_3][pid 113374] exit success!
{"backend":"ascendc_cpu_debug","status":"passed","op":"merge"}
RESULT {"phase": "003-merge", "command": ["/home/sunao2000.linux/gpt_new_oscar/build/cpu/oscar_primitive_cpu", "merge", "/home/sunao2000.linux/gpt_new_oscar/artifacts/cpu_cases/merge_64_3"], "returncode": 0, "elapsed_seconds": 0.106813, "timed_out": false, "interrupted": false, "log": "/home/sunao2000.linux/gpt_new_oscar/logs/vm-primitives/003-merge.log", "cleanup_complete": true}
[oscar] PASSED phase=003-merge rc=0 log=logs/vm-primitives/003-merge.log
START phase=004-merge cwd=/home/sunao2000.linux/gpt_new_oscar command=["/home/sunao2000.linux/gpt_new_oscar/build/cpu/oscar_primitive_cpu", "merge", "/home/sunao2000.linux/gpt_new_oscar/artifacts/cpu_cases/merge_64_128"]
[TmSim]: Run in serial mode.
[TmSim]: Run in serial mode.
[TmSim]: Run in serial mode.
[TmSim]: Run in serial mode.
[SUCCESS][CORE_0][pid 113377] exit success!
[SUCCESS][CORE_1][pid 113378] exit success!
[SUCCESS][CORE_2][pid 113379] exit success!
[SUCCESS][CORE_3][pid 113380] exit success!
{"backend":"ascendc_cpu_debug","status":"passed","op":"merge"}
RESULT {"phase": "004-merge", "command": ["/home/sunao2000.linux/gpt_new_oscar/build/cpu/oscar_primitive_cpu", "merge", "/home/sunao2000.linux/gpt_new_oscar/artifacts/cpu_cases/merge_64_128"], "returncode": 0, "elapsed_seconds": 0.210698, "timed_out": false, "interrupted": false, "log": "/home/sunao2000.linux/gpt_new_oscar/logs/vm-primitives/004-merge.log", "cleanup_complete": true}
[oscar] PASSED phase=004-merge rc=0 log=logs/vm-primitives/004-merge.log
START phase=005-store cwd=/home/sunao2000.linux/gpt_new_oscar command=["/home/sunao2000.linux/gpt_new_oscar/build/cpu/oscar_primitive_cpu", "store", "/home/sunao2000.linux/gpt_new_oscar/artifacts/cpu_cases/store_128_0"]
[TmSim]: Run in serial mode.
[TmSim]: Run in serial mode.
[TmSim]: Run in serial mode.
[TmSim]: Run in serial mode.
[SUCCESS][CORE_0][pid 113383] exit success!
[SUCCESS][CORE_1][pid 113384] exit success!
[SUCCESS][CORE_2][pid 113385] exit success!
[SUCCESS][CORE_3][pid 113386] exit success!
{"backend":"ascendc_cpu_debug","status":"passed","op":"store"}
RESULT {"phase": "005-store", "command": ["/home/sunao2000.linux/gpt_new_oscar/build/cpu/oscar_primitive_cpu", "store", "/home/sunao2000.linux/gpt_new_oscar/artifacts/cpu_cases/store_128_0"], "returncode": 0, "elapsed_seconds": 0.20678, "timed_out": false, "interrupted": false, "log": "/home/sunao2000.linux/gpt_new_oscar/logs/vm-primitives/005-store.log", "cleanup_complete": true}
[oscar] PASSED phase=005-store rc=0 log=logs/vm-primitives/005-store.log
START phase=006-store cwd=/home/sunao2000.linux/gpt_new_oscar command=["/home/sunao2000.linux/gpt_new_oscar/build/cpu/oscar_primitive_cpu", "store", "/home/sunao2000.linux/gpt_new_oscar/artifacts/cpu_cases/store_128_1"]
[TmSim]: Run in serial mode.
[TmSim]: Run in serial mode.
[TmSim]: Run in serial mode.
[TmSim]: Run in serial mode.
[SUCCESS][CORE_0][pid 113389] exit success!
[SUCCESS][CORE_1][pid 113390] exit success!
[SUCCESS][CORE_2][pid 113391] exit success!
[SUCCESS][CORE_3][pid 113392] exit success!
{"backend":"ascendc_cpu_debug","status":"passed","op":"store"}
RESULT {"phase": "006-store", "command": ["/home/sunao2000.linux/gpt_new_oscar/build/cpu/oscar_primitive_cpu", "store", "/home/sunao2000.linux/gpt_new_oscar/artifacts/cpu_cases/store_128_1"], "returncode": 0, "elapsed_seconds": 0.208184, "timed_out": false, "interrupted": false, "log": "/home/sunao2000.linux/gpt_new_oscar/logs/vm-primitives/006-store.log", "cleanup_complete": true}
[oscar] PASSED phase=006-store rc=0 log=logs/vm-primitives/006-store.log
START phase=007-merge cwd=/home/sunao2000.linux/gpt_new_oscar command=["/home/sunao2000.linux/gpt_new_oscar/build/cpu/oscar_primitive_cpu", "merge", "/home/sunao2000.linux/gpt_new_oscar/artifacts/cpu_cases/merge_128_1"]
[TmSim]: Run in serial mode.
[TmSim]: Run in serial mode.
[TmSim]: Run in serial mode.
[TmSim]: Run in serial mode.
[SUCCESS][CORE_0][pid 113395] exit success!
[SUCCESS][CORE_1][pid 113396] exit success!
[SUCCESS][CORE_2][pid 113397] exit success!
[SUCCESS][CORE_3][pid 113398] exit success!
{"backend":"ascendc_cpu_debug","status":"passed","op":"merge"}
RESULT {"phase": "007-merge", "command": ["/home/sunao2000.linux/gpt_new_oscar/build/cpu/oscar_primitive_cpu", "merge", "/home/sunao2000.linux/gpt_new_oscar/artifacts/cpu_cases/merge_128_1"], "returncode": 0, "elapsed_seconds": 0.104482, "timed_out": false, "interrupted": false, "log": "/home/sunao2000.linux/gpt_new_oscar/logs/vm-primitives/007-merge.log", "cleanup_complete": true}
[oscar] PASSED phase=007-merge rc=0 log=logs/vm-primitives/007-merge.log
START phase=008-merge cwd=/home/sunao2000.linux/gpt_new_oscar command=["/home/sunao2000.linux/gpt_new_oscar/build/cpu/oscar_primitive_cpu", "merge", "/home/sunao2000.linux/gpt_new_oscar/artifacts/cpu_cases/merge_128_3"]
[TmSim]: Run in serial mode.
[TmSim]: Run in serial mode.
[TmSim]: Run in serial mode.
[TmSim]: Run in serial mode.
[SUCCESS][CORE_0][pid 113401] exit success!
[SUCCESS][CORE_1][pid 113402] exit success!
[SUCCESS][CORE_2][pid 113403] exit success!
[SUCCESS][CORE_3][pid 113404] exit success!
{"backend":"ascendc_cpu_debug","status":"passed","op":"merge"}
RESULT {"phase": "008-merge", "command": ["/home/sunao2000.linux/gpt_new_oscar/build/cpu/oscar_primitive_cpu", "merge", "/home/sunao2000.linux/gpt_new_oscar/artifacts/cpu_cases/merge_128_3"], "returncode": 0, "elapsed_seconds": 0.105424, "timed_out": false, "interrupted": false, "log": "/home/sunao2000.linux/gpt_new_oscar/logs/vm-primitives/008-merge.log", "cleanup_complete": true}
[oscar] PASSED phase=008-merge rc=0 log=logs/vm-primitives/008-merge.log
START phase=009-merge cwd=/home/sunao2000.linux/gpt_new_oscar command=["/home/sunao2000.linux/gpt_new_oscar/build/cpu/oscar_primitive_cpu", "merge", "/home/sunao2000.linux/gpt_new_oscar/artifacts/cpu_cases/merge_128_128"]
[TmSim]: Run in serial mode.
[TmSim]: Run in serial mode.
[TmSim]: Run in serial mode.
[TmSim]: Run in serial mode.
[SUCCESS][CORE_0][pid 113407] exit success!
[SUCCESS][CORE_1][pid 113408] exit success!
[SUCCESS][CORE_2][pid 113409] exit success!
[SUCCESS][CORE_3][pid 113410] exit success!
{"backend":"ascendc_cpu_debug","status":"passed","op":"merge"}
RESULT {"phase": "009-merge", "command": ["/home/sunao2000.linux/gpt_new_oscar/build/cpu/oscar_primitive_cpu", "merge", "/home/sunao2000.linux/gpt_new_oscar/artifacts/cpu_cases/merge_128_128"], "returncode": 0, "elapsed_seconds": 0.205175, "timed_out": false, "interrupted": false, "log": "/home/sunao2000.linux/gpt_new_oscar/logs/vm-primitives/009-merge.log", "cleanup_complete": true}
[oscar] PASSED phase=009-merge rc=0 log=logs/vm-primitives/009-merge.log
START phase=010-store cwd=/home/sunao2000.linux/gpt_new_oscar command=["/home/sunao2000.linux/gpt_new_oscar/build/cpu/oscar_primitive_cpu", "store", "/home/sunao2000.linux/gpt_new_oscar/artifacts/cpu_cases/store_256_0"]
[TmSim]: Run in serial mode.
[TmSim]: Run in serial mode.
[SUCCESS][CORE_0][pid 113413] exit success!
[SUCCESS][CORE_1][pid 113414] exit success!
[TmSim]: Run in serial mode.
[TmSim]: Run in serial mode.
[SUCCESS][CORE_2][pid 113415] exit success!
[SUCCESS][CORE_3][pid 113416] exit success!
{"backend":"ascendc_cpu_debug","status":"passed","op":"store"}
RESULT {"phase": "010-store", "command": ["/home/sunao2000.linux/gpt_new_oscar/build/cpu/oscar_primitive_cpu", "store", "/home/sunao2000.linux/gpt_new_oscar/artifacts/cpu_cases/store_256_0"], "returncode": 0, "elapsed_seconds": 0.210715, "timed_out": false, "interrupted": false, "log": "/home/sunao2000.linux/gpt_new_oscar/logs/vm-primitives/010-store.log", "cleanup_complete": true}
[oscar] PASSED phase=010-store rc=0 log=logs/vm-primitives/010-store.log
START phase=011-store cwd=/home/sunao2000.linux/gpt_new_oscar command=["/home/sunao2000.linux/gpt_new_oscar/build/cpu/oscar_primitive_cpu", "store", "/home/sunao2000.linux/gpt_new_oscar/artifacts/cpu_cases/store_256_1"]
[TmSim]: Run in serial mode.
[TmSim]: Run in serial mode.
[TmSim]: Run in serial mode.
[TmSim]: Run in serial mode.
[SUCCESS][CORE_0][pid 113419] exit success!
[SUCCESS][CORE_1][pid 113420] exit success!
[SUCCESS][CORE_2][pid 113421] exit success!
[SUCCESS][CORE_3][pid 113422] exit success!
{"backend":"ascendc_cpu_debug","status":"passed","op":"store"}
RESULT {"phase": "011-store", "command": ["/home/sunao2000.linux/gpt_new_oscar/build/cpu/oscar_primitive_cpu", "store", "/home/sunao2000.linux/gpt_new_oscar/artifacts/cpu_cases/store_256_1"], "returncode": 0, "elapsed_seconds": 0.209819, "timed_out": false, "interrupted": false, "log": "/home/sunao2000.linux/gpt_new_oscar/logs/vm-primitives/011-store.log", "cleanup_complete": true}
[oscar] PASSED phase=011-store rc=0 log=logs/vm-primitives/011-store.log
START phase=012-merge cwd=/home/sunao2000.linux/gpt_new_oscar command=["/home/sunao2000.linux/gpt_new_oscar/build/cpu/oscar_primitive_cpu", "merge", "/home/sunao2000.linux/gpt_new_oscar/artifacts/cpu_cases/merge_256_1"]
[TmSim]: Run in serial mode.
[TmSim]: Run in serial mode.
[TmSim]: Run in serial mode.
[TmSim]: Run in serial mode.
[SUCCESS][CORE_0][pid 113425] exit success!
[SUCCESS][CORE_1][pid 113426] exit success!
[SUCCESS][CORE_2][pid 113427] exit success!
[SUCCESS][CORE_3][pid 113428] exit success!
{"backend":"ascendc_cpu_debug","status":"passed","op":"merge"}
RESULT {"phase": "012-merge", "command": ["/home/sunao2000.linux/gpt_new_oscar/build/cpu/oscar_primitive_cpu", "merge", "/home/sunao2000.linux/gpt_new_oscar/artifacts/cpu_cases/merge_256_1"], "returncode": 0, "elapsed_seconds": 0.105473, "timed_out": false, "interrupted": false, "log": "/home/sunao2000.linux/gpt_new_oscar/logs/vm-primitives/012-merge.log", "cleanup_complete": true}
[oscar] PASSED phase=012-merge rc=0 log=logs/vm-primitives/012-merge.log
START phase=013-merge cwd=/home/sunao2000.linux/gpt_new_oscar command=["/home/sunao2000.linux/gpt_new_oscar/build/cpu/oscar_primitive_cpu", "merge", "/home/sunao2000.linux/gpt_new_oscar/artifacts/cpu_cases/merge_256_3"]
[TmSim]: Run in serial mode.
[TmSim]: Run in serial mode.
[TmSim]: Run in serial mode.
[TmSim]: Run in serial mode.
[SUCCESS][CORE_0][pid 113431] exit success!
[SUCCESS][CORE_1][pid 113432] exit success!
[SUCCESS][CORE_2][pid 113433] exit success!
[SUCCESS][CORE_3][pid 113434] exit success!
{"backend":"ascendc_cpu_debug","status":"passed","op":"merge"}
RESULT {"phase": "013-merge", "command": ["/home/sunao2000.linux/gpt_new_oscar/build/cpu/oscar_primitive_cpu", "merge", "/home/sunao2000.linux/gpt_new_oscar/artifacts/cpu_cases/merge_256_3"], "returncode": 0, "elapsed_seconds": 0.105398, "timed_out": false, "interrupted": false, "log": "/home/sunao2000.linux/gpt_new_oscar/logs/vm-primitives/013-merge.log", "cleanup_complete": true}
[oscar] PASSED phase=013-merge rc=0 log=logs/vm-primitives/013-merge.log
START phase=014-merge cwd=/home/sunao2000.linux/gpt_new_oscar command=["/home/sunao2000.linux/gpt_new_oscar/build/cpu/oscar_primitive_cpu", "merge", "/home/sunao2000.linux/gpt_new_oscar/artifacts/cpu_cases/merge_256_128"]
[TmSim]: Run in serial mode.
[TmSim]: Run in serial mode.
[TmSim]: Run in serial mode.
[TmSim]: Run in serial mode.
[SUCCESS][CORE_0][pid 113437] exit success!
[SUCCESS][CORE_1][pid 113438] exit success!
[SUCCESS][CORE_2][pid 113439] exit success!
[SUCCESS][CORE_3][pid 113440] exit success!
{"backend":"ascendc_cpu_debug","status":"passed","op":"merge"}
RESULT {"phase": "014-merge", "command": ["/home/sunao2000.linux/gpt_new_oscar/build/cpu/oscar_primitive_cpu", "merge", "/home/sunao2000.linux/gpt_new_oscar/artifacts/cpu_cases/merge_256_128"], "returncode": 0, "elapsed_seconds": 0.324572, "timed_out": false, "interrupted": false, "log": "/home/sunao2000.linux/gpt_new_oscar/logs/vm-primitives/014-merge.log", "cleanup_complete": true}
[oscar] PASSED phase=014-merge rc=0 log=logs/vm-primitives/014-merge.log
START phase=015-guard cwd=/home/sunao2000.linux/gpt_new_oscar command=["/home/sunao2000.linux/gpt_new_oscar/build/cpu/oscar_primitive_cpu", "guard", "/home/sunao2000.linux/gpt_new_oscar/artifacts/cpu_cases/guard_zero"]
[TmSim]: Run in serial mode.
[TmSim]: Run in serial mode.
[TmSim]: Run in serial mode.
[TmSim]: Run in serial mode.
[SUCCESS][CORE_0][pid 113444] exit success!
[SUCCESS][CORE_1][pid 113445] exit success!
[SUCCESS][CORE_2][pid 113446] exit success!
[SUCCESS][CORE_3][pid 113447] exit success!
{"backend":"ascendc_cpu_debug","status":"passed","op":"guard"}
RESULT {"phase": "015-guard", "command": ["/home/sunao2000.linux/gpt_new_oscar/build/cpu/oscar_primitive_cpu", "guard", "/home/sunao2000.linux/gpt_new_oscar/artifacts/cpu_cases/guard_zero"], "returncode": 0, "elapsed_seconds": 0.10587, "timed_out": false, "interrupted": false, "log": "/home/sunao2000.linux/gpt_new_oscar/logs/vm-primitives/015-guard.log", "cleanup_complete": true}
[oscar] PASSED phase=015-guard rc=0 log=logs/vm-primitives/015-guard.log
START phase=016-guard cwd=/home/sunao2000.linux/gpt_new_oscar command=["/home/sunao2000.linux/gpt_new_oscar/build/cpu/oscar_primitive_cpu", "guard", "/home/sunao2000.linux/gpt_new_oscar/artifacts/cpu_cases/guard_error"]
[TmSim]: Run in serial mode.
[TmSim]: Run in serial mode.
OSCAR_GUARD segment=3 index=1024 status=3
[TmSim]: Run in serial mode.
[SUCCESS][CORE_0][pid 113450] exit success!
[TmSim]: Run in serial mode.
[ERROR][Block_1][AIV_0][kernel_utils.cpp:1216][trap][113451] Aicore error exception, triggered by trap();
[ERROR][CORE_1][pid 113451] error happened! ========= 
SIGABRT Signal (Abort Signal from abort) catched, backtrace info:
[#0] 0x00000000000bc8af: AscendC::StackTrace() at ??:?
[#1] 0x00000000000bcc93: AscendC::BacktracePrint(int) at ??:?
[#2] 0x0000000000022143: Handler(int) at /usr/local/Ascend/cann-9.1.0/tools/cpudebug/include/kern_fwk.h:43
[#3] 0x000000000015e9b7: AscendC::trap() at ??:?
[#4] 0x00000000000603f3: AscendC::TrapImpl() at /usr/local/Ascend/cann-9.1.0/aarch64-linux/asc/impl/basic_api/dav_c220/kernel_operator_sys_var_impl.h:116
[#5] 0x000000000006040b: AscendC::Trap() at /usr/local/Ascend/cann-9.1.0/aarch64-linux/asc/impl/basic_api/kernel_operator_sys_var_intf_impl.h:123
[#6] 0x000000000005fe23: oscar_status_guard_kernel at /home/sunao2000.linux/gpt_new_oscar/csrc/kernels/status_guard.cpp:39
[#7] 0x000000000002653f: void AscendC::RunKernelFunctionOnCpu<void (*)(unsigned char*, unsigned char*, unsigned char*, unsigned char*, long, long, long, long), unsigned char*, unsigned char*, unsigned char*, unsigned char*, long, long, long, long>(void (*)(unsigned char*, unsigned char*, unsigned char*, unsigned char*, long, long, long, long), char const*, unsigned int, unsigned char*, unsigned char*, unsigned char*, unsigned char*, long, long, long, long) at /usr/local/Ascend/cann-9.1.0/tools/cpudebug/include/kern_fwk.h:142
[#8] 0x000000000001dd27: main at /home/sunao2000.linux/gpt_new_oscar/csrc/cpu/primitive_probe.cpp:73
[#9] 0x000000000001c8ef: _start at ??:?

[SUCCESS][CORE_2][pid 113452] exit success!
[SUCCESS][CORE_3][pid 113453] exit success!
{"backend":"ascendc_cpu_debug","status":"passed","op":"guard"}
RESULT {"phase": "016-guard", "command": ["/home/sunao2000.linux/gpt_new_oscar/build/cpu/oscar_primitive_cpu", "guard", "/home/sunao2000.linux/gpt_new_oscar/artifacts/cpu_cases/guard_error"], "returncode": 0, "elapsed_seconds": 0.205447, "timed_out": false, "interrupted": false, "log": "/home/sunao2000.linux/gpt_new_oscar/logs/vm-primitives/016-guard.log", "cleanup_complete": true}
[oscar] PASSED phase=016-guard rc=0 log=logs/vm-primitives/016-guard.log
{
  "backend": "official_ascendc_cpu_debug",
  "status": "passed",
  "cases": [
    {
      "op": "store",
      "path": "artifacts/cpu_cases/store_64_0",
      "status": "passed",
      "returncode": 0,
      "log": "/home/sunao2000.linux/gpt_new_oscar/logs/vm-primitives/000-store.log"
    },
    {
      "op": "store",
      "path": "artifacts/cpu_cases/store_64_1",
      "status": "passed",
      "returncode": 0,
      "log": "/home/sunao2000.linux/gpt_new_oscar/logs/vm-primitives/001-store.log"
    },
    {
      "op": "merge",
      "path": "artifacts/cpu_cases/merge_64_1",
      "status": "passed",
      "returncode": 0,
      "log": "/home/sunao2000.linux/gpt_new_oscar/logs/vm-primitives/002-merge.log"
    },
    {
      "op": "merge",
      "path": "artifacts/cpu_cases/merge_64_3",
      "status": "passed",
      "returncode": 0,
      "log": "/home/sunao2000.linux/gpt_new_oscar/logs/vm-primitives/003-merge.log"
    },
    {
      "op": "merge",
      "path": "artifacts/cpu_cases/merge_64_128",
      "status": "passed",
      "returncode": 0,
      "log": "/home/sunao2000.linux/gpt_new_oscar/logs/vm-primitives/004-merge.log"
    },
    {
      "op": "store",
      "path": "artifacts/cpu_cases/store_128_0",
      "status": "passed",
      "returncode": 0,
      "log": "/home/sunao2000.linux/gpt_new_oscar/logs/vm-primitives/005-store.log"
    },
    {
      "op": "store",
      "path": "artifacts/cpu_cases/store_128_1",
      "status": "passed",
      "returncode": 0,
      "log": "/home/sunao2000.linux/gpt_new_oscar/logs/vm-primitives/006-store.log"
    },
    {
      "op": "merge",
      "path": "artifacts/cpu_cases/merge_128_1",
      "status": "passed",
      "returncode": 0,
      "log": "/home/sunao2000.linux/gpt_new_oscar/logs/vm-primitives/007-merge.log"
    },
    {
      "op": "merge",
      "path": "artifacts/cpu_cases/merge_128_3",
      "status": "passed",
      "returncode": 0,
      "log": "/home/sunao2000.linux/gpt_new_oscar/logs/vm-primitives/008-merge.log"
    },
    {
      "op": "merge",
      "path": "artifacts/cpu_cases/merge_128_128",
      "status": "passed",
      "returncode": 0,
      "log": "/home/sunao2000.linux/gpt_new_oscar/logs/vm-primitives/009-merge.log"
    },
    {
      "op": "store",
      "path": "artifacts/cpu_cases/store_256_0",
      "status": "passed",
      "returncode": 0,
      "log": "/home/sunao2000.linux/gpt_new_oscar/logs/vm-primitives/010-store.log"
    },
    {
      "op": "store",
      "path": "artifacts/cpu_cases/store_256_1",
      "status": "passed",
      "returncode": 0,
      "log": "/home/sunao2000.linux/gpt_new_oscar/logs/vm-primitives/011-store.log"
    },
    {
      "op": "merge",
      "path": "artifacts/cpu_cases/merge_256_1",
      "status": "passed",
      "returncode": 0,
      "log": "/home/sunao2000.linux/gpt_new_oscar/logs/vm-primitives/012-merge.log"
    },
    {
      "op": "merge",
      "path": "artifacts/cpu_cases/merge_256_3",
      "status": "passed",
      "returncode": 0,
      "log": "/home/sunao2000.linux/gpt_new_oscar/logs/vm-primitives/013-merge.log"
    },
    {
      "op": "merge",
      "path": "artifacts/cpu_cases/merge_256_128",
      "status": "passed",
      "returncode": 0,
      "log": "/home/sunao2000.linux/gpt_new_oscar/logs/vm-primitives/014-merge.log"
    },
    {
      "op": "guard",
      "path": "artifacts/cpu_cases/guard_zero",
      "expect_kernel_error": false,
      "status": "passed",
      "returncode": 0,
      "log": "/home/sunao2000.linux/gpt_new_oscar/logs/vm-primitives/015-guard.log"
    },
    {
      "op": "guard",
      "path": "artifacts/cpu_cases/guard_error",
      "expect_kernel_error": true,
      "status": "passed",
      "returncode": 0,
      "log": "/home/sunao2000.linux/gpt_new_oscar/logs/vm-primitives/016-guard.log"
    }
  ],
  "npu_acceptance": "not_run"
}
RESULT {"phase": "primitive-debug", "command": ["limactl", "shell", "--workdir", "/home/sunao2000.linux/gpt_new_oscar", "oscar", "--", "timeout", "--signal=TERM", "--kill-after=10s", "1900", "bash", "-lc", "source /usr/local/Ascend/cann-9.1.0/set_env.sh; export TORCH_DEVICE_BACKEND_AUTOLOAD=0; .venv/bin/python -m tools.run_cpu_debug --log-dir logs/vm-primitives"], "returncode": 0, "elapsed_seconds": 3.113844, "timed_out": false, "interrupted": false, "log": "/Users/sunao2000/gpt_new_oscar/reports/vm/logs/primitive-debug.log", "cleanup_complete": true}
[oscar] PASSED phase=primitive-debug rc=0 log=/Users/sunao2000/gpt_new_oscar/reports/vm/logs/primitive-debug.log
START phase=rotation-goldens cwd=/Users/sunao2000/gpt_new_oscar command=["limactl", "shell", "--workdir", "/home/sunao2000.linux/gpt_new_oscar", "oscar", "--", "timeout", "--signal=TERM", "--kill-after=10s", "1900", "bash", "-lc", "source /usr/local/Ascend/cann-9.1.0/set_env.sh; export TORCH_DEVICE_BACKEND_AUTOLOAD=0; .venv/bin/python -m tools.generate_rotation_cpu_cases --output artifacts/rotation_cpu_cases"]
[
  {
    "op": "rotate",
    "path": "artifacts/rotation_cpu_cases/rotate_64_0"
  },
  {
    "op": "rotate",
    "path": "artifacts/rotation_cpu_cases/rotate_masked_64_0"
  },
  {
    "op": "rotate_store",
    "path": "artifacts/rotation_cpu_cases/rotate_store_64_0_0.00"
  },
  {
    "op": "rotate_store",
    "path": "artifacts/rotation_cpu_cases/rotate_store_64_0_0.95"
  },
  {
    "op": "rotate",
    "path": "artifacts/rotation_cpu_cases/rotate_64_1"
  },
  {
    "op": "rotate",
    "path": "artifacts/rotation_cpu_cases/rotate_masked_64_1"
  },
  {
    "op": "rotate_store",
    "path": "artifacts/rotation_cpu_cases/rotate_store_64_1_0.00"
  },
  {
    "op": "rotate_store",
    "path": "artifacts/rotation_cpu_cases/rotate_store_64_1_0.95"
  },
  {
    "op": "rotate",
    "path": "artifacts/rotation_cpu_cases/rotate_128_0"
  },
  {
    "op": "rotate",
    "path": "artifacts/rotation_cpu_cases/rotate_masked_128_0"
  },
  {
    "op": "rotate_store",
    "path": "artifacts/rotation_cpu_cases/rotate_store_128_0_0.00"
  },
  {
    "op": "rotate_store",
    "path": "artifacts/rotation_cpu_cases/rotate_store_128_0_0.95"
  },
  {
    "op": "rotate",
    "path": "artifacts/rotation_cpu_cases/rotate_128_1"
  },
  {
    "op": "rotate",
    "path": "artifacts/rotation_cpu_cases/rotate_masked_128_1"
  },
  {
    "op": "rotate_store",
    "path": "artifacts/rotation_cpu_cases/rotate_store_128_1_0.00"
  },
  {
    "op": "rotate_store",
    "path": "artifacts/rotation_cpu_cases/rotate_store_128_1_0.95"
  },
  {
    "op": "rotate",
    "path": "artifacts/rotation_cpu_cases/rotate_256_0"
  },
  {
    "op": "rotate",
    "path": "artifacts/rotation_cpu_cases/rotate_masked_256_0"
  },
  {
    "op": "rotate_store",
    "path": "artifacts/rotation_cpu_cases/rotate_store_256_0_0.00"
  },
  {
    "op": "rotate_store",
    "path": "artifacts/rotation_cpu_cases/rotate_store_256_0_0.95"
  },
  {
    "op": "rotate",
    "path": "artifacts/rotation_cpu_cases/rotate_256_1"
  },
  {
    "op": "rotate",
    "path": "artifacts/rotation_cpu_cases/rotate_masked_256_1"
  },
  {
    "op": "rotate_store",
    "path": "artifacts/rotation_cpu_cases/rotate_store_256_1_0.00"
  },
  {
    "op": "rotate_store",
    "path": "artifacts/rotation_cpu_cases/rotate_store_256_1_0.95"
  },
  {
    "op": "rotate_store",
    "path": "artifacts/rotation_cpu_cases/rotate_store_errors"
  },
  {
    "op": "rotate_store",
    "path": "artifacts/rotation_cpu_cases/rotate_store_sink_only"
  }
]
RESULT {"phase": "rotation-goldens", "command": ["limactl", "shell", "--workdir", "/home/sunao2000.linux/gpt_new_oscar", "oscar", "--", "timeout", "--signal=TERM", "--kill-after=10s", "1900", "bash", "-lc", "source /usr/local/Ascend/cann-9.1.0/set_env.sh; export TORCH_DEVICE_BACKEND_AUTOLOAD=0; .venv/bin/python -m tools.generate_rotation_cpu_cases --output artifacts/rotation_cpu_cases"], "returncode": 0, "elapsed_seconds": 1.044741, "timed_out": false, "interrupted": false, "log": "/Users/sunao2000/gpt_new_oscar/reports/vm/logs/rotation-goldens.log", "cleanup_complete": true}
[oscar] PASSED phase=rotation-goldens rc=0 log=/Users/sunao2000/gpt_new_oscar/reports/vm/logs/rotation-goldens.log
START phase=rotation-debug cwd=/Users/sunao2000/gpt_new_oscar command=["limactl", "shell", "--workdir", "/home/sunao2000.linux/gpt_new_oscar", "oscar", "--", "timeout", "--signal=TERM", "--kill-after=10s", "1900", "bash", "-lc", "source /usr/local/Ascend/cann-9.1.0/set_env.sh; export TORCH_DEVICE_BACKEND_AUTOLOAD=0; .venv/bin/python -m tools.run_cpu_debug --executable build/cpu/oscar_rotation_cpu --cases artifacts/rotation_cpu_cases/cases.json --output reports/rotation_cpu_debug.json --log-dir logs/vm-rotation"]
START phase=000-rotate cwd=/home/sunao2000.linux/gpt_new_oscar command=["/home/sunao2000.linux/gpt_new_oscar/build/cpu/oscar_rotation_cpu", "rotate", "/home/sunao2000.linux/gpt_new_oscar/artifacts/rotation_cpu_cases/rotate_64_0"]
[TmSim]: Run in serial mode.
[TmSim]: Run in serial mode.
[SUCCESS][CORE_0][pid 113579] exit success!
[TmSim]: Run in serial mode.
[TmSim]: Run in serial mode.
[SUCCESS][CORE_1][pid 113580] exit success!
[SUCCESS][CORE_2][pid 113581] exit success!
[SUCCESS][CORE_3][pid 113582] exit success!
max_abs_error=1.19209e-06
{"backend":"ascendc_cpu_debug","status":"passed","op":"rotate"}
RESULT {"phase": "000-rotate", "command": ["/home/sunao2000.linux/gpt_new_oscar/build/cpu/oscar_rotation_cpu", "rotate", "/home/sunao2000.linux/gpt_new_oscar/artifacts/rotation_cpu_cases/rotate_64_0"], "returncode": 0, "elapsed_seconds": 0.408, "timed_out": false, "interrupted": false, "log": "/home/sunao2000.linux/gpt_new_oscar/logs/vm-rotation/000-rotate.log", "cleanup_complete": true}
[oscar] PASSED phase=000-rotate rc=0 log=logs/vm-rotation/000-rotate.log
START phase=001-rotate cwd=/home/sunao2000.linux/gpt_new_oscar command=["/home/sunao2000.linux/gpt_new_oscar/build/cpu/oscar_rotation_cpu", "rotate", "/home/sunao2000.linux/gpt_new_oscar/artifacts/rotation_cpu_cases/rotate_masked_64_0"]
[TmSim]: Run in serial mode.
[TmSim]: Run in serial mode.
[TmSim]: Run in serial mode.
[TmSim]: Run in serial mode.
[SUCCESS][CORE_0][pid 113585] exit success!
[SUCCESS][CORE_1][pid 113586] exit success!
[SUCCESS][CORE_2][pid 113587] exit success!
[SUCCESS][CORE_3][pid 113588] exit success!
max_abs_error=7.15256e-07
{"backend":"ascendc_cpu_debug","status":"passed","op":"rotate"}
RESULT {"phase": "001-rotate", "command": ["/home/sunao2000.linux/gpt_new_oscar/build/cpu/oscar_rotation_cpu", "rotate", "/home/sunao2000.linux/gpt_new_oscar/artifacts/rotation_cpu_cases/rotate_masked_64_0"], "returncode": 0, "elapsed_seconds": 0.412748, "timed_out": false, "interrupted": false, "log": "/home/sunao2000.linux/gpt_new_oscar/logs/vm-rotation/001-rotate.log", "cleanup_complete": true}
[oscar] PASSED phase=001-rotate rc=0 log=logs/vm-rotation/001-rotate.log
START phase=002-rotate_store cwd=/home/sunao2000.linux/gpt_new_oscar command=["/home/sunao2000.linux/gpt_new_oscar/build/cpu/oscar_rotation_cpu", "rotate_store", "/home/sunao2000.linux/gpt_new_oscar/artifacts/rotation_cpu_cases/rotate_store_64_0_0.00"]
[TmSim]: Run in serial mode.
[TmSim]: Run in serial mode.
[TmSim]: Run in serial mode.
[TmSim]: Run in serial mode.
[SUCCESS][CORE_0][pid 113591] exit success!
[SUCCESS][CORE_1][pid 113592] exit success!
[SUCCESS][CORE_2][pid 113593] exit success!
[SUCCESS][CORE_3][pid 113594] exit success!
{"backend":"ascendc_cpu_debug","status":"passed","op":"rotate_store"}
RESULT {"phase": "002-rotate_store", "command": ["/home/sunao2000.linux/gpt_new_oscar/build/cpu/oscar_rotation_cpu", "rotate_store", "/home/sunao2000.linux/gpt_new_oscar/artifacts/rotation_cpu_cases/rotate_store_64_0_0.00"], "returncode": 0, "elapsed_seconds": 0.811278, "timed_out": false, "interrupted": false, "log": "/home/sunao2000.linux/gpt_new_oscar/logs/vm-rotation/002-rotate_store.log", "cleanup_complete": true}
[oscar] PASSED phase=002-rotate_store rc=0 log=logs/vm-rotation/002-rotate_store.log
START phase=003-rotate_store cwd=/home/sunao2000.linux/gpt_new_oscar command=["/home/sunao2000.linux/gpt_new_oscar/build/cpu/oscar_rotation_cpu", "rotate_store", "/home/sunao2000.linux/gpt_new_oscar/artifacts/rotation_cpu_cases/rotate_store_64_0_0.95"]
[TmSim]: Run in serial mode.
[TmSim]: Run in serial mode.
[TmSim]: Run in serial mode.
[TmSim]: Run in serial mode.
[SUCCESS][CORE_0][pid 113598] exit success!
[SUCCESS][CORE_1][pid 113599] exit success!
[SUCCESS][CORE_2][pid 113600] exit success!
[SUCCESS][CORE_3][pid 113601] exit success!
{"backend":"ascendc_cpu_debug","status":"passed","op":"rotate_store"}
RESULT {"phase": "003-rotate_store", "command": ["/home/sunao2000.linux/gpt_new_oscar/build/cpu/oscar_rotation_cpu", "rotate_store", "/home/sunao2000.linux/gpt_new_oscar/artifacts/rotation_cpu_cases/rotate_store_64_0_0.95"], "returncode": 0, "elapsed_seconds": 0.806798, "timed_out": false, "interrupted": false, "log": "/home/sunao2000.linux/gpt_new_oscar/logs/vm-rotation/003-rotate_store.log", "cleanup_complete": true}
[oscar] PASSED phase=003-rotate_store rc=0 log=logs/vm-rotation/003-rotate_store.log
START phase=004-rotate cwd=/home/sunao2000.linux/gpt_new_oscar command=["/home/sunao2000.linux/gpt_new_oscar/build/cpu/oscar_rotation_cpu", "rotate", "/home/sunao2000.linux/gpt_new_oscar/artifacts/rotation_cpu_cases/rotate_64_1"]
[TmSim]: Run in serial mode.
[TmSim]: Run in serial mode.
[TmSim]: Run in serial mode.
[TmSim]: Run in serial mode.
[SUCCESS][CORE_0][pid 113604] exit success!
[SUCCESS][CORE_1][pid 113605] exit success!
[SUCCESS][CORE_2][pid 113606] exit success!
[SUCCESS][CORE_3][pid 113607] exit success!
max_abs_error=0
{"backend":"ascendc_cpu_debug","status":"passed","op":"rotate"}
RESULT {"phase": "004-rotate", "command": ["/home/sunao2000.linux/gpt_new_oscar/build/cpu/oscar_rotation_cpu", "rotate", "/home/sunao2000.linux/gpt_new_oscar/artifacts/rotation_cpu_cases/rotate_64_1"], "returncode": 0, "elapsed_seconds": 0.202767, "timed_out": false, "interrupted": false, "log": "/home/sunao2000.linux/gpt_new_oscar/logs/vm-rotation/004-rotate.log", "cleanup_complete": true}
[oscar] PASSED phase=004-rotate rc=0 log=logs/vm-rotation/004-rotate.log
START phase=005-rotate cwd=/home/sunao2000.linux/gpt_new_oscar command=["/home/sunao2000.linux/gpt_new_oscar/build/cpu/oscar_rotation_cpu", "rotate", "/home/sunao2000.linux/gpt_new_oscar/artifacts/rotation_cpu_cases/rotate_masked_64_1"]
[TmSim]: Run in serial mode.
[TmSim]: Run in serial mode.
[TmSim]: Run in serial mode.
[TmSim]: Run in serial mode.
[SUCCESS][CORE_0][pid 113610] exit success!
[SUCCESS][CORE_1][pid 113611] exit success!
[SUCCESS][CORE_2][pid 113612] exit success!
[SUCCESS][CORE_3][pid 113613] exit success!
max_abs_error=0
{"backend":"ascendc_cpu_debug","status":"passed","op":"rotate"}
RESULT {"phase": "005-rotate", "command": ["/home/sunao2000.linux/gpt_new_oscar/build/cpu/oscar_rotation_cpu", "rotate", "/home/sunao2000.linux/gpt_new_oscar/artifacts/rotation_cpu_cases/rotate_masked_64_1"], "returncode": 0, "elapsed_seconds": 0.207023, "timed_out": false, "interrupted": false, "log": "/home/sunao2000.linux/gpt_new_oscar/logs/vm-rotation/005-rotate.log", "cleanup_complete": true}
[oscar] PASSED phase=005-rotate rc=0 log=logs/vm-rotation/005-rotate.log
START phase=006-rotate_store cwd=/home/sunao2000.linux/gpt_new_oscar command=["/home/sunao2000.linux/gpt_new_oscar/build/cpu/oscar_rotation_cpu", "rotate_store", "/home/sunao2000.linux/gpt_new_oscar/artifacts/rotation_cpu_cases/rotate_store_64_1_0.00"]
[TmSim]: Run in serial mode.
[TmSim]: Run in serial mode.
[SUCCESS][CORE_0][pid 113616] exit success!
[TmSim]: Run in serial mode.
[TmSim]: Run in serial mode.
[SUCCESS][CORE_1][pid 113617] exit success!
[SUCCESS][CORE_2][pid 113618] exit success!
[SUCCESS][CORE_3][pid 113619] exit success!
{"backend":"ascendc_cpu_debug","status":"passed","op":"rotate_store"}
RESULT {"phase": "006-rotate_store", "command": ["/home/sunao2000.linux/gpt_new_oscar/build/cpu/oscar_rotation_cpu", "rotate_store", "/home/sunao2000.linux/gpt_new_oscar/artifacts/rotation_cpu_cases/rotate_store_64_1_0.00"], "returncode": 0, "elapsed_seconds": 0.307072, "timed_out": false, "interrupted": false, "log": "/home/sunao2000.linux/gpt_new_oscar/logs/vm-rotation/006-rotate_store.log", "cleanup_complete": true}
[oscar] PASSED phase=006-rotate_store rc=0 log=logs/vm-rotation/006-rotate_store.log
START phase=007-rotate_store cwd=/home/sunao2000.linux/gpt_new_oscar command=["/home/sunao2000.linux/gpt_new_oscar/build/cpu/oscar_rotation_cpu", "rotate_store", "/home/sunao2000.linux/gpt_new_oscar/artifacts/rotation_cpu_cases/rotate_store_64_1_0.95"]
[TmSim]: Run in serial mode.
[TmSim]: Run in serial mode.
[SUCCESS][CORE_0][pid 113622] exit success!
[TmSim]: Run in serial mode.
[TmSim]: Run in serial mode.
[SUCCESS][CORE_1][pid 113623] exit success!
[SUCCESS][CORE_2][pid 113624] exit success!
[SUCCESS][CORE_3][pid 113625] exit success!
{"backend":"ascendc_cpu_debug","status":"passed","op":"rotate_store"}
RESULT {"phase": "007-rotate_store", "command": ["/home/sunao2000.linux/gpt_new_oscar/build/cpu/oscar_rotation_cpu", "rotate_store", "/home/sunao2000.linux/gpt_new_oscar/artifacts/rotation_cpu_cases/rotate_store_64_1_0.95"], "returncode": 0, "elapsed_seconds": 0.313247, "timed_out": false, "interrupted": false, "log": "/home/sunao2000.linux/gpt_new_oscar/logs/vm-rotation/007-rotate_store.log", "cleanup_complete": true}
[oscar] PASSED phase=007-rotate_store rc=0 log=logs/vm-rotation/007-rotate_store.log
START phase=008-rotate cwd=/home/sunao2000.linux/gpt_new_oscar command=["/home/sunao2000.linux/gpt_new_oscar/build/cpu/oscar_rotation_cpu", "rotate", "/home/sunao2000.linux/gpt_new_oscar/artifacts/rotation_cpu_cases/rotate_128_0"]
[TmSim]: Run in serial mode.
[TmSim]: Run in serial mode.
[TmSim]: Run in serial mode.
[TmSim]: Run in serial mode.
[SUCCESS][CORE_0][pid 113628] exit success!
[SUCCESS][CORE_1][pid 113629] exit success!
[SUCCESS][CORE_2][pid 113630] exit success!
[SUCCESS][CORE_3][pid 113631] exit success!
max_abs_error=1.19209e-06
{"backend":"ascendc_cpu_debug","status":"passed","op":"rotate"}
RESULT {"phase": "008-rotate", "command": ["/home/sunao2000.linux/gpt_new_oscar/build/cpu/oscar_rotation_cpu", "rotate", "/home/sunao2000.linux/gpt_new_oscar/artifacts/rotation_cpu_cases/rotate_128_0"], "returncode": 0, "elapsed_seconds": 1.136326, "timed_out": false, "interrupted": false, "log": "/home/sunao2000.linux/gpt_new_oscar/logs/vm-rotation/008-rotate.log", "cleanup_complete": true}
[oscar] PASSED phase=008-rotate rc=0 log=logs/vm-rotation/008-rotate.log
START phase=009-rotate cwd=/home/sunao2000.linux/gpt_new_oscar command=["/home/sunao2000.linux/gpt_new_oscar/build/cpu/oscar_rotation_cpu", "rotate", "/home/sunao2000.linux/gpt_new_oscar/artifacts/rotation_cpu_cases/rotate_masked_128_0"]
[TmSim]: Run in serial mode.
[TmSim]: Run in serial mode.
[TmSim]: Run in serial mode.
[TmSim]: Run in serial mode.
[SUCCESS][CORE_0][pid 113635] exit success!
[SUCCESS][CORE_1][pid 113636] exit success!
[SUCCESS][CORE_2][pid 113637] exit success!
[SUCCESS][CORE_3][pid 113638] exit success!
max_abs_error=1.19209e-06
{"backend":"ascendc_cpu_debug","status":"passed","op":"rotate"}
RESULT {"phase": "009-rotate", "command": ["/home/sunao2000.linux/gpt_new_oscar/build/cpu/oscar_rotation_cpu", "rotate", "/home/sunao2000.linux/gpt_new_oscar/artifacts/rotation_cpu_cases/rotate_masked_128_0"], "returncode": 0, "elapsed_seconds": 1.140979, "timed_out": false, "interrupted": false, "log": "/home/sunao2000.linux/gpt_new_oscar/logs/vm-rotation/009-rotate.log", "cleanup_complete": true}
[oscar] PASSED phase=009-rotate rc=0 log=logs/vm-rotation/009-rotate.log
START phase=010-rotate_store cwd=/home/sunao2000.linux/gpt_new_oscar command=["/home/sunao2000.linux/gpt_new_oscar/build/cpu/oscar_rotation_cpu", "rotate_store", "/home/sunao2000.linux/gpt_new_oscar/artifacts/rotation_cpu_cases/rotate_store_128_0_0.00"]
[TmSim]: Run in serial mode.
[TmSim]: Run in serial mode.
[TmSim]: Run in serial mode.
[SUCCESS][CORE_0][pid 113641] exit success!
[SUCCESS][CORE_1][pid 113642] exit success!
[TmSim]: Run in serial mode.
[SUCCESS][CORE_2][pid 113643] exit success!
[SUCCESS][CORE_3][pid 113644] exit success!
{"backend":"ascendc_cpu_debug","status":"passed","op":"rotate_store"}
RESULT {"phase": "010-rotate_store", "command": ["/home/sunao2000.linux/gpt_new_oscar/build/cpu/oscar_rotation_cpu", "rotate_store", "/home/sunao2000.linux/gpt_new_oscar/artifacts/rotation_cpu_cases/rotate_store_128_0_0.00"], "returncode": 0, "elapsed_seconds": 2.378218, "timed_out": false, "interrupted": false, "log": "/home/sunao2000.linux/gpt_new_oscar/logs/vm-rotation/010-rotate_store.log", "cleanup_complete": true}
[oscar] PASSED phase=010-rotate_store rc=0 log=logs/vm-rotation/010-rotate_store.log
START phase=011-rotate_store cwd=/home/sunao2000.linux/gpt_new_oscar command=["/home/sunao2000.linux/gpt_new_oscar/build/cpu/oscar_rotation_cpu", "rotate_store", "/home/sunao2000.linux/gpt_new_oscar/artifacts/rotation_cpu_cases/rotate_store_128_0_0.95"]
[TmSim]: Run in serial mode.
[TmSim]: Run in serial mode.
[TmSim]: Run in serial mode.
[SUCCESS][CORE_0][pid 113648] exit success!
[SUCCESS][CORE_1][pid 113649] exit success!
[TmSim]: Run in serial mode.
[SUCCESS][CORE_2][pid 113650] exit success!
[SUCCESS][CORE_3][pid 113651] exit success!
{"backend":"ascendc_cpu_debug","status":"passed","op":"rotate_store"}
RESULT {"phase": "011-rotate_store", "command": ["/home/sunao2000.linux/gpt_new_oscar/build/cpu/oscar_rotation_cpu", "rotate_store", "/home/sunao2000.linux/gpt_new_oscar/artifacts/rotation_cpu_cases/rotate_store_128_0_0.95"], "returncode": 0, "elapsed_seconds": 2.546728, "timed_out": false, "interrupted": false, "log": "/home/sunao2000.linux/gpt_new_oscar/logs/vm-rotation/011-rotate_store.log", "cleanup_complete": true}
[oscar] PASSED phase=011-rotate_store rc=0 log=logs/vm-rotation/011-rotate_store.log
START phase=012-rotate cwd=/home/sunao2000.linux/gpt_new_oscar command=["/home/sunao2000.linux/gpt_new_oscar/build/cpu/oscar_rotation_cpu", "rotate", "/home/sunao2000.linux/gpt_new_oscar/artifacts/rotation_cpu_cases/rotate_128_1"]
[TmSim]: Run in serial mode.
[TmSim]: Run in serial mode.
[TmSim]: Run in serial mode.
[TmSim]: Run in serial mode.
[SUCCESS][CORE_0][pid 113655] exit success!
[SUCCESS][CORE_1][pid 113656] exit success!
[SUCCESS][CORE_2][pid 113657] exit success!
[SUCCESS][CORE_3][pid 113658] exit success!
max_abs_error=1.43051e-06
{"backend":"ascendc_cpu_debug","status":"passed","op":"rotate"}
RESULT {"phase": "012-rotate", "command": ["/home/sunao2000.linux/gpt_new_oscar/build/cpu/oscar_rotation_cpu", "rotate", "/home/sunao2000.linux/gpt_new_oscar/artifacts/rotation_cpu_cases/rotate_128_1"], "returncode": 0, "elapsed_seconds": 0.305737, "timed_out": false, "interrupted": false, "log": "/home/sunao2000.linux/gpt_new_oscar/logs/vm-rotation/012-rotate.log", "cleanup_complete": true}
[oscar] PASSED phase=012-rotate rc=0 log=logs/vm-rotation/012-rotate.log
START phase=013-rotate cwd=/home/sunao2000.linux/gpt_new_oscar command=["/home/sunao2000.linux/gpt_new_oscar/build/cpu/oscar_rotation_cpu", "rotate", "/home/sunao2000.linux/gpt_new_oscar/artifacts/rotation_cpu_cases/rotate_masked_128_1"]
[TmSim]: Run in serial mode.
[TmSim]: Run in serial mode.
[TmSim]: Run in serial mode.
[SUCCESS][CORE_0][pid 113661] exit success!
[SUCCESS][CORE_1][pid 113662] exit success!
[TmSim]: Run in serial mode.
[SUCCESS][CORE_2][pid 113663] exit success!
[SUCCESS][CORE_3][pid 113664] exit success!
max_abs_error=9.53674e-07
{"backend":"ascendc_cpu_debug","status":"passed","op":"rotate"}
RESULT {"phase": "013-rotate", "command": ["/home/sunao2000.linux/gpt_new_oscar/build/cpu/oscar_rotation_cpu", "rotate", "/home/sunao2000.linux/gpt_new_oscar/artifacts/rotation_cpu_cases/rotate_masked_128_1"], "returncode": 0, "elapsed_seconds": 0.307536, "timed_out": false, "interrupted": false, "log": "/home/sunao2000.linux/gpt_new_oscar/logs/vm-rotation/013-rotate.log", "cleanup_complete": true}
[oscar] PASSED phase=013-rotate rc=0 log=logs/vm-rotation/013-rotate.log
START phase=014-rotate_store cwd=/home/sunao2000.linux/gpt_new_oscar command=["/home/sunao2000.linux/gpt_new_oscar/build/cpu/oscar_rotation_cpu", "rotate_store", "/home/sunao2000.linux/gpt_new_oscar/artifacts/rotation_cpu_cases/rotate_store_128_1_0.00"]
[TmSim]: Run in serial mode.
[TmSim]: Run in serial mode.
[SUCCESS][CORE_0][pid 113667] exit success!
[TmSim]: Run in serial mode.
[TmSim]: Run in serial mode.
[SUCCESS][CORE_1][pid 113668] exit success!
[SUCCESS][CORE_2][pid 113669] exit success!
[SUCCESS][CORE_3][pid 113670] exit success!
{"backend":"ascendc_cpu_debug","status":"passed","op":"rotate_store"}
RESULT {"phase": "014-rotate_store", "command": ["/home/sunao2000.linux/gpt_new_oscar/build/cpu/oscar_rotation_cpu", "rotate_store", "/home/sunao2000.linux/gpt_new_oscar/artifacts/rotation_cpu_cases/rotate_store_128_1_0.00"], "returncode": 0, "elapsed_seconds": 0.508661, "timed_out": false, "interrupted": false, "log": "/home/sunao2000.linux/gpt_new_oscar/logs/vm-rotation/014-rotate_store.log", "cleanup_complete": true}
[oscar] PASSED phase=014-rotate_store rc=0 log=logs/vm-rotation/014-rotate_store.log
START phase=015-rotate_store cwd=/home/sunao2000.linux/gpt_new_oscar command=["/home/sunao2000.linux/gpt_new_oscar/build/cpu/oscar_rotation_cpu", "rotate_store", "/home/sunao2000.linux/gpt_new_oscar/artifacts/rotation_cpu_cases/rotate_store_128_1_0.95"]
[TmSim]: Run in serial mode.
[TmSim]: Run in serial mode.
[SUCCESS][CORE_0][pid 113673] exit success!
[TmSim]: Run in serial mode.
[TmSim]: Run in serial mode.
[SUCCESS][CORE_1][pid 113674] exit success!
[SUCCESS][CORE_2][pid 113675] exit success!
[SUCCESS][CORE_3][pid 113676] exit success!
{"backend":"ascendc_cpu_debug","status":"passed","op":"rotate_store"}
RESULT {"phase": "015-rotate_store", "command": ["/home/sunao2000.linux/gpt_new_oscar/build/cpu/oscar_rotation_cpu", "rotate_store", "/home/sunao2000.linux/gpt_new_oscar/artifacts/rotation_cpu_cases/rotate_store_128_1_0.95"], "returncode": 0, "elapsed_seconds": 0.612774, "timed_out": false, "interrupted": false, "log": "/home/sunao2000.linux/gpt_new_oscar/logs/vm-rotation/015-rotate_store.log", "cleanup_complete": true}
[oscar] PASSED phase=015-rotate_store rc=0 log=logs/vm-rotation/015-rotate_store.log
START phase=016-rotate cwd=/home/sunao2000.linux/gpt_new_oscar command=["/home/sunao2000.linux/gpt_new_oscar/build/cpu/oscar_rotation_cpu", "rotate", "/home/sunao2000.linux/gpt_new_oscar/artifacts/rotation_cpu_cases/rotate_256_0"]
[TmSim]: Run in serial mode.
[TmSim]: Run in serial mode.
[SUCCESS][CORE_0][pid 113679] exit success!
[TmSim]: Run in serial mode.
[TmSim]: Run in serial mode.
[SUCCESS][CORE_1][pid 113680] exit success!
[SUCCESS][CORE_2][pid 113681] exit success!
[SUCCESS][CORE_3][pid 113682] exit success!
max_abs_error=1.90735e-06
{"backend":"ascendc_cpu_debug","status":"passed","op":"rotate"}
RESULT {"phase": "016-rotate", "command": ["/home/sunao2000.linux/gpt_new_oscar/build/cpu/oscar_rotation_cpu", "rotate", "/home/sunao2000.linux/gpt_new_oscar/artifacts/rotation_cpu_cases/rotate_256_0"], "returncode": 0, "elapsed_seconds": 2.439896, "timed_out": false, "interrupted": false, "log": "/home/sunao2000.linux/gpt_new_oscar/logs/vm-rotation/016-rotate.log", "cleanup_complete": true}
[oscar] PASSED phase=016-rotate rc=0 log=logs/vm-rotation/016-rotate.log
START phase=017-rotate cwd=/home/sunao2000.linux/gpt_new_oscar command=["/home/sunao2000.linux/gpt_new_oscar/build/cpu/oscar_rotation_cpu", "rotate", "/home/sunao2000.linux/gpt_new_oscar/artifacts/rotation_cpu_cases/rotate_masked_256_0"]
[TmSim]: Run in serial mode.
[TmSim]: Run in serial mode.
[oscar] phase=rotation-debug running seconds=15.1 log=/Users/sunao2000/gpt_new_oscar/reports/vm/logs/rotation-debug.log
[TmSim]: Run in serial mode.
[TmSim]: Run in serial mode.
[SUCCESS][CORE_0][pid 113686] exit success!
[SUCCESS][CORE_1][pid 113687] exit success!
[SUCCESS][CORE_2][pid 113688] exit success!
[SUCCESS][CORE_3][pid 113689] exit success!
max_abs_error=1.90735e-06
{"backend":"ascendc_cpu_debug","status":"passed","op":"rotate"}
RESULT {"phase": "017-rotate", "command": ["/home/sunao2000.linux/gpt_new_oscar/build/cpu/oscar_rotation_cpu", "rotate", "/home/sunao2000.linux/gpt_new_oscar/artifacts/rotation_cpu_cases/rotate_masked_256_0"], "returncode": 0, "elapsed_seconds": 2.432844, "timed_out": false, "interrupted": false, "log": "/home/sunao2000.linux/gpt_new_oscar/logs/vm-rotation/017-rotate.log", "cleanup_complete": true}
[oscar] PASSED phase=017-rotate rc=0 log=logs/vm-rotation/017-rotate.log
START phase=018-rotate_store cwd=/home/sunao2000.linux/gpt_new_oscar command=["/home/sunao2000.linux/gpt_new_oscar/build/cpu/oscar_rotation_cpu", "rotate_store", "/home/sunao2000.linux/gpt_new_oscar/artifacts/rotation_cpu_cases/rotate_store_256_0_0.00"]
[TmSim]: Run in serial mode.
[TmSim]: Run in serial mode.
[TmSim]: Run in serial mode.
[TmSim]: Run in serial mode.
[SUCCESS][CORE_0][pid 113693] exit success!
[SUCCESS][CORE_1][pid 113694] exit success!
[SUCCESS][CORE_2][pid 113695] exit success!
[SUCCESS][CORE_3][pid 113696] exit success!
{"backend":"ascendc_cpu_debug","status":"passed","op":"rotate_store"}
RESULT {"phase": "018-rotate_store", "command": ["/home/sunao2000.linux/gpt_new_oscar/build/cpu/oscar_rotation_cpu", "rotate_store", "/home/sunao2000.linux/gpt_new_oscar/artifacts/rotation_cpu_cases/rotate_store_256_0_0.00"], "returncode": 0, "elapsed_seconds": 4.957438, "timed_out": false, "interrupted": false, "log": "/home/sunao2000.linux/gpt_new_oscar/logs/vm-rotation/018-rotate_store.log", "cleanup_complete": true}
[oscar] PASSED phase=018-rotate_store rc=0 log=logs/vm-rotation/018-rotate_store.log
START phase=019-rotate_store cwd=/home/sunao2000.linux/gpt_new_oscar command=["/home/sunao2000.linux/gpt_new_oscar/build/cpu/oscar_rotation_cpu", "rotate_store", "/home/sunao2000.linux/gpt_new_oscar/artifacts/rotation_cpu_cases/rotate_store_256_0_0.95"]
[TmSim]: Run in serial mode.
[TmSim]: Run in serial mode.
[TmSim]: Run in serial mode.
[TmSim]: Run in serial mode.
[SUCCESS][CORE_0][pid 113700] exit success!
[SUCCESS][CORE_1][pid 113701] exit success!
[SUCCESS][CORE_2][pid 113702] exit success!
[SUCCESS][CORE_3][pid 113703] exit success!
{"backend":"ascendc_cpu_debug","status":"passed","op":"rotate_store"}
RESULT {"phase": "019-rotate_store", "command": ["/home/sunao2000.linux/gpt_new_oscar/build/cpu/oscar_rotation_cpu", "rotate_store", "/home/sunao2000.linux/gpt_new_oscar/artifacts/rotation_cpu_cases/rotate_store_256_0_0.95"], "returncode": 0, "elapsed_seconds": 5.091549, "timed_out": false, "interrupted": false, "log": "/home/sunao2000.linux/gpt_new_oscar/logs/vm-rotation/019-rotate_store.log", "cleanup_complete": true}
[oscar] PASSED phase=019-rotate_store rc=0 log=logs/vm-rotation/019-rotate_store.log
START phase=020-rotate cwd=/home/sunao2000.linux/gpt_new_oscar command=["/home/sunao2000.linux/gpt_new_oscar/build/cpu/oscar_rotation_cpu", "rotate", "/home/sunao2000.linux/gpt_new_oscar/artifacts/rotation_cpu_cases/rotate_256_1"]
[TmSim]: Run in serial mode.
[TmSim]: Run in serial mode.
[TmSim]: Run in serial mode.
[TmSim]: Run in serial mode.
[SUCCESS][CORE_0][pid 113708] exit success!
[SUCCESS][CORE_1][pid 113709] exit success!
[SUCCESS][CORE_2][pid 113710] exit success!
[SUCCESS][CORE_3][pid 113711] exit success!
max_abs_error=1.19209e-07
{"backend":"ascendc_cpu_debug","status":"passed","op":"rotate"}
RESULT {"phase": "020-rotate", "command": ["/home/sunao2000.linux/gpt_new_oscar/build/cpu/oscar_rotation_cpu", "rotate", "/home/sunao2000.linux/gpt_new_oscar/artifacts/rotation_cpu_cases/rotate_256_1"], "returncode": 0, "elapsed_seconds": 0.629888, "timed_out": false, "interrupted": false, "log": "/home/sunao2000.linux/gpt_new_oscar/logs/vm-rotation/020-rotate.log", "cleanup_complete": true}
[oscar] PASSED phase=020-rotate rc=0 log=logs/vm-rotation/020-rotate.log
START phase=021-rotate cwd=/home/sunao2000.linux/gpt_new_oscar command=["/home/sunao2000.linux/gpt_new_oscar/build/cpu/oscar_rotation_cpu", "rotate", "/home/sunao2000.linux/gpt_new_oscar/artifacts/rotation_cpu_cases/rotate_masked_256_1"]
[TmSim]: Run in serial mode.
[TmSim]: Run in serial mode.
[TmSim]: Run in serial mode.
[TmSim]: Run in serial mode.
[SUCCESS][CORE_0][pid 113714] exit success!
[SUCCESS][CORE_1][pid 113715] exit success!
[SUCCESS][CORE_2][pid 113716] exit success!
[SUCCESS][CORE_3][pid 113717] exit success!
max_abs_error=1.19209e-07
{"backend":"ascendc_cpu_debug","status":"passed","op":"rotate"}
RESULT {"phase": "021-rotate", "command": ["/home/sunao2000.linux/gpt_new_oscar/build/cpu/oscar_rotation_cpu", "rotate", "/home/sunao2000.linux/gpt_new_oscar/artifacts/rotation_cpu_cases/rotate_masked_256_1"], "returncode": 0, "elapsed_seconds": 0.61064, "timed_out": false, "interrupted": false, "log": "/home/sunao2000.linux/gpt_new_oscar/logs/vm-rotation/021-rotate.log", "cleanup_complete": true}
[oscar] PASSED phase=021-rotate rc=0 log=logs/vm-rotation/021-rotate.log
START phase=022-rotate_store cwd=/home/sunao2000.linux/gpt_new_oscar command=["/home/sunao2000.linux/gpt_new_oscar/build/cpu/oscar_rotation_cpu", "rotate_store", "/home/sunao2000.linux/gpt_new_oscar/artifacts/rotation_cpu_cases/rotate_store_256_1_0.00"]
[TmSim]: Run in serial mode.
[TmSim]: Run in serial mode.
[SUCCESS][CORE_0][pid 113721] exit success!
[TmSim]: Run in serial mode.
[TmSim]: Run in serial mode.
[SUCCESS][CORE_1][pid 113722] exit success!
[SUCCESS][CORE_2][pid 113723] exit success!
[SUCCESS][CORE_3][pid 113724] exit success!
{"backend":"ascendc_cpu_debug","status":"passed","op":"rotate_store"}
RESULT {"phase": "022-rotate_store", "command": ["/home/sunao2000.linux/gpt_new_oscar/build/cpu/oscar_rotation_cpu", "rotate_store", "/home/sunao2000.linux/gpt_new_oscar/artifacts/rotation_cpu_cases/rotate_store_256_1_0.00"], "returncode": 0, "elapsed_seconds": 0.915537, "timed_out": false, "interrupted": false, "log": "/home/sunao2000.linux/gpt_new_oscar/logs/vm-rotation/022-rotate_store.log", "cleanup_complete": true}
[oscar] PASSED phase=022-rotate_store rc=0 log=logs/vm-rotation/022-rotate_store.log
START phase=023-rotate_store cwd=/home/sunao2000.linux/gpt_new_oscar command=["/home/sunao2000.linux/gpt_new_oscar/build/cpu/oscar_rotation_cpu", "rotate_store", "/home/sunao2000.linux/gpt_new_oscar/artifacts/rotation_cpu_cases/rotate_store_256_1_0.95"]
[TmSim]: Run in serial mode.
[oscar] phase=rotation-debug running seconds=30.1 log=/Users/sunao2000/gpt_new_oscar/reports/vm/logs/rotation-debug.log
[TmSim]: Run in serial mode.
[TmSim]: Run in serial mode.
[TmSim]: Run in serial mode.
[SUCCESS][CORE_0][pid 113727] exit success!
[SUCCESS][CORE_1][pid 113728] exit success!
[SUCCESS][CORE_2][pid 113729] exit success!
[SUCCESS][CORE_3][pid 113730] exit success!
{"backend":"ascendc_cpu_debug","status":"passed","op":"rotate_store"}
RESULT {"phase": "023-rotate_store", "command": ["/home/sunao2000.linux/gpt_new_oscar/build/cpu/oscar_rotation_cpu", "rotate_store", "/home/sunao2000.linux/gpt_new_oscar/artifacts/rotation_cpu_cases/rotate_store_256_1_0.95"], "returncode": 0, "elapsed_seconds": 1.012903, "timed_out": false, "interrupted": false, "log": "/home/sunao2000.linux/gpt_new_oscar/logs/vm-rotation/023-rotate_store.log", "cleanup_complete": true}
[oscar] PASSED phase=023-rotate_store rc=0 log=logs/vm-rotation/023-rotate_store.log
START phase=024-rotate_store cwd=/home/sunao2000.linux/gpt_new_oscar command=["/home/sunao2000.linux/gpt_new_oscar/build/cpu/oscar_rotation_cpu", "rotate_store", "/home/sunao2000.linux/gpt_new_oscar/artifacts/rotation_cpu_cases/rotate_store_errors"]
[TmSim]: Run in serial mode.
[TmSim]: Run in serial mode.
[TmSim]: Run in serial mode.
[TmSim]: Run in serial mode.
[SUCCESS][CORE_0][pid 113733] exit success!
[SUCCESS][CORE_1][pid 113734] exit success!
[SUCCESS][CORE_2][pid 113735] exit success!
[SUCCESS][CORE_3][pid 113736] exit success!
{"backend":"ascendc_cpu_debug","status":"passed","op":"rotate_store"}
RESULT {"phase": "024-rotate_store", "command": ["/home/sunao2000.linux/gpt_new_oscar/build/cpu/oscar_rotation_cpu", "rotate_store", "/home/sunao2000.linux/gpt_new_oscar/artifacts/rotation_cpu_cases/rotate_store_errors"], "returncode": 0, "elapsed_seconds": 0.828426, "timed_out": false, "interrupted": false, "log": "/home/sunao2000.linux/gpt_new_oscar/logs/vm-rotation/024-rotate_store.log", "cleanup_complete": true}
[oscar] PASSED phase=024-rotate_store rc=0 log=logs/vm-rotation/024-rotate_store.log
START phase=025-rotate_store cwd=/home/sunao2000.linux/gpt_new_oscar command=["/home/sunao2000.linux/gpt_new_oscar/build/cpu/oscar_rotation_cpu", "rotate_store", "/home/sunao2000.linux/gpt_new_oscar/artifacts/rotation_cpu_cases/rotate_store_sink_only"]
[TmSim]: Run in serial mode.
[TmSim]: Run in serial mode.
[TmSim]: Run in serial mode.
[TmSim]: Run in serial mode.
[SUCCESS][CORE_0][pid 113739] exit success!
[SUCCESS][CORE_1][pid 113740] exit success!
[SUCCESS][CORE_2][pid 113741] exit success!
[SUCCESS][CORE_3][pid 113742] exit success!
{"backend":"ascendc_cpu_debug","status":"passed","op":"rotate_store"}
RESULT {"phase": "025-rotate_store", "command": ["/home/sunao2000.linux/gpt_new_oscar/build/cpu/oscar_rotation_cpu", "rotate_store", "/home/sunao2000.linux/gpt_new_oscar/artifacts/rotation_cpu_cases/rotate_store_sink_only"], "returncode": 0, "elapsed_seconds": 0.518736, "timed_out": false, "interrupted": false, "log": "/home/sunao2000.linux/gpt_new_oscar/logs/vm-rotation/025-rotate_store.log", "cleanup_complete": true}
[oscar] PASSED phase=025-rotate_store rc=0 log=logs/vm-rotation/025-rotate_store.log
{
  "backend": "official_ascendc_cpu_debug",
  "status": "passed",
  "cases": [
    {
      "op": "rotate",
      "path": "artifacts/rotation_cpu_cases/rotate_64_0",
      "status": "passed",
      "returncode": 0,
      "log": "/home/sunao2000.linux/gpt_new_oscar/logs/vm-rotation/000-rotate.log"
    },
    {
      "op": "rotate",
      "path": "artifacts/rotation_cpu_cases/rotate_masked_64_0",
      "status": "passed",
      "returncode": 0,
      "log": "/home/sunao2000.linux/gpt_new_oscar/logs/vm-rotation/001-rotate.log"
    },
    {
      "op": "rotate_store",
      "path": "artifacts/rotation_cpu_cases/rotate_store_64_0_0.00",
      "status": "passed",
      "returncode": 0,
      "log": "/home/sunao2000.linux/gpt_new_oscar/logs/vm-rotation/002-rotate_store.log"
    },
    {
      "op": "rotate_store",
      "path": "artifacts/rotation_cpu_cases/rotate_store_64_0_0.95",
      "status": "passed",
      "returncode": 0,
      "log": "/home/sunao2000.linux/gpt_new_oscar/logs/vm-rotation/003-rotate_store.log"
    },
    {
      "op": "rotate",
      "path": "artifacts/rotation_cpu_cases/rotate_64_1",
      "status": "passed",
      "returncode": 0,
      "log": "/home/sunao2000.linux/gpt_new_oscar/logs/vm-rotation/004-rotate.log"
    },
    {
      "op": "rotate",
      "path": "artifacts/rotation_cpu_cases/rotate_masked_64_1",
      "status": "passed",
      "returncode": 0,
      "log": "/home/sunao2000.linux/gpt_new_oscar/logs/vm-rotation/005-rotate.log"
    },
    {
      "op": "rotate_store",
      "path": "artifacts/rotation_cpu_cases/rotate_store_64_1_0.00",
      "status": "passed",
      "returncode": 0,
      "log": "/home/sunao2000.linux/gpt_new_oscar/logs/vm-rotation/006-rotate_store.log"
    },
    {
      "op": "rotate_store",
      "path": "artifacts/rotation_cpu_cases/rotate_store_64_1_0.95",
      "status": "passed",
      "returncode": 0,
      "log": "/home/sunao2000.linux/gpt_new_oscar/logs/vm-rotation/007-rotate_store.log"
    },
    {
      "op": "rotate",
      "path": "artifacts/rotation_cpu_cases/rotate_128_0",
      "status": "passed",
      "returncode": 0,
      "log": "/home/sunao2000.linux/gpt_new_oscar/logs/vm-rotation/008-rotate.log"
    },
    {
      "op": "rotate",
      "path": "artifacts/rotation_cpu_cases/rotate_masked_128_0",
      "status": "passed",
      "returncode": 0,
      "log": "/home/sunao2000.linux/gpt_new_oscar/logs/vm-rotation/009-rotate.log"
    },
    {
      "op": "rotate_store",
      "path": "artifacts/rotation_cpu_cases/rotate_store_128_0_0.00",
      "status": "passed",
      "returncode": 0,
      "log": "/home/sunao2000.linux/gpt_new_oscar/logs/vm-rotation/010-rotate_store.log"
    },
    {
      "op": "rotate_store",
      "path": "artifacts/rotation_cpu_cases/rotate_store_128_0_0.95",
      "status": "passed",
      "returncode": 0,
      "log": "/home/sunao2000.linux/gpt_new_oscar/logs/vm-rotation/011-rotate_store.log"
    },
    {
      "op": "rotate",
      "path": "artifacts/rotation_cpu_cases/rotate_128_1",
      "status": "passed",
      "returncode": 0,
      "log": "/home/sunao2000.linux/gpt_new_oscar/logs/vm-rotation/012-rotate.log"
    },
    {
      "op": "rotate",
      "path": "artifacts/rotation_cpu_cases/rotate_masked_128_1",
      "status": "passed",
      "returncode": 0,
      "log": "/home/sunao2000.linux/gpt_new_oscar/logs/vm-rotation/013-rotate.log"
    },
    {
      "op": "rotate_store",
      "path": "artifacts/rotation_cpu_cases/rotate_store_128_1_0.00",
      "status": "passed",
      "returncode": 0,
      "log": "/home/sunao2000.linux/gpt_new_oscar/logs/vm-rotation/014-rotate_store.log"
    },
    {
      "op": "rotate_store",
      "path": "artifacts/rotation_cpu_cases/rotate_store_128_1_0.95",
      "status": "passed",
      "returncode": 0,
      "log": "/home/sunao2000.linux/gpt_new_oscar/logs/vm-rotation/015-rotate_store.log"
    },
    {
      "op": "rotate",
      "path": "artifacts/rotation_cpu_cases/rotate_256_0",
      "status": "passed",
      "returncode": 0,
      "log": "/home/sunao2000.linux/gpt_new_oscar/logs/vm-rotation/016-rotate.log"
    },
    {
      "op": "rotate",
      "path": "artifacts/rotation_cpu_cases/rotate_masked_256_0",
      "status": "passed",
      "returncode": 0,
      "log": "/home/sunao2000.linux/gpt_new_oscar/logs/vm-rotation/017-rotate.log"
    },
    {
      "op": "rotate_store",
      "path": "artifacts/rotation_cpu_cases/rotate_store_256_0_0.00",
      "status": "passed",
      "returncode": 0,
      "log": "/home/sunao2000.linux/gpt_new_oscar/logs/vm-rotation/018-rotate_store.log"
    },
    {
      "op": "rotate_store",
      "path": "artifacts/rotation_cpu_cases/rotate_store_256_0_0.95",
      "status": "passed",
      "returncode": 0,
      "log": "/home/sunao2000.linux/gpt_new_oscar/logs/vm-rotation/019-rotate_store.log"
    },
    {
      "op": "rotate",
      "path": "artifacts/rotation_cpu_cases/rotate_256_1",
      "status": "passed",
      "returncode": 0,
      "log": "/home/sunao2000.linux/gpt_new_oscar/logs/vm-rotation/020-rotate.log"
    },
    {
      "op": "rotate",
      "path": "artifacts/rotation_cpu_cases/rotate_masked_256_1",
      "status": "passed",
      "returncode": 0,
      "log": "/home/sunao2000.linux/gpt_new_oscar/logs/vm-rotation/021-rotate.log"
    },
    {
      "op": "rotate_store",
      "path": "artifacts/rotation_cpu_cases/rotate_store_256_1_0.00",
      "status": "passed",
      "returncode": 0,
      "log": "/home/sunao2000.linux/gpt_new_oscar/logs/vm-rotation/022-rotate_store.log"
    },
    {
      "op": "rotate_store",
      "path": "artifacts/rotation_cpu_cases/rotate_store_256_1_0.95",
      "status": "passed",
      "returncode": 0,
      "log": "/home/sunao2000.linux/gpt_new_oscar/logs/vm-rotation/023-rotate_store.log"
    },
    {
      "op": "rotate_store",
      "path": "artifacts/rotation_cpu_cases/rotate_store_errors",
      "status": "passed",
      "returncode": 0,
      "log": "/home/sunao2000.linux/gpt_new_oscar/logs/vm-rotation/024-rotate_store.log"
    },
    {
      "op": "rotate_store",
      "path": "artifacts/rotation_cpu_cases/rotate_store_sink_only",
      "status": "passed",
      "returncode": 0,
      "log": "/home/sunao2000.linux/gpt_new_oscar/logs/vm-rotation/025-rotate_store.log"
    }
  ],
  "npu_acceptance": "not_run"
}
RESULT {"phase": "rotation-debug", "command": ["limactl", "shell", "--workdir", "/home/sunao2000.linux/gpt_new_oscar", "oscar", "--", "timeout", "--signal=TERM", "--kill-after=10s", "1900", "bash", "-lc", "source /usr/local/Ascend/cann-9.1.0/set_env.sh; export TORCH_DEVICE_BACKEND_AUTOLOAD=0; .venv/bin/python -m tools.run_cpu_debug --executable build/cpu/oscar_rotation_cpu --cases artifacts/rotation_cpu_cases/cases.json --output reports/rotation_cpu_debug.json --log-dir logs/vm-rotation"], "returncode": 0, "elapsed_seconds": 31.95624, "timed_out": false, "interrupted": false, "log": "/Users/sunao2000/gpt_new_oscar/reports/vm/logs/rotation-debug.log", "cleanup_complete": true}
[oscar] PASSED phase=rotation-debug rc=0 log=/Users/sunao2000/gpt_new_oscar/reports/vm/logs/rotation-debug.log
START phase=cv-goldens cwd=/Users/sunao2000/gpt_new_oscar command=["limactl", "shell", "--workdir", "/home/sunao2000.linux/gpt_new_oscar", "oscar", "--", "timeout", "--signal=TERM", "--kill-after=10s", "1900", "bash", "-lc", "source /usr/local/Ascend/cann-9.1.0/set_env.sh; export TORCH_DEVICE_BACKEND_AUTOLOAD=0; .venv/bin/python tests/test_cv_contracts.py artifacts/cv_cpu_cases"]
artifacts/cv_cpu_cases
RESULT {"phase": "cv-goldens", "command": ["limactl", "shell", "--workdir", "/home/sunao2000.linux/gpt_new_oscar", "oscar", "--", "timeout", "--signal=TERM", "--kill-after=10s", "1900", "bash", "-lc", "source /usr/local/Ascend/cann-9.1.0/set_env.sh; export TORCH_DEVICE_BACKEND_AUTOLOAD=0; .venv/bin/python tests/test_cv_contracts.py artifacts/cv_cpu_cases"], "returncode": 0, "elapsed_seconds": 1.850718, "timed_out": false, "interrupted": false, "log": "/Users/sunao2000/gpt_new_oscar/reports/vm/logs/cv-goldens.log", "cleanup_complete": true}
[oscar] PASSED phase=cv-goldens rc=0 log=/Users/sunao2000/gpt_new_oscar/reports/vm/logs/cv-goldens.log
START phase=cv-debug cwd=/Users/sunao2000/gpt_new_oscar command=["limactl", "shell", "--workdir", "/home/sunao2000.linux/gpt_new_oscar", "oscar", "--", "timeout", "--signal=TERM", "--kill-after=10s", "1900", "bash", "-lc", "source /usr/local/Ascend/cann-9.1.0/set_env.sh; export TORCH_DEVICE_BACKEND_AUTOLOAD=0; .venv/bin/python -m tools.run_cpu_debug --executable build/cpu/oscar_cv_cpu --cases artifacts/cv_cpu_cases/cases.json --output reports/cv_cpu_debug.json --log-dir logs/vm-cv"]
START phase=000-attention_cv cwd=/home/sunao2000.linux/gpt_new_oscar command=["/home/sunao2000.linux/gpt_new_oscar/build/cpu/oscar_cv_cpu", "attention_cv", "/home/sunao2000.linux/gpt_new_oscar/artifacts/cv_cpu_cases/d64_q1_c17"]
[TmSim]: Run in serial mode.
[SUCCESS][CORE_0][pid 113849] exit success!
[TmSim]: Run in serial mode.
[TmSim]: Run in serial mode.
[TmSim]: Run in serial mode.
[SUCCESS][CORE_1][pid 113850] exit success!
[SUCCESS][CORE_2][pid 113851] exit success!
[SUCCESS][CORE_3][pid 113852] exit success!
[TmSim]: Run in serial mode.
[TmSim]: Run in serial mode.
[TmSim]: Run in serial mode.
[SUCCESS][CORE_0][pid 113853] exit success!
[SUCCESS][CORE_1][pid 113854] exit success!
[TmSim]: Run in serial mode.
[SUCCESS][CORE_2][pid 113855] exit success!
[SUCCESS][CORE_3][pid 113856] exit success!
metadata padded request and changed-slot cases passed
[TmSim]: Run in serial mode.
[TmSim]: Run in serial mode.
[TmSim]: Run in serial mode.
[TmSim]: Run in serial mode.
[SUCCESS][CORE_0][pid 113857] exit success!
[SUCCESS][CORE_1][pid 113858] exit success!
[SUCCESS][CORE_2][pid 113859] exit success!
[SUCCESS][CORE_3][pid 113860] exit success!
[TmSim]: Run in serial mode.
[TmSim]: Run in serial mode.
[TmSim]: Run in serial mode.
[TmSim]: Run in serial mode.
[SUCCESS][CORE_0][pid 113861] exit success!
[SUCCESS][CORE_1][pid 113862] exit success!
[SUCCESS][CORE_2][pid 113863] exit success!
[SUCCESS][CORE_3][pid 113864] exit success!
[TmSim]: Run in serial mode.
[TmSim]: Run in serial mode.
[TmSim]: Run in serial mode.
[SUCCESS][CORE_0][pid 113865] exit success!
[TmSim]: Run in serial mode.
[SUCCESS][CORE_1][pid 113866] exit success!
[SUCCESS][CORE_2][pid 113867] exit success!
[SUCCESS][CORE_3][pid 113868] exit success!
MTP slot-derived context, duplicate and missing page cases passed
[TmSim]: Run in serial mode.
[TmSim]: Run in serial mode.
[TmSim]: Run in serial mode.
[TmSim]: Run in serial mode.
[SUCCESS][CORE_0][pid 113869] exit success!
[SUCCESS][CORE_1][pid 113870] exit success!
[SUCCESS][CORE_2][pid 113871] exit success!
[SUCCESS][CORE_3][pid 113872] exit success!
[TmSim]: Run in serial mode.
[SUCCESS][AIC_0][pid 113873] exit success!
[TmSim]: Run in serial mode.
[TmSim]: Run in serial mode.
[TmSim]: Run in serial mode.
[TmSim]: Run in serial mode.
[SUCCESS][AIV_0][pid 113874] exit success!
[SUCCESS][AIV_1][pid 113875] exit success!
[SUCCESS][AIC_1][pid 113876] exit success!
[TmSim]: Run in serial mode.
[SUCCESS][AIV_2][pid 113877] exit success!
[SUCCESS][AIV_3][pid 113878] exit success!
splits=1 empty_segments=1
[TmSim]: Run in serial mode.
[TmSim]: Run in serial mode.
[TmSim]: Run in serial mode.
[TmSim]: Run in serial mode.
[SUCCESS][CORE_0][pid 113879] exit success!
[SUCCESS][CORE_1][pid 113880] exit success!
[SUCCESS][CORE_2][pid 113881] exit success!
[SUCCESS][CORE_3][pid 113882] exit success!
max_abs=1.78814e-07 file=/home/sunao2000.linux/gpt_new_oscar/artifacts/cv_cpu_cases/d64_q1_c17/expected_output.bin
max_abs=2.38419e-07 file=/home/sunao2000.linux/gpt_new_oscar/artifacts/cv_cpu_cases/d64_q1_c17/expected_lse.bin
{"backend":"ascendc_cpu_debug","op":"attention_cv","status":"passed"}
RESULT {"phase": "000-attention_cv", "command": ["/home/sunao2000.linux/gpt_new_oscar/build/cpu/oscar_cv_cpu", "attention_cv", "/home/sunao2000.linux/gpt_new_oscar/artifacts/cv_cpu_cases/d64_q1_c17"], "returncode": 0, "elapsed_seconds": 0.504054, "timed_out": false, "interrupted": false, "log": "/home/sunao2000.linux/gpt_new_oscar/logs/vm-cv/000-attention_cv.log", "cleanup_complete": true}
[oscar] PASSED phase=000-attention_cv rc=0 log=logs/vm-cv/000-attention_cv.log
START phase=001-attention_cv cwd=/home/sunao2000.linux/gpt_new_oscar command=["/home/sunao2000.linux/gpt_new_oscar/build/cpu/oscar_cv_cpu", "attention_cv", "/home/sunao2000.linux/gpt_new_oscar/artifacts/cv_cpu_cases/d64_q4_c65"]
[TmSim]: Run in serial mode.
[TmSim]: Run in serial mode.
[TmSim]: Run in serial mode.
[TmSim]: Run in serial mode.
[SUCCESS][CORE_0][pid 113885] exit success!
[SUCCESS][CORE_1][pid 113886] exit success!
[SUCCESS][CORE_2][pid 113887] exit success!
[SUCCESS][CORE_3][pid 113888] exit success!
[TmSim]: Run in serial mode.
[TmSim]: Run in serial mode.
[TmSim]: Run in serial mode.
[TmSim]: Run in serial mode.
[SUCCESS][CORE_0][pid 113889] exit success!
[SUCCESS][CORE_1][pid 113890] exit success!
[SUCCESS][CORE_2][pid 113891] exit success!
[SUCCESS][CORE_3][pid 113892] exit success!
metadata padded request and changed-slot cases passed
[TmSim]: Run in serial mode.
[TmSim]: Run in serial mode.
[SUCCESS][CORE_0][pid 113894] exit success!
[SUCCESS][CORE_1][pid 113895] exit success!
[TmSim]: Run in serial mode.
[TmSim]: Run in serial mode.
[SUCCESS][CORE_2][pid 113896] exit success!
[SUCCESS][CORE_3][pid 113897] exit success!
[TmSim]: Run in serial mode.
[TmSim]: Run in serial mode.
[TmSim]: Run in serial mode.
[TmSim]: Run in serial mode.
[SUCCESS][CORE_0][pid 113898] exit success!
[SUCCESS][CORE_1][pid 113899] exit success!
[SUCCESS][CORE_2][pid 113900] exit success!
[SUCCESS][CORE_3][pid 113901] exit success!
[TmSim]: Run in serial mode.
[TmSim]: Run in serial mode.
[TmSim]: Run in serial mode.
[TmSim]: Run in serial mode.
[SUCCESS][CORE_0][pid 113902] exit success!
[SUCCESS][CORE_1][pid 113903] exit success!
[SUCCESS][CORE_2][pid 113904] exit success!
[SUCCESS][CORE_3][pid 113905] exit success!
MTP slot-derived context, duplicate and missing page cases passed
[TmSim]: Run in serial mode.
[TmSim]: Run in serial mode.
[TmSim]: Run in serial mode.
[TmSim]: Run in serial mode.
[SUCCESS][CORE_0][pid 113906] exit success!
[SUCCESS][CORE_1][pid 113907] exit success!
[SUCCESS][CORE_2][pid 113908] exit success!
[SUCCESS][CORE_3][pid 113909] exit success!
[TmSim]: Run in serial mode.
[TmSim]: Run in serial mode.
[TmSim]: Run in serial mode.
[TmSim]: Run in serial mode.
[SUCCESS][AIC_0][pid 113910] exit success!
[TmSim]: Run in serial mode.
[TmSim]: Run in serial mode.
[SUCCESS][AIV_0][pid 113911] exit success!
[SUCCESS][AIV_1][pid 113912] exit success!
[SUCCESS][AIC_1][pid 113913] exit success!
[SUCCESS][AIV_2][pid 113914] exit success!
[SUCCESS][AIV_3][pid 113915] exit success!
splits=1 empty_segments=0
[TmSim]: Run in serial mode.
[TmSim]: Run in serial mode.
[TmSim]: Run in serial mode.
[TmSim]: Run in serial mode.
[SUCCESS][CORE_0][pid 113916] exit success!
[SUCCESS][CORE_1][pid 113917] exit success!
[SUCCESS][CORE_2][pid 113918] exit success!
[SUCCESS][CORE_3][pid 113919] exit success!
max_abs=4.17233e-07 file=/home/sunao2000.linux/gpt_new_oscar/artifacts/cv_cpu_cases/d64_q4_c65/expected_output.bin
max_abs=4.76837e-07 file=/home/sunao2000.linux/gpt_new_oscar/artifacts/cv_cpu_cases/d64_q4_c65/expected_lse.bin
{"backend":"ascendc_cpu_debug","op":"attention_cv","status":"passed"}
RESULT {"phase": "001-attention_cv", "command": ["/home/sunao2000.linux/gpt_new_oscar/build/cpu/oscar_cv_cpu", "attention_cv", "/home/sunao2000.linux/gpt_new_oscar/artifacts/cv_cpu_cases/d64_q4_c65"], "returncode": 0, "elapsed_seconds": 1.035021, "timed_out": false, "interrupted": false, "log": "/home/sunao2000.linux/gpt_new_oscar/logs/vm-cv/001-attention_cv.log", "cleanup_complete": true}
[oscar] PASSED phase=001-attention_cv rc=0 log=logs/vm-cv/001-attention_cv.log
START phase=002-attention_cv cwd=/home/sunao2000.linux/gpt_new_oscar command=["/home/sunao2000.linux/gpt_new_oscar/build/cpu/oscar_cv_cpu", "attention_cv", "/home/sunao2000.linux/gpt_new_oscar/artifacts/cv_cpu_cases/d64_q4_c0"]
[TmSim]: Run in serial mode.
[TmSim]: Run in serial mode.
[TmSim]: Run in serial mode.
[TmSim]: Run in serial mode.
[SUCCESS][CORE_0][pid 113922] exit success!
[SUCCESS][CORE_1][pid 113923] exit success!
[SUCCESS][CORE_2][pid 113924] exit success!
[SUCCESS][CORE_3][pid 113925] exit success!
[TmSim]: Run in serial mode.
[TmSim]: Run in serial mode.
[TmSim]: Run in serial mode.
[TmSim]: Run in serial mode.
[SUCCESS][CORE_0][pid 113926] exit success!
[SUCCESS][CORE_1][pid 113927] exit success!
[SUCCESS][CORE_2][pid 113928] exit success!
[SUCCESS][CORE_3][pid 113929] exit success!
metadata padded request and changed-slot cases passed
[TmSim]: Run in serial mode.
[TmSim]: Run in serial mode.
[TmSim]: Run in serial mode.
[TmSim]: Run in serial mode.
[SUCCESS][CORE_0][pid 113930] exit success!
[SUCCESS][CORE_1][pid 113931] exit success!
[SUCCESS][CORE_2][pid 113932] exit success!
[SUCCESS][CORE_3][pid 113933] exit success!
[TmSim]: Run in serial mode.
[TmSim]: Run in serial mode.
[TmSim]: Run in serial mode.
[TmSim]: Run in serial mode.
[SUCCESS][CORE_0][pid 113934] exit success!
[SUCCESS][CORE_1][pid 113935] exit success!
[SUCCESS][CORE_2][pid 113936] exit success!
[SUCCESS][CORE_3][pid 113937] exit success!
[TmSim]: Run in serial mode.
[TmSim]: Run in serial mode.
[TmSim]: Run in serial mode.
[TmSim]: Run in serial mode.
[SUCCESS][CORE_0][pid 113938] exit success!
[SUCCESS][CORE_1][pid 113939] exit success!
[SUCCESS][CORE_2][pid 113940] exit success!
[SUCCESS][CORE_3][pid 113941] exit success!
MTP slot-derived context, duplicate and missing page cases passed
[TmSim]: Run in serial mode.
[TmSim]: Run in serial mode.
[TmSim]: Run in serial mode.
[TmSim]: Run in serial mode.
[SUCCESS][CORE_0][pid 113942] exit success!
[SUCCESS][CORE_1][pid 113943] exit success!
[SUCCESS][CORE_2][pid 113944] exit success!
[SUCCESS][CORE_3][pid 113945] exit success!
[TmSim]: Run in serial mode.
[TmSim]: Run in serial mode.
[TmSim]: Run in serial mode.
[TmSim]: Run in serial mode.
[SUCCESS][AIC_0][pid 113946] exit success!
[TmSim]: Run in serial mode.
[TmSim]: Run in serial mode.
[SUCCESS][AIV_0][pid 113947] exit success!
[SUCCESS][AIV_1][pid 113948] exit success!
[SUCCESS][AIC_1][pid 113949] exit success!
[SUCCESS][AIV_2][pid 113950] exit success!
[SUCCESS][AIV_3][pid 113951] exit success!
splits=1 empty_segments=2
[TmSim]: Run in serial mode.
[TmSim]: Run in serial mode.
[TmSim]: Run in serial mode.
[TmSim]: Run in serial mode.
[SUCCESS][CORE_0][pid 113952] exit success!
[SUCCESS][CORE_1][pid 113953] exit success!
[SUCCESS][CORE_2][pid 113954] exit success!
[SUCCESS][CORE_3][pid 113955] exit success!
max_abs=2.38419e-07 file=/home/sunao2000.linux/gpt_new_oscar/artifacts/cv_cpu_cases/d64_q4_c0/expected_output.bin
max_abs=2.38419e-07 file=/home/sunao2000.linux/gpt_new_oscar/artifacts/cv_cpu_cases/d64_q4_c0/expected_lse.bin
{"backend":"ascendc_cpu_debug","op":"attention_cv","status":"passed"}
RESULT {"phase": "002-attention_cv", "command": ["/home/sunao2000.linux/gpt_new_oscar/build/cpu/oscar_cv_cpu", "attention_cv", "/home/sunao2000.linux/gpt_new_oscar/artifacts/cv_cpu_cases/d64_q4_c0"], "returncode": 0, "elapsed_seconds": 0.614368, "timed_out": false, "interrupted": false, "log": "/home/sunao2000.linux/gpt_new_oscar/logs/vm-cv/002-attention_cv.log", "cleanup_complete": true}
[oscar] PASSED phase=002-attention_cv rc=0 log=logs/vm-cv/002-attention_cv.log
START phase=003-attention_cv cwd=/home/sunao2000.linux/gpt_new_oscar command=["/home/sunao2000.linux/gpt_new_oscar/build/cpu/oscar_cv_cpu", "attention_cv", "/home/sunao2000.linux/gpt_new_oscar/artifacts/cv_cpu_cases/d128_q4_c129"]
[TmSim]: Run in serial mode.
[TmSim]: Run in serial mode.
[TmSim]: Run in serial mode.
[SUCCESS][CORE_0][pid 113958] exit success!
[SUCCESS][CORE_1][pid 113959] exit success!
[TmSim]: Run in serial mode.
[SUCCESS][CORE_2][pid 113960] exit success!
[SUCCESS][CORE_3][pid 113961] exit success!
[TmSim]: Run in serial mode.
[TmSim]: Run in serial mode.
[TmSim]: Run in serial mode.
[TmSim]: Run in serial mode.
[SUCCESS][CORE_0][pid 113962] exit success!
[SUCCESS][CORE_1][pid 113963] exit success!
[SUCCESS][CORE_2][pid 113964] exit success!
[SUCCESS][CORE_3][pid 113965] exit success!
metadata padded request and changed-slot cases passed
[TmSim]: Run in serial mode.
[TmSim]: Run in serial mode.
[TmSim]: Run in serial mode.
[TmSim]: Run in serial mode.
[SUCCESS][CORE_0][pid 113966] exit success!
[SUCCESS][CORE_1][pid 113967] exit success!
[SUCCESS][CORE_2][pid 113968] exit success!
[SUCCESS][CORE_3][pid 113969] exit success!
[TmSim]: Run in serial mode.
[TmSim]: Run in serial mode.
[TmSim]: Run in serial mode.
[TmSim]: Run in serial mode.
[SUCCESS][CORE_0][pid 113970] exit success!
[SUCCESS][CORE_1][pid 113971] exit success!
[SUCCESS][CORE_2][pid 113972] exit success!
[SUCCESS][CORE_3][pid 113973] exit success!
[TmSim]: Run in serial mode.
[TmSim]: Run in serial mode.
[TmSim]: Run in serial mode.
[TmSim]: Run in serial mode.
[SUCCESS][CORE_0][pid 113974] exit success!
[SUCCESS][CORE_1][pid 113975] exit success!
[SUCCESS][CORE_2][pid 113976] exit success!
[SUCCESS][CORE_3][pid 113977] exit success!
MTP slot-derived context, duplicate and missing page cases passed
[TmSim]: Run in serial mode.
[TmSim]: Run in serial mode.
[TmSim]: Run in serial mode.
[TmSim]: Run in serial mode.
[SUCCESS][CORE_0][pid 113978] exit success!
[SUCCESS][CORE_1][pid 113979] exit success!
[SUCCESS][CORE_2][pid 113980] exit success!
[SUCCESS][CORE_3][pid 113981] exit success!
[TmSim]: Run in serial mode.
[TmSim]: Run in serial mode.
[TmSim]: Run in serial mode.
[TmSim]: Run in serial mode.
[SUCCESS][AIC_0][pid 113982] exit success!
[TmSim]: Run in serial mode.
[TmSim]: Run in serial mode.
[SUCCESS][AIV_0][pid 113983] exit success!
[SUCCESS][AIV_1][pid 113984] exit success!
[SUCCESS][AIC_1][pid 113985] exit success!
[SUCCESS][AIV_2][pid 113986] exit success!
[SUCCESS][AIV_3][pid 113987] exit success!
splits=1 empty_segments=0
[TmSim]: Run in serial mode.
[TmSim]: Run in serial mode.
[TmSim]: Run in serial mode.
[TmSim]: Run in serial mode.
[SUCCESS][CORE_0][pid 113989] exit success!
[SUCCESS][CORE_1][pid 113990] exit success!
[SUCCESS][CORE_2][pid 113991] exit success!
[SUCCESS][CORE_3][pid 113992] exit success!
max_abs=6.55651e-07 file=/home/sunao2000.linux/gpt_new_oscar/artifacts/cv_cpu_cases/d128_q4_c129/expected_output.bin
max_abs=4.76837e-07 file=/home/sunao2000.linux/gpt_new_oscar/artifacts/cv_cpu_cases/d128_q4_c129/expected_lse.bin
{"backend":"ascendc_cpu_debug","op":"attention_cv","status":"passed"}
RESULT {"phase": "003-attention_cv", "command": ["/home/sunao2000.linux/gpt_new_oscar/build/cpu/oscar_cv_cpu", "attention_cv", "/home/sunao2000.linux/gpt_new_oscar/artifacts/cv_cpu_cases/d128_q4_c129"], "returncode": 0, "elapsed_seconds": 1.744076, "timed_out": false, "interrupted": false, "log": "/home/sunao2000.linux/gpt_new_oscar/logs/vm-cv/003-attention_cv.log", "cleanup_complete": true}
[oscar] PASSED phase=003-attention_cv rc=0 log=logs/vm-cv/003-attention_cv.log
START phase=004-attention_cv cwd=/home/sunao2000.linux/gpt_new_oscar command=["/home/sunao2000.linux/gpt_new_oscar/build/cpu/oscar_cv_cpu", "attention_cv", "/home/sunao2000.linux/gpt_new_oscar/artifacts/cv_cpu_cases/d256_q4_c511"]
[TmSim]: Run in serial mode.
[TmSim]: Run in serial mode.
[TmSim]: Run in serial mode.
[TmSim]: Run in serial mode.
[SUCCESS][CORE_0][pid 113995] exit success!
[SUCCESS][CORE_1][pid 113996] exit success!
[SUCCESS][CORE_2][pid 113997] exit success!
[SUCCESS][CORE_3][pid 113998] exit success!
[TmSim]: Run in serial mode.
[TmSim]: Run in serial mode.
[TmSim]: Run in serial mode.
[TmSim]: Run in serial mode.
[SUCCESS][CORE_0][pid 113999] exit success!
[SUCCESS][CORE_1][pid 114000] exit success!
[SUCCESS][CORE_2][pid 114001] exit success!
[SUCCESS][CORE_3][pid 114002] exit success!
metadata padded request and changed-slot cases passed
[TmSim]: Run in serial mode.
[TmSim]: Run in serial mode.
[TmSim]: Run in serial mode.
[SUCCESS][CORE_0][pid 114003] exit success!
[TmSim]: Run in serial mode.
[SUCCESS][CORE_1][pid 114004] exit success!
[SUCCESS][CORE_2][pid 114005] exit success!
[SUCCESS][CORE_3][pid 114006] exit success!
[TmSim]: Run in serial mode.
[TmSim]: Run in serial mode.
[TmSim]: Run in serial mode.
[TmSim]: Run in serial mode.
[SUCCESS][CORE_0][pid 114007] exit success!
[SUCCESS][CORE_1][pid 114008] exit success!
[SUCCESS][CORE_2][pid 114009] exit success!
[SUCCESS][CORE_3][pid 114010] exit success!
[TmSim]: Run in serial mode.
[TmSim]: Run in serial mode.
[TmSim]: Run in serial mode.
[TmSim]: Run in serial mode.
[SUCCESS][CORE_0][pid 114011] exit success!
[SUCCESS][CORE_1][pid 114012] exit success!
[SUCCESS][CORE_2][pid 114013] exit success!
[SUCCESS][CORE_3][pid 114014] exit success!
MTP slot-derived context, duplicate and missing page cases passed
[TmSim]: Run in serial mode.
[TmSim]: Run in serial mode.
[TmSim]: Run in serial mode.
[TmSim]: Run in serial mode.
[SUCCESS][CORE_0][pid 114015] exit success!
[SUCCESS][CORE_1][pid 114016] exit success!
[SUCCESS][CORE_2][pid 114017] exit success!
[SUCCESS][CORE_3][pid 114018] exit success!
[TmSim]: Run in serial mode.
[TmSim]: Run in serial mode.
[TmSim]: Run in serial mode.
[TmSim]: Run in serial mode.
[SUCCESS][AIC_0][pid 114019] exit success!
[TmSim]: Run in serial mode.
[TmSim]: Run in serial mode.
[SUCCESS][AIV_0][pid 114020] exit success!
[SUCCESS][AIV_1][pid 114021] exit success!
[SUCCESS][AIC_1][pid 114022] exit success!
[SUCCESS][AIV_2][pid 114023] exit success!
[SUCCESS][AIV_3][pid 114024] exit success!
splits=1 empty_segments=0
[TmSim]: Run in serial mode.
[TmSim]: Run in serial mode.
[SUCCESS][CORE_0][pid 114027] exit success!
[SUCCESS][CORE_1][pid 114028] exit success!
[TmSim]: Run in serial mode.
[TmSim]: Run in serial mode.
[SUCCESS][CORE_2][pid 114029] exit success!
[SUCCESS][CORE_3][pid 114030] exit success!
max_abs=8.34465e-07 file=/home/sunao2000.linux/gpt_new_oscar/artifacts/cv_cpu_cases/d256_q4_c511/expected_output.bin
max_abs=4.76837e-07 file=/home/sunao2000.linux/gpt_new_oscar/artifacts/cv_cpu_cases/d256_q4_c511/expected_lse.bin
{"backend":"ascendc_cpu_debug","op":"attention_cv","status":"passed"}
RESULT {"phase": "004-attention_cv", "command": ["/home/sunao2000.linux/gpt_new_oscar/build/cpu/oscar_cv_cpu", "attention_cv", "/home/sunao2000.linux/gpt_new_oscar/artifacts/cv_cpu_cases/d256_q4_c511"], "returncode": 0, "elapsed_seconds": 5.961843, "timed_out": false, "interrupted": false, "log": "/home/sunao2000.linux/gpt_new_oscar/logs/vm-cv/004-attention_cv.log", "cleanup_complete": true}
[oscar] PASSED phase=004-attention_cv rc=0 log=logs/vm-cv/004-attention_cv.log
START phase=005-attention_cv cwd=/home/sunao2000.linux/gpt_new_oscar command=["/home/sunao2000.linux/gpt_new_oscar/build/cpu/oscar_cv_cpu", "attention_cv", "/home/sunao2000.linux/gpt_new_oscar/artifacts/cv_cpu_cases/d64_q17_c65"]
[TmSim]: Run in serial mode.
[TmSim]: Run in serial mode.
[TmSim]: Run in serial mode.
[TmSim]: Run in serial mode.
[SUCCESS][CORE_0][pid 114033] exit success!
[SUCCESS][CORE_1][pid 114034] exit success!
[SUCCESS][CORE_2][pid 114035] exit success!
[SUCCESS][CORE_3][pid 114036] exit success!
[TmSim]: Run in serial mode.
[TmSim]: Run in serial mode.
[TmSim]: Run in serial mode.
[TmSim]: Run in serial mode.
[SUCCESS][CORE_0][pid 114037] exit success!
[SUCCESS][CORE_1][pid 114038] exit success!
[SUCCESS][CORE_2][pid 114039] exit success!
[SUCCESS][CORE_3][pid 114040] exit success!
metadata padded request and changed-slot cases passed
[TmSim]: Run in serial mode.
[TmSim]: Run in serial mode.
[SUCCESS][CORE_0][pid 114041] exit success!
[TmSim]: Run in serial mode.
[TmSim]: Run in serial mode.
[SUCCESS][CORE_1][pid 114042] exit success!
[SUCCESS][CORE_2][pid 114043] exit success!
[SUCCESS][CORE_3][pid 114044] exit success!
[TmSim]: Run in serial mode.
[TmSim]: Run in serial mode.
[TmSim]: Run in serial mode.
[TmSim]: Run in serial mode.
[SUCCESS][CORE_0][pid 114045] exit success!
[SUCCESS][CORE_1][pid 114046] exit success!
[SUCCESS][CORE_2][pid 114047] exit success!
[SUCCESS][CORE_3][pid 114048] exit success!
[TmSim]: Run in serial mode.
[TmSim]: Run in serial mode.
[TmSim]: Run in serial mode.
[TmSim]: Run in serial mode.
[SUCCESS][CORE_0][pid 114049] exit success!
[SUCCESS][CORE_1][pid 114050] exit success!
[SUCCESS][CORE_2][pid 114051] exit success!
[SUCCESS][CORE_3][pid 114052] exit success!
MTP slot-derived context, duplicate and missing page cases passed
[TmSim]: Run in serial mode.
[TmSim]: Run in serial mode.
[TmSim]: Run in serial mode.
[TmSim]: Run in serial mode.
[SUCCESS][CORE_0][pid 114053] exit success!
[SUCCESS][CORE_1][pid 114054] exit success!
[SUCCESS][CORE_2][pid 114055] exit success!
[SUCCESS][CORE_3][pid 114056] exit success!
[TmSim]: Run in serial mode.
[TmSim]: Run in serial mode.
[TmSim]: Run in serial mode.
[TmSim]: Run in serial mode.
[SUCCESS][AIC_0][pid 114057] exit success!
[TmSim]: Run in serial mode.
[TmSim]: Run in serial mode.
[SUCCESS][AIV_0][pid 114058] exit success!
[SUCCESS][AIV_1][pid 114059] exit success!
[SUCCESS][AIC_1][pid 114060] exit success!
[SUCCESS][AIV_2][pid 114061] exit success!
[SUCCESS][AIV_3][pid 114062] exit success!
splits=1 empty_segments=0
[TmSim]: Run in serial mode.
[TmSim]: Run in serial mode.
[TmSim]: Run in serial mode.
[TmSim]: Run in serial mode.
[SUCCESS][CORE_0][pid 114063] exit success!
[SUCCESS][CORE_1][pid 114064] exit success!
[SUCCESS][CORE_2][pid 114065] exit success!
[SUCCESS][CORE_3][pid 114066] exit success!
max_abs=9.53674e-07 file=/home/sunao2000.linux/gpt_new_oscar/artifacts/cv_cpu_cases/d64_q17_c65/expected_output.bin
max_abs=4.76837e-07 file=/home/sunao2000.linux/gpt_new_oscar/artifacts/cv_cpu_cases/d64_q17_c65/expected_lse.bin
{"backend":"ascendc_cpu_debug","op":"attention_cv","status":"passed"}
RESULT {"phase": "005-attention_cv", "command": ["/home/sunao2000.linux/gpt_new_oscar/build/cpu/oscar_cv_cpu", "attention_cv", "/home/sunao2000.linux/gpt_new_oscar/artifacts/cv_cpu_cases/d64_q17_c65"], "returncode": 0, "elapsed_seconds": 1.884217, "timed_out": false, "interrupted": false, "log": "/home/sunao2000.linux/gpt_new_oscar/logs/vm-cv/005-attention_cv.log", "cleanup_complete": true}
[oscar] PASSED phase=005-attention_cv rc=0 log=logs/vm-cv/005-attention_cv.log
START phase=006-attention_cv cwd=/home/sunao2000.linux/gpt_new_oscar command=["/home/sunao2000.linux/gpt_new_oscar/build/cpu/oscar_cv_cpu", "attention_cv", "/home/sunao2000.linux/gpt_new_oscar/artifacts/cv_cpu_cases/d64_q4_c65_hk2"]
[TmSim]: Run in serial mode.
[SUCCESS][CORE_0][pid 114069] exit success!
[TmSim]: Run in serial mode.
[TmSim]: Run in serial mode.
[TmSim]: Run in serial mode.
[SUCCESS][CORE_1][pid 114070] exit success!
[SUCCESS][CORE_2][pid 114071] exit success!
[SUCCESS][CORE_3][pid 114072] exit success!
[TmSim]: Run in serial mode.
[TmSim]: Run in serial mode.
[TmSim]: Run in serial mode.
[TmSim]: Run in serial mode.
[SUCCESS][CORE_0][pid 114073] exit success!
[SUCCESS][CORE_1][pid 114074] exit success!
[SUCCESS][CORE_2][pid 114075] exit success!
[SUCCESS][CORE_3][pid 114076] exit success!
metadata padded request and changed-slot cases passed
[TmSim]: Run in serial mode.
[TmSim]: Run in serial mode.
[TmSim]: Run in serial mode.
[SUCCESS][CORE_0][pid 114077] exit success!
[TmSim]: Run in serial mode.
[SUCCESS][CORE_1][pid 114078] exit success!
[SUCCESS][CORE_2][pid 114079] exit success!
[SUCCESS][CORE_3][pid 114080] exit success!
[TmSim]: Run in serial mode.
[TmSim]: Run in serial mode.
[TmSim]: Run in serial mode.
[TmSim]: Run in serial mode.
[SUCCESS][CORE_0][pid 114081] exit success!
[SUCCESS][CORE_1][pid 114082] exit success!
[SUCCESS][CORE_2][pid 114083] exit success!
[SUCCESS][CORE_3][pid 114084] exit success!
[TmSim]: Run in serial mode.
[TmSim]: Run in serial mode.
[TmSim]: Run in serial mode.
[TmSim]: Run in serial mode.
[SUCCESS][CORE_0][pid 114085] exit success!
[SUCCESS][CORE_1][pid 114086] exit success!
[SUCCESS][CORE_2][pid 114087] exit success!
[SUCCESS][CORE_3][pid 114088] exit success!
MTP slot-derived context, duplicate and missing page cases passed
[TmSim]: Run in serial mode.
[TmSim]: Run in serial mode.
[TmSim]: Run in serial mode.
[TmSim]: Run in serial mode.
[SUCCESS][CORE_0][pid 114089] exit success!
[SUCCESS][CORE_1][pid 114090] exit success!
[SUCCESS][CORE_2][pid 114091] exit success!
[SUCCESS][CORE_3][pid 114092] exit success!
[TmSim]: Run in serial mode.
[TmSim]: Run in serial mode.
[TmSim]: Run in serial mode.
[SUCCESS][AIC_0][pid 114093] exit success!
[TmSim]: Run in serial mode.
[TmSim]: Run in serial mode.
[TmSim]: Run in serial mode.
[SUCCESS][AIV_0][pid 114094] exit success!
[SUCCESS][AIV_1][pid 114095] exit success!
[SUCCESS][AIC_1][pid 114096] exit success!
[SUCCESS][AIV_2][pid 114097] exit success!
[SUCCESS][AIV_3][pid 114098] exit success!
splits=1 empty_segments=0
[TmSim]: Run in serial mode.
[TmSim]: Run in serial mode.
[TmSim]: Run in serial mode.
[TmSim]: Run in serial mode.
[SUCCESS][CORE_0][pid 114100] exit success!
[SUCCESS][CORE_1][pid 114101] exit success!
[SUCCESS][CORE_2][pid 114102] exit success!
[SUCCESS][CORE_3][pid 114103] exit success!
max_abs=5.36442e-07 file=/home/sunao2000.linux/gpt_new_oscar/artifacts/cv_cpu_cases/d64_q4_c65_hk2/expected_output.bin
max_abs=4.76837e-07 file=/home/sunao2000.linux/gpt_new_oscar/artifacts/cv_cpu_cases/d64_q4_c65_hk2/expected_lse.bin
{"backend":"ascendc_cpu_debug","op":"attention_cv","status":"passed"}
RESULT {"phase": "006-attention_cv", "command": ["/home/sunao2000.linux/gpt_new_oscar/build/cpu/oscar_cv_cpu", "attention_cv", "/home/sunao2000.linux/gpt_new_oscar/artifacts/cv_cpu_cases/d64_q4_c65_hk2"], "returncode": 0, "elapsed_seconds": 1.434715, "timed_out": false, "interrupted": false, "log": "/home/sunao2000.linux/gpt_new_oscar/logs/vm-cv/006-attention_cv.log", "cleanup_complete": true}
[oscar] PASSED phase=006-attention_cv rc=0 log=logs/vm-cv/006-attention_cv.log
START phase=007-attention_cv cwd=/home/sunao2000.linux/gpt_new_oscar command=["/home/sunao2000.linux/gpt_new_oscar/build/cpu/oscar_cv_cpu", "attention_cv", "/home/sunao2000.linux/gpt_new_oscar/artifacts/cv_cpu_cases/d64_q2_c320"]
[TmSim]: Run in serial mode.
[TmSim]: Run in serial mode.
[TmSim]: Run in serial mode.
[TmSim]: Run in serial mode.
[SUCCESS][CORE_0][pid 114106] exit success!
[SUCCESS][CORE_1][pid 114107] exit success!
[SUCCESS][CORE_2][pid 114108] exit success!
[SUCCESS][CORE_3][pid 114109] exit success!
[TmSim]: Run in serial mode.
[TmSim]: Run in serial mode.
[TmSim]: Run in serial mode.
[TmSim]: Run in serial mode.
[SUCCESS][CORE_0][pid 114110] exit success!
[SUCCESS][CORE_1][pid 114111] exit success!
[SUCCESS][CORE_2][pid 114112] exit success!
[SUCCESS][CORE_3][pid 114113] exit success!
metadata padded request and changed-slot cases passed
[TmSim]: Run in serial mode.
[TmSim]: Run in serial mode.
[TmSim]: Run in serial mode.
[TmSim]: Run in serial mode.
[SUCCESS][CORE_0][pid 114114] exit success!
[SUCCESS][CORE_1][pid 114115] exit success!
[SUCCESS][CORE_2][pid 114116] exit success!
[SUCCESS][CORE_3][pid 114117] exit success!
[TmSim]: Run in serial mode.
[TmSim]: Run in serial mode.
[TmSim]: Run in serial mode.
[TmSim]: Run in serial mode.
[SUCCESS][CORE_0][pid 114118] exit success!
[SUCCESS][CORE_1][pid 114119] exit success!
[SUCCESS][CORE_2][pid 114120] exit success!
[SUCCESS][CORE_3][pid 114121] exit success!
[TmSim]: Run in serial mode.
[TmSim]: Run in serial mode.
[TmSim]: Run in serial mode.
[TmSim]: Run in serial mode.
[SUCCESS][CORE_0][pid 114122] exit success!
[SUCCESS][CORE_1][pid 114123] exit success!
[SUCCESS][CORE_2][pid 114124] exit success!
[SUCCESS][CORE_3][pid 114125] exit success!
MTP slot-derived context, duplicate and missing page cases passed
[TmSim]: Run in serial mode.
[TmSim]: Run in serial mode.
[TmSim]: Run in serial mode.
[TmSim]: Run in serial mode.
[SUCCESS][CORE_0][pid 114126] exit success!
[SUCCESS][CORE_1][pid 114127] exit success!
[SUCCESS][CORE_2][pid 114128] exit success!
[SUCCESS][CORE_3][pid 114129] exit success!
[TmSim]: Run in serial mode.
[TmSim]: Run in serial mode.
[TmSim]: Run in serial mode.
[oscar] phase=cv-debug running seconds=15.0 log=/Users/sunao2000/gpt_new_oscar/reports/vm/logs/cv-debug.log
[TmSim]: Run in serial mode.
[SUCCESS][AIC_0][pid 114130] exit success!
[TmSim]: Run in serial mode.
[TmSim]: Run in serial mode.
[SUCCESS][AIV_0][pid 114131] exit success!
[SUCCESS][AIV_1][pid 114132] exit success!
[SUCCESS][AIC_1][pid 114133] exit success!
[SUCCESS][AIV_2][pid 114134] exit success!
[SUCCESS][AIV_3][pid 114135] exit success!
splits=1 empty_segments=0
[TmSim]: Run in serial mode.
[TmSim]: Run in serial mode.
[TmSim]: Run in serial mode.
[TmSim]: Run in serial mode.
[SUCCESS][CORE_0][pid 114136] exit success!
[SUCCESS][CORE_1][pid 114137] exit success!
[SUCCESS][CORE_2][pid 114138] exit success!
[SUCCESS][CORE_3][pid 114139] exit success!
max_abs=2.23517e-07 file=/home/sunao2000.linux/gpt_new_oscar/artifacts/cv_cpu_cases/d64_q2_c320/expected_output.bin
max_abs=4.76837e-07 file=/home/sunao2000.linux/gpt_new_oscar/artifacts/cv_cpu_cases/d64_q2_c320/expected_lse.bin
{"backend":"ascendc_cpu_debug","op":"attention_cv","status":"passed"}
RESULT {"phase": "007-attention_cv", "command": ["/home/sunao2000.linux/gpt_new_oscar/build/cpu/oscar_cv_cpu", "attention_cv", "/home/sunao2000.linux/gpt_new_oscar/artifacts/cv_cpu_cases/d64_q2_c320"], "returncode": 0, "elapsed_seconds": 1.863171, "timed_out": false, "interrupted": false, "log": "/home/sunao2000.linux/gpt_new_oscar/logs/vm-cv/007-attention_cv.log", "cleanup_complete": true}
[oscar] PASSED phase=007-attention_cv rc=0 log=logs/vm-cv/007-attention_cv.log
START phase=008-attention_cv cwd=/home/sunao2000.linux/gpt_new_oscar command=["/home/sunao2000.linux/gpt_new_oscar/build/cpu/oscar_cv_cpu", "attention_cv", "/home/sunao2000.linux/gpt_new_oscar/artifacts/cv_cpu_cases/d128_q3_c511"]
[TmSim]: Run in serial mode.
[TmSim]: Run in serial mode.
[TmSim]: Run in serial mode.
[TmSim]: Run in serial mode.
[SUCCESS][CORE_0][pid 114142] exit success!
[SUCCESS][CORE_1][pid 114143] exit success!
[SUCCESS][CORE_2][pid 114144] exit success!
[SUCCESS][CORE_3][pid 114145] exit success!
[TmSim]: Run in serial mode.
[TmSim]: Run in serial mode.
[TmSim]: Run in serial mode.
[TmSim]: Run in serial mode.
[SUCCESS][CORE_0][pid 114146] exit success!
[SUCCESS][CORE_1][pid 114147] exit success!
[SUCCESS][CORE_2][pid 114148] exit success!
[SUCCESS][CORE_3][pid 114149] exit success!
metadata padded request and changed-slot cases passed
[TmSim]: Run in serial mode.
[TmSim]: Run in serial mode.
[TmSim]: Run in serial mode.
[TmSim]: Run in serial mode.
[SUCCESS][CORE_0][pid 114150] exit success!
[SUCCESS][CORE_1][pid 114151] exit success!
[SUCCESS][CORE_2][pid 114152] exit success!
[SUCCESS][CORE_3][pid 114153] exit success!
[TmSim]: Run in serial mode.
[TmSim]: Run in serial mode.
[TmSim]: Run in serial mode.
[TmSim]: Run in serial mode.
[SUCCESS][CORE_0][pid 114154] exit success!
[SUCCESS][CORE_1][pid 114155] exit success!
[SUCCESS][CORE_2][pid 114156] exit success!
[SUCCESS][CORE_3][pid 114157] exit success!
[TmSim]: Run in serial mode.
[TmSim]: Run in serial mode.
[TmSim]: Run in serial mode.
[TmSim]: Run in serial mode.
[SUCCESS][CORE_0][pid 114158] exit success!
[SUCCESS][CORE_1][pid 114159] exit success!
[SUCCESS][CORE_2][pid 114160] exit success!
[SUCCESS][CORE_3][pid 114161] exit success!
MTP slot-derived context, duplicate and missing page cases passed
[TmSim]: Run in serial mode.
[TmSim]: Run in serial mode.
[TmSim]: Run in serial mode.
[SUCCESS][CORE_0][pid 114162] exit success!
[TmSim]: Run in serial mode.
[SUCCESS][CORE_1][pid 114163] exit success!
[SUCCESS][CORE_2][pid 114164] exit success!
[SUCCESS][CORE_3][pid 114165] exit success!
[TmSim]: Run in serial mode.
[TmSim]: Run in serial mode.
[TmSim]: Run in serial mode.
[TmSim]: Run in serial mode.
[SUCCESS][AIC_0][pid 114166] exit success!
[TmSim]: Run in serial mode.
[TmSim]: Run in serial mode.
[SUCCESS][AIV_0][pid 114167] exit success!
[SUCCESS][AIV_1][pid 114168] exit success!
[SUCCESS][AIC_1][pid 114169] exit success!
[SUCCESS][AIV_2][pid 114170] exit success!
[SUCCESS][AIV_3][pid 114171] exit success!
splits=1 empty_segments=0
[TmSim]: Run in serial mode.
[TmSim]: Run in serial mode.
[TmSim]: Run in serial mode.
[TmSim]: Run in serial mode.
[SUCCESS][CORE_0][pid 114174] exit success!
[SUCCESS][CORE_1][pid 114175] exit success!
[SUCCESS][CORE_2][pid 114176] exit success!
[SUCCESS][CORE_3][pid 114177] exit success!
max_abs=3.8743e-07 file=/home/sunao2000.linux/gpt_new_oscar/artifacts/cv_cpu_cases/d128_q3_c511/expected_output.bin
max_abs=4.76837e-07 file=/home/sunao2000.linux/gpt_new_oscar/artifacts/cv_cpu_cases/d128_q3_c511/expected_lse.bin
{"backend":"ascendc_cpu_debug","op":"attention_cv","status":"passed"}
RESULT {"phase": "008-attention_cv", "command": ["/home/sunao2000.linux/gpt_new_oscar/build/cpu/oscar_cv_cpu", "attention_cv", "/home/sunao2000.linux/gpt_new_oscar/artifacts/cv_cpu_cases/d128_q3_c511"], "returncode": 0, "elapsed_seconds": 3.811599, "timed_out": false, "interrupted": false, "log": "/home/sunao2000.linux/gpt_new_oscar/logs/vm-cv/008-attention_cv.log", "cleanup_complete": true}
[oscar] PASSED phase=008-attention_cv rc=0 log=logs/vm-cv/008-attention_cv.log
START phase=009-attention_cv cwd=/home/sunao2000.linux/gpt_new_oscar command=["/home/sunao2000.linux/gpt_new_oscar/build/cpu/oscar_cv_cpu", "attention_cv", "/home/sunao2000.linux/gpt_new_oscar/artifacts/cv_cpu_cases/d64_q65_c17"]
[TmSim]: Run in serial mode.
[TmSim]: Run in serial mode.
[TmSim]: Run in serial mode.
[TmSim]: Run in serial mode.
[SUCCESS][CORE_0][pid 114180] exit success!
[SUCCESS][CORE_1][pid 114181] exit success!
[SUCCESS][CORE_2][pid 114182] exit success!
[SUCCESS][CORE_3][pid 114183] exit success!
[TmSim]: Run in serial mode.
[TmSim]: Run in serial mode.
[TmSim]: Run in serial mode.
[TmSim]: Run in serial mode.
[SUCCESS][CORE_0][pid 114184] exit success!
[SUCCESS][CORE_1][pid 114185] exit success!
[SUCCESS][CORE_2][pid 114186] exit success!
[SUCCESS][CORE_3][pid 114187] exit success!
metadata padded request and changed-slot cases passed
[TmSim]: Run in serial mode.
[TmSim]: Run in serial mode.
[TmSim]: Run in serial mode.
[TmSim]: Run in serial mode.
[SUCCESS][CORE_0][pid 114188] exit success!
[SUCCESS][CORE_1][pid 114189] exit success!
[SUCCESS][CORE_2][pid 114190] exit success!
[SUCCESS][CORE_3][pid 114191] exit success!
[TmSim]: Run in serial mode.
[TmSim]: Run in serial mode.
[TmSim]: Run in serial mode.
[TmSim]: Run in serial mode.
[SUCCESS][CORE_0][pid 114192] exit success!
[SUCCESS][CORE_1][pid 114193] exit success!
[SUCCESS][CORE_2][pid 114194] exit success!
[SUCCESS][CORE_3][pid 114195] exit success!
[TmSim]: Run in serial mode.
[TmSim]: Run in serial mode.
[TmSim]: Run in serial mode.
[TmSim]: Run in serial mode.
[SUCCESS][CORE_0][pid 114196] exit success!
[SUCCESS][CORE_1][pid 114197] exit success!
[SUCCESS][CORE_2][pid 114198] exit success!
[SUCCESS][CORE_3][pid 114199] exit success!
MTP slot-derived context, duplicate and missing page cases passed
[TmSim]: Run in serial mode.
[TmSim]: Run in serial mode.
[TmSim]: Run in serial mode.
[TmSim]: Run in serial mode.
[SUCCESS][CORE_0][pid 114200] exit success!
[SUCCESS][CORE_1][pid 114201] exit success!
[SUCCESS][CORE_2][pid 114202] exit success!
[SUCCESS][CORE_3][pid 114203] exit success!
[TmSim]: Run in serial mode.
[TmSim]: Run in serial mode.
[TmSim]: Run in serial mode.
[TmSim]: Run in serial mode.
[SUCCESS][AIC_0][pid 114204] exit success!
[TmSim]: Run in serial mode.
[TmSim]: Run in serial mode.
[SUCCESS][AIV_0][pid 114205] exit success!
[SUCCESS][AIV_1][pid 114206] exit success!
[SUCCESS][AIC_1][pid 114207] exit success!
[SUCCESS][AIV_2][pid 114208] exit success!
[SUCCESS][AIV_3][pid 114209] exit success!
splits=1 empty_segments=1
[TmSim]: Run in serial mode.
[TmSim]: Run in serial mode.
[TmSim]: Run in serial mode.
[TmSim]: Run in serial mode.
[SUCCESS][CORE_0][pid 114214] exit success!
[SUCCESS][CORE_1][pid 114215] exit success!
[SUCCESS][CORE_2][pid 114216] exit success!
[SUCCESS][CORE_3][pid 114217] exit success!
max_abs=8.9407e-07 file=/home/sunao2000.linux/gpt_new_oscar/artifacts/cv_cpu_cases/d64_q65_c17/expected_output.bin
max_abs=4.76837e-07 file=/home/sunao2000.linux/gpt_new_oscar/artifacts/cv_cpu_cases/d64_q65_c17/expected_lse.bin
{"backend":"ascendc_cpu_debug","op":"attention_cv","status":"passed"}
RESULT {"phase": "009-attention_cv", "command": ["/home/sunao2000.linux/gpt_new_oscar/build/cpu/oscar_cv_cpu", "attention_cv", "/home/sunao2000.linux/gpt_new_oscar/artifacts/cv_cpu_cases/d64_q65_c17"], "returncode": 0, "elapsed_seconds": 5.552668, "timed_out": false, "interrupted": false, "log": "/home/sunao2000.linux/gpt_new_oscar/logs/vm-cv/009-attention_cv.log", "cleanup_complete": true}
[oscar] PASSED phase=009-attention_cv rc=0 log=logs/vm-cv/009-attention_cv.log
START phase=010-attention_cv cwd=/home/sunao2000.linux/gpt_new_oscar command=["/home/sunao2000.linux/gpt_new_oscar/build/cpu/oscar_cv_cpu", "attention_cv", "/home/sunao2000.linux/gpt_new_oscar/artifacts/cv_cpu_cases/d64_q33_c511_hk2"]
[TmSim]: Run in serial mode.
[TmSim]: Run in serial mode.
[TmSim]: Run in serial mode.
[TmSim]: Run in serial mode.
[SUCCESS][CORE_0][pid 114220] exit success!
[SUCCESS][CORE_1][pid 114221] exit success!
[SUCCESS][CORE_2][pid 114222] exit success!
[SUCCESS][CORE_3][pid 114223] exit success!
[TmSim]: Run in serial mode.
[TmSim]: Run in serial mode.
[TmSim]: Run in serial mode.
[TmSim]: Run in serial mode.
[SUCCESS][CORE_0][pid 114224] exit success!
[SUCCESS][CORE_1][pid 114225] exit success!
[SUCCESS][CORE_2][pid 114226] exit success!
[SUCCESS][CORE_3][pid 114227] exit success!
metadata padded request and changed-slot cases passed
[TmSim]: Run in serial mode.
[TmSim]: Run in serial mode.
[TmSim]: Run in serial mode.
[TmSim]: Run in serial mode.
[SUCCESS][CORE_0][pid 114228] exit success!
[SUCCESS][CORE_1][pid 114229] exit success!
[SUCCESS][CORE_2][pid 114230] exit success!
[SUCCESS][CORE_3][pid 114231] exit success!
[TmSim]: Run in serial mode.
[TmSim]: Run in serial mode.
[TmSim]: Run in serial mode.
[TmSim]: Run in serial mode.
[SUCCESS][CORE_0][pid 114232] exit success!
[SUCCESS][CORE_1][pid 114233] exit success!
[SUCCESS][CORE_2][pid 114234] exit success!
[SUCCESS][CORE_3][pid 114235] exit success!
[TmSim]: Run in serial mode.
[TmSim]: Run in serial mode.
[TmSim]: Run in serial mode.
[SUCCESS][CORE_0][pid 114236] exit success!
[TmSim]: Run in serial mode.
[SUCCESS][CORE_1][pid 114237] exit success!
[SUCCESS][CORE_2][pid 114238] exit success!
[SUCCESS][CORE_3][pid 114239] exit success!
MTP slot-derived context, duplicate and missing page cases passed
[TmSim]: Run in serial mode.
[TmSim]: Run in serial mode.
[TmSim]: Run in serial mode.
[TmSim]: Run in serial mode.
[SUCCESS][CORE_0][pid 114241] exit success!
[SUCCESS][CORE_1][pid 114242] exit success!
[SUCCESS][CORE_2][pid 114243] exit success!
[SUCCESS][CORE_3][pid 114244] exit success!
[oscar] phase=cv-debug running seconds=30.1 log=/Users/sunao2000/gpt_new_oscar/reports/vm/logs/cv-debug.log
[oscar] phase=010-attention_cv running seconds=15.1 log=logs/vm-cv/010-attention_cv.log
[TmSim]: Run in serial mode.
[TmSim]: Run in serial mode.
[TmSim]: Run in serial mode.
[TmSim]: Run in serial mode.
[SUCCESS][AIC_0][pid 114245] exit success!
[TmSim]: Run in serial mode.
[TmSim]: Run in serial mode.
[SUCCESS][AIV_0][pid 114246] exit success!
[SUCCESS][AIV_1][pid 114247] exit success!
[SUCCESS][AIC_1][pid 114248] exit success!
[SUCCESS][AIV_2][pid 114249] exit success!
[SUCCESS][AIV_3][pid 114250] exit success!
splits=1 empty_segments=0
[TmSim]: Run in serial mode.
[TmSim]: Run in serial mode.
[TmSim]: Run in serial mode.
[TmSim]: Run in serial mode.
[SUCCESS][CORE_0][pid 114257] exit success!
[SUCCESS][CORE_1][pid 114258] exit success!
[SUCCESS][CORE_2][pid 114259] exit success!
[SUCCESS][CORE_3][pid 114260] exit success!
max_abs=1.13249e-06 file=/home/sunao2000.linux/gpt_new_oscar/artifacts/cv_cpu_cases/d64_q33_c511_hk2/expected_output.bin
max_abs=9.53674e-07 file=/home/sunao2000.linux/gpt_new_oscar/artifacts/cv_cpu_cases/d64_q33_c511_hk2/expected_lse.bin
{"backend":"ascendc_cpu_debug","op":"attention_cv","status":"passed"}
RESULT {"phase": "010-attention_cv", "command": ["/home/sunao2000.linux/gpt_new_oscar/build/cpu/oscar_cv_cpu", "attention_cv", "/home/sunao2000.linux/gpt_new_oscar/artifacts/cv_cpu_cases/d64_q33_c511_hk2"], "returncode": 0, "elapsed_seconds": 19.636521, "timed_out": false, "interrupted": false, "log": "/home/sunao2000.linux/gpt_new_oscar/logs/vm-cv/010-attention_cv.log", "cleanup_complete": true}
[oscar] PASSED phase=010-attention_cv rc=0 log=logs/vm-cv/010-attention_cv.log
START phase=011-attention_cv cwd=/home/sunao2000.linux/gpt_new_oscar command=["/home/sunao2000.linux/gpt_new_oscar/build/cpu/oscar_cv_cpu", "attention_cv", "/home/sunao2000.linux/gpt_new_oscar/artifacts/cv_cpu_cases/d128_q17_c511_hk2"]
[TmSim]: Run in serial mode.
[TmSim]: Run in serial mode.
[TmSim]: Run in serial mode.
[TmSim]: Run in serial mode.
[SUCCESS][CORE_0][pid 114263] exit success!
[SUCCESS][CORE_1][pid 114264] exit success!
[SUCCESS][CORE_2][pid 114265] exit success!
[SUCCESS][CORE_3][pid 114266] exit success!
[TmSim]: Run in serial mode.
[TmSim]: Run in serial mode.
[TmSim]: Run in serial mode.
[TmSim]: Run in serial mode.
[SUCCESS][CORE_0][pid 114267] exit success!
[SUCCESS][CORE_1][pid 114268] exit success!
[SUCCESS][CORE_2][pid 114269] exit success!
[SUCCESS][CORE_3][pid 114270] exit success!
metadata padded request and changed-slot cases passed
[TmSim]: Run in serial mode.
[TmSim]: Run in serial mode.
[TmSim]: Run in serial mode.
[SUCCESS][CORE_0][pid 114271] exit success!
[TmSim]: Run in serial mode.
[SUCCESS][CORE_1][pid 114272] exit success!
[SUCCESS][CORE_2][pid 114273] exit success!
[SUCCESS][CORE_3][pid 114274] exit success!
[TmSim]: Run in serial mode.
[TmSim]: Run in serial mode.
[TmSim]: Run in serial mode.
[TmSim]: Run in serial mode.
[SUCCESS][CORE_0][pid 114275] exit success!
[SUCCESS][CORE_1][pid 114276] exit success!
[SUCCESS][CORE_2][pid 114277] exit success!
[SUCCESS][CORE_3][pid 114278] exit success!
[TmSim]: Run in serial mode.
[TmSim]: Run in serial mode.
[TmSim]: Run in serial mode.
[TmSim]: Run in serial mode.
[SUCCESS][CORE_0][pid 114279] exit success!
[SUCCESS][CORE_1][pid 114280] exit success!
[SUCCESS][CORE_2][pid 114281] exit success!
[SUCCESS][CORE_3][pid 114282] exit success!
MTP slot-derived context, duplicate and missing page cases passed
[TmSim]: Run in serial mode.
[TmSim]: Run in serial mode.
[TmSim]: Run in serial mode.
[TmSim]: Run in serial mode.
[SUCCESS][CORE_0][pid 114283] exit success!
[SUCCESS][CORE_1][pid 114284] exit success!
[SUCCESS][CORE_2][pid 114285] exit success!
[SUCCESS][CORE_3][pid 114286] exit success!
[oscar] phase=cv-debug running seconds=45.2 log=/Users/sunao2000/gpt_new_oscar/reports/vm/logs/cv-debug.log
[TmSim]: Run in serial mode.
[TmSim]: Run in serial mode.
[TmSim]: Run in serial mode.
[TmSim]: Run in serial mode.
[SUCCESS][AIC_0][pid 114287] exit success!
[TmSim]: Run in serial mode.
[TmSim]: Run in serial mode.
[SUCCESS][AIV_0][pid 114288] exit success!
[SUCCESS][AIV_1][pid 114289] exit success!
[SUCCESS][AIC_1][pid 114290] exit success!
[SUCCESS][AIV_2][pid 114291] exit success!
[SUCCESS][AIV_3][pid 114292] exit success!
splits=1 empty_segments=0
[TmSim]: Run in serial mode.
[SUCCESS][CORE_0][pid 114298] exit success!
[TmSim]: Run in serial mode.
[TmSim]: Run in serial mode.
[TmSim]: Run in serial mode.
[SUCCESS][CORE_1][pid 114299] exit success!
[SUCCESS][CORE_2][pid 114300] exit success!
[SUCCESS][CORE_3][pid 114301] exit success!
max_abs=6.4075e-07 file=/home/sunao2000.linux/gpt_new_oscar/artifacts/cv_cpu_cases/d128_q17_c511_hk2/expected_output.bin
max_abs=4.76837e-07 file=/home/sunao2000.linux/gpt_new_oscar/artifacts/cv_cpu_cases/d128_q17_c511_hk2/expected_lse.bin
{"backend":"ascendc_cpu_debug","op":"attention_cv","status":"passed"}
RESULT {"phase": "011-attention_cv", "command": ["/home/sunao2000.linux/gpt_new_oscar/build/cpu/oscar_cv_cpu", "attention_cv", "/home/sunao2000.linux/gpt_new_oscar/artifacts/cv_cpu_cases/d128_q17_c511_hk2"], "returncode": 0, "elapsed_seconds": 11.942141, "timed_out": false, "interrupted": false, "log": "/home/sunao2000.linux/gpt_new_oscar/logs/vm-cv/011-attention_cv.log", "cleanup_complete": true}
[oscar] PASSED phase=011-attention_cv rc=0 log=logs/vm-cv/011-attention_cv.log
START phase=012-attention_cv cwd=/home/sunao2000.linux/gpt_new_oscar command=["/home/sunao2000.linux/gpt_new_oscar/build/cpu/oscar_cv_cpu", "attention_cv", "/home/sunao2000.linux/gpt_new_oscar/artifacts/cv_cpu_cases/d256_q17_c511_hk2"]
[TmSim]: Run in serial mode.
[TmSim]: Run in serial mode.
[TmSim]: Run in serial mode.
[SUCCESS][CORE_0][pid 114304] exit success!
[TmSim]: Run in serial mode.
[SUCCESS][CORE_1][pid 114305] exit success!
[SUCCESS][CORE_2][pid 114306] exit success!
[SUCCESS][CORE_3][pid 114307] exit success!
[TmSim]: Run in serial mode.
[TmSim]: Run in serial mode.
[TmSim]: Run in serial mode.
[TmSim]: Run in serial mode.
[SUCCESS][CORE_0][pid 114308] exit success!
[SUCCESS][CORE_1][pid 114309] exit success!
[SUCCESS][CORE_2][pid 114310] exit success!
[SUCCESS][CORE_3][pid 114311] exit success!
metadata padded request and changed-slot cases passed
[TmSim]: Run in serial mode.
[TmSim]: Run in serial mode.
[SUCCESS][CORE_0][pid 114312] exit success!
[TmSim]: Run in serial mode.
[SUCCESS][CORE_1][pid 114313] exit success!
[TmSim]: Run in serial mode.
[SUCCESS][CORE_2][pid 114314] exit success!
[SUCCESS][CORE_3][pid 114315] exit success!
[TmSim]: Run in serial mode.
[TmSim]: Run in serial mode.
[TmSim]: Run in serial mode.
[TmSim]: Run in serial mode.
[SUCCESS][CORE_0][pid 114316] exit success!
[SUCCESS][CORE_1][pid 114317] exit success!
[SUCCESS][CORE_2][pid 114318] exit success!
[SUCCESS][CORE_3][pid 114319] exit success!
[TmSim]: Run in serial mode.
[TmSim]: Run in serial mode.
[TmSim]: Run in serial mode.
[TmSim]: Run in serial mode.
[SUCCESS][CORE_0][pid 114320] exit success!
[SUCCESS][CORE_1][pid 114321] exit success!
[SUCCESS][CORE_2][pid 114322] exit success!
[SUCCESS][CORE_3][pid 114323] exit success!
MTP slot-derived context, duplicate and missing page cases passed
[TmSim]: Run in serial mode.
[TmSim]: Run in serial mode.
[TmSim]: Run in serial mode.
[TmSim]: Run in serial mode.
[SUCCESS][CORE_0][pid 114324] exit success!
[SUCCESS][CORE_1][pid 114325] exit success!
[SUCCESS][CORE_2][pid 114326] exit success!
[SUCCESS][CORE_3][pid 114327] exit success!
[oscar] phase=cv-debug running seconds=60.3 log=/Users/sunao2000/gpt_new_oscar/reports/vm/logs/cv-debug.log
[TmSim]: Run in serial mode.
[TmSim]: Run in serial mode.
[TmSim]: Run in serial mode.
[oscar] phase=012-attention_cv running seconds=15.1 log=logs/vm-cv/012-attention_cv.log
[TmSim]: Run in serial mode.
[SUCCESS][AIC_0][pid 114328] exit success!
[TmSim]: Run in serial mode.
[TmSim]: Run in serial mode.
[SUCCESS][AIV_0][pid 114329] exit success!
[SUCCESS][AIV_1][pid 114330] exit success!
[SUCCESS][AIC_1][pid 114331] exit success!
[SUCCESS][AIV_2][pid 114332] exit success!
[SUCCESS][AIV_3][pid 114333] exit success!
splits=1 empty_segments=0
[TmSim]: Run in serial mode.
[TmSim]: Run in serial mode.
[SUCCESS][CORE_0][pid 114340] exit success!
[TmSim]: Run in serial mode.
[TmSim]: Run in serial mode.
[SUCCESS][CORE_1][pid 114341] exit success!
[SUCCESS][CORE_2][pid 114342] exit success!
[SUCCESS][CORE_3][pid 114343] exit success!
max_abs=8.34465e-07 file=/home/sunao2000.linux/gpt_new_oscar/artifacts/cv_cpu_cases/d256_q17_c511_hk2/expected_output.bin
max_abs=9.53674e-07 file=/home/sunao2000.linux/gpt_new_oscar/artifacts/cv_cpu_cases/d256_q17_c511_hk2/expected_lse.bin
{"backend":"ascendc_cpu_debug","op":"attention_cv","status":"passed"}
RESULT {"phase": "012-attention_cv", "command": ["/home/sunao2000.linux/gpt_new_oscar/build/cpu/oscar_cv_cpu", "attention_cv", "/home/sunao2000.linux/gpt_new_oscar/artifacts/cv_cpu_cases/d256_q17_c511_hk2"], "returncode": 0, "elapsed_seconds": 17.269113, "timed_out": false, "interrupted": false, "log": "/home/sunao2000.linux/gpt_new_oscar/logs/vm-cv/012-attention_cv.log", "cleanup_complete": true}
[oscar] PASSED phase=012-attention_cv rc=0 log=logs/vm-cv/012-attention_cv.log
START phase=013-attention_cv cwd=/home/sunao2000.linux/gpt_new_oscar command=["/home/sunao2000.linux/gpt_new_oscar/build/cpu/oscar_cv_cpu", "attention_cv", "/home/sunao2000.linux/gpt_new_oscar/artifacts/cv_cpu_cases/d64_q4_c65_s2"]
[TmSim]: Run in serial mode.
[TmSim]: Run in serial mode.
[TmSim]: Run in serial mode.
[SUCCESS][CORE_0][pid 114346] exit success!
[SUCCESS][CORE_1][pid 114347] exit success!
[SUCCESS][CORE_2][pid 114348] exit success!
[TmSim]: Run in serial mode.
[SUCCESS][CORE_3][pid 114349] exit success!
[TmSim]: Run in serial mode.
[TmSim]: Run in serial mode.
[TmSim]: Run in serial mode.
[TmSim]: Run in serial mode.
[SUCCESS][CORE_0][pid 114350] exit success!
[SUCCESS][CORE_1][pid 114351] exit success!
[SUCCESS][CORE_2][pid 114352] exit success!
[SUCCESS][CORE_3][pid 114353] exit success!
metadata padded request and changed-slot cases passed
[TmSim]: Run in serial mode.
[TmSim]: Run in serial mode.
[TmSim]: Run in serial mode.
[TmSim]: Run in serial mode.
[SUCCESS][CORE_0][pid 114354] exit success!
[SUCCESS][CORE_1][pid 114355] exit success!
[SUCCESS][CORE_2][pid 114356] exit success!
[SUCCESS][CORE_3][pid 114357] exit success!
[TmSim]: Run in serial mode.
[TmSim]: Run in serial mode.
[TmSim]: Run in serial mode.
[SUCCESS][CORE_0][pid 114358] exit success!
[TmSim]: Run in serial mode.
[SUCCESS][CORE_1][pid 114359] exit success!
[SUCCESS][CORE_2][pid 114360] exit success!
[SUCCESS][CORE_3][pid 114361] exit success!
[TmSim]: Run in serial mode.
[TmSim]: Run in serial mode.
[TmSim]: Run in serial mode.
[TmSim]: Run in serial mode.
[SUCCESS][CORE_0][pid 114362] exit success!
[SUCCESS][CORE_1][pid 114363] exit success!
[SUCCESS][CORE_2][pid 114364] exit success!
[SUCCESS][CORE_3][pid 114365] exit success!
MTP slot-derived context, duplicate and missing page cases passed
[TmSim]: Run in serial mode.
[TmSim]: Run in serial mode.
[TmSim]: Run in serial mode.
[TmSim]: Run in serial mode.
[SUCCESS][CORE_0][pid 114366] exit success!
[SUCCESS][CORE_1][pid 114367] exit success!
[SUCCESS][CORE_2][pid 114368] exit success!
[SUCCESS][CORE_3][pid 114369] exit success!
[TmSim]: Run in serial mode.
[TmSim]: Run in serial mode.
[TmSim]: Run in serial mode.
[TmSim]: Run in serial mode.
[TmSim]: Run in serial mode.
[TmSim]: Run in serial mode.
[TmSim]: Run in serial mode.
[TmSim]: Run in serial mode.
[TmSim]: Run in serial mode.
[TmSim]: Run in serial mode.
[TmSim]: Run in serial mode.
[TmSim]: Run in serial mode.
[TmSim]: Run in serial mode.
[TmSim]: Run in serial mode.
[TmSim]: Run in serial mode.
[TmSim]: Run in serial mode.
[TmSim]: Run in serial mode.
[TmSim]: Run in serial mode.
[TmSim]: Run in serial mode.
[TmSim]: Run in serial mode.
[TmSim]: Run in serial mode.
[TmSim]: Run in serial mode.
[TmSim]: Run in serial mode.
[TmSim]: Run in serial mode.
[TmSim]: Run in serial mode.
[TmSim]: Run in serial mode.
[TmSim]: Run in serial mode.
[TmSim]: Run in serial mode.
[TmSim]: Run in serial mode.
[TmSim]: Run in serial mode.
[TmSim]: Run in serial mode.
[TmSim]: Run in serial mode.
[TmSim]: Run in serial mode.
[TmSim]: Run in serial mode.
[TmSim]: Run in serial mode.
[TmSim]: Run in serial mode.
[TmSim]: Run in serial mode.
[TmSim]: Run in serial mode.
[TmSim]: Run in serial mode.
[TmSim]: Run in serial mode.
[TmSim]: Run in serial mode.
[TmSim]: Run in serial mode.
[TmSim]: Run in serial mode.
[TmSim]: Run in serial mode.
[TmSim]: Run in serial mode.
[TmSim]: Run in serial mode.
[TmSim]: Run in serial mode.
[TmSim]: Run in serial mode.
[TmSim]: Run in serial mode.
[TmSim]: Run in serial mode.
[SUCCESS][AIC_0][pid 114370] exit success!
[TmSim]: Run in serial mode.
[TmSim]: Run in serial mode.
[TmSim]: Run in serial mode.
[TmSim]: Run in serial mode.
[TmSim]: Run in serial mode.
[TmSim]: Run in serial mode.
[TmSim]: Run in serial mode.
[TmSim]: Run in serial mode.
[SUCCESS][AIV_0][pid 114371] exit success!
[SUCCESS][AIV_1][pid 114372] exit success!
[SUCCESS][AIC_1][pid 114373] exit success!
[TmSim]: Run in serial mode.
[TmSim]: Run in serial mode.
[SUCCESS][AIV_2][pid 114374] exit success!
[SUCCESS][AIV_3][pid 114375] exit success!
[SUCCESS][AIC_2][pid 114376] exit success!
[SUCCESS][AIV_4][pid 114377] exit success!
[SUCCESS][AIV_5][pid 114378] exit success!
[SUCCESS][AIC_3][pid 114379] exit success!
[SUCCESS][AIV_6][pid 114380] exit success!
[SUCCESS][AIV_7][pid 114381] exit success!
[SUCCESS][AIC_4][pid 114382] exit success!
[SUCCESS][AIV_8][pid 114383] exit success!
[SUCCESS][AIV_9][pid 114384] exit success!
[SUCCESS][AIC_5][pid 114385] exit success!
[SUCCESS][AIV_10][pid 114386] exit success!
[SUCCESS][AIV_11][pid 114387] exit success!
[SUCCESS][AIC_6][pid 114388] exit success!
[SUCCESS][AIV_12][pid 114389] exit success!
[SUCCESS][AIV_13][pid 114390] exit success!
[SUCCESS][AIC_7][pid 114391] exit success!
[SUCCESS][AIV_14][pid 114392] exit success!
[SUCCESS][AIV_15][pid 114393] exit success!
[SUCCESS][AIC_8][pid 114394] exit success!
[SUCCESS][AIV_16][pid 114395] exit success!
[SUCCESS][AIV_17][pid 114396] exit success!
[SUCCESS][AIC_9][pid 114397] exit success!
[SUCCESS][AIV_18][pid 114398] exit success!
[SUCCESS][AIV_19][pid 114399] exit success!
[SUCCESS][AIC_10][pid 114400] exit success!
[SUCCESS][AIV_20][pid 114401] exit success!
[SUCCESS][AIV_21][pid 114402] exit success!
[SUCCESS][AIC_11][pid 114403] exit success!
[SUCCESS][AIV_22][pid 114404] exit success!
[SUCCESS][AIV_23][pid 114405] exit success!
[SUCCESS][AIC_12][pid 114406] exit success!
[SUCCESS][AIV_24][pid 114407] exit success!
[SUCCESS][AIV_25][pid 114408] exit success!
[SUCCESS][AIC_13][pid 114409] exit success!
[SUCCESS][AIV_26][pid 114410] exit success!
[SUCCESS][AIV_27][pid 114411] exit success!
[SUCCESS][AIC_14][pid 114412] exit success!
[SUCCESS][AIV_28][pid 114413] exit success!
[SUCCESS][AIV_29][pid 114414] exit success!
[SUCCESS][AIC_15][pid 114415] exit success!
[SUCCESS][AIV_30][pid 114416] exit success!
[SUCCESS][AIV_31][pid 114417] exit success!
[SUCCESS][AIC_16][pid 114418] exit success!
[SUCCESS][AIV_32][pid 114419] exit success!
[SUCCESS][AIV_33][pid 114420] exit success!
[SUCCESS][AIC_17][pid 114421] exit success!
[SUCCESS][AIV_34][pid 114422] exit success!
[SUCCESS][AIV_35][pid 114423] exit success!
[SUCCESS][AIC_18][pid 114424] exit success!
[SUCCESS][AIV_36][pid 114425] exit success!
[SUCCESS][AIV_37][pid 114426] exit success!
[SUCCESS][AIC_19][pid 114427] exit success!
[SUCCESS][AIV_38][pid 114428] exit success!
[SUCCESS][AIV_39][pid 114429] exit success!
splits=2 empty_segments=0
[TmSim]: Run in serial mode.
[TmSim]: Run in serial mode.
[SUCCESS][CORE_0][pid 114430] exit success!
[SUCCESS][CORE_1][pid 114431] exit success!
[TmSim]: Run in serial mode.
[TmSim]: Run in serial mode.
[SUCCESS][CORE_2][pid 114432] exit success!
[SUCCESS][CORE_3][pid 114433] exit success!
max_abs=3.57628e-07 file=/home/sunao2000.linux/gpt_new_oscar/artifacts/cv_cpu_cases/d64_q4_c65_s2/expected_output.bin
max_abs=4.76837e-07 file=/home/sunao2000.linux/gpt_new_oscar/artifacts/cv_cpu_cases/d64_q4_c65_s2/expected_lse.bin
{"backend":"ascendc_cpu_debug","op":"attention_cv","status":"passed"}
RESULT {"phase": "013-attention_cv", "command": ["/home/sunao2000.linux/gpt_new_oscar/build/cpu/oscar_cv_cpu", "attention_cv", "/home/sunao2000.linux/gpt_new_oscar/artifacts/cv_cpu_cases/d64_q4_c65_s2"], "returncode": 0, "elapsed_seconds": 0.815661, "timed_out": false, "interrupted": false, "log": "/home/sunao2000.linux/gpt_new_oscar/logs/vm-cv/013-attention_cv.log", "cleanup_complete": true}
[oscar] PASSED phase=013-attention_cv rc=0 log=logs/vm-cv/013-attention_cv.log
START phase=014-attention_cv cwd=/home/sunao2000.linux/gpt_new_oscar command=["/home/sunao2000.linux/gpt_new_oscar/build/cpu/oscar_cv_cpu", "attention_cv", "/home/sunao2000.linux/gpt_new_oscar/artifacts/cv_cpu_cases/d64_q4_c65_s20"]
[TmSim]: Run in serial mode.
[TmSim]: Run in serial mode.
[TmSim]: Run in serial mode.
[TmSim]: Run in serial mode.
[SUCCESS][CORE_0][pid 114436] exit success!
[SUCCESS][CORE_1][pid 114437] exit success!
[SUCCESS][CORE_2][pid 114438] exit success!
[SUCCESS][CORE_3][pid 114439] exit success!
[TmSim]: Run in serial mode.
[TmSim]: Run in serial mode.
[TmSim]: Run in serial mode.
[TmSim]: Run in serial mode.
[SUCCESS][CORE_0][pid 114440] exit success!
[SUCCESS][CORE_1][pid 114441] exit success!
[SUCCESS][CORE_2][pid 114442] exit success!
[SUCCESS][CORE_3][pid 114443] exit success!
metadata padded request and changed-slot cases passed
[TmSim]: Run in serial mode.
[TmSim]: Run in serial mode.
[TmSim]: Run in serial mode.
[TmSim]: Run in serial mode.
[SUCCESS][CORE_0][pid 114444] exit success!
[SUCCESS][CORE_1][pid 114445] exit success!
[SUCCESS][CORE_2][pid 114446] exit success!
[SUCCESS][CORE_3][pid 114447] exit success!
[TmSim]: Run in serial mode.
[TmSim]: Run in serial mode.
[TmSim]: Run in serial mode.
[TmSim]: Run in serial mode.
[SUCCESS][CORE_0][pid 114448] exit success!
[SUCCESS][CORE_1][pid 114449] exit success!
[SUCCESS][CORE_2][pid 114450] exit success!
[SUCCESS][CORE_3][pid 114451] exit success!
[TmSim]: Run in serial mode.
[TmSim]: Run in serial mode.
[TmSim]: Run in serial mode.
[TmSim]: Run in serial mode.
[SUCCESS][CORE_0][pid 114452] exit success!
[SUCCESS][CORE_1][pid 114453] exit success!
[SUCCESS][CORE_2][pid 114454] exit success!
[SUCCESS][CORE_3][pid 114455] exit success!
MTP slot-derived context, duplicate and missing page cases passed
[TmSim]: Run in serial mode.
[TmSim]: Run in serial mode.
[TmSim]: Run in serial mode.
[TmSim]: Run in serial mode.
[SUCCESS][CORE_0][pid 114456] exit success!
[SUCCESS][CORE_1][pid 114457] exit success!
[SUCCESS][CORE_2][pid 114458] exit success!
[SUCCESS][CORE_3][pid 114459] exit success!
[TmSim]: Run in serial mode.
[TmSim]: Run in serial mode.
[TmSim]: Run in serial mode.
[TmSim]: Run in serial mode.
[oscar] phase=cv-debug running seconds=75.4 log=/Users/sunao2000/gpt_new_oscar/reports/vm/logs/cv-debug.log
[TmSim]: Run in serial mode.
[TmSim]: Run in serial mode.
[TmSim]: Run in serial mode.
[TmSim]: Run in serial mode.
[TmSim]: Run in serial mode.
[TmSim]: Run in serial mode.
[TmSim]: Run in serial mode.
[TmSim]: Run in serial mode.
[TmSim]: Run in serial mode.
[TmSim]: Run in serial mode.
[TmSim]: Run in serial mode.
[TmSim]: Run in serial mode.
[TmSim]: Run in serial mode.
[TmSim]: Run in serial mode.
[TmSim]: Run in serial mode.
[TmSim]: Run in serial mode.
[TmSim]: Run in serial mode.
[TmSim]: Run in serial mode.
[TmSim]: Run in serial mode.
[TmSim]: Run in serial mode.
[TmSim]: Run in serial mode.
[TmSim]: Run in serial mode.
[TmSim]: Run in serial mode.
[TmSim]: Run in serial mode.
[TmSim]: Run in serial mode.
[TmSim]: Run in serial mode.
[TmSim]: Run in serial mode.
[TmSim]: Run in serial mode.
[TmSim]: Run in serial mode.
[TmSim]: Run in serial mode.
[TmSim]: Run in serial mode.
[TmSim]: Run in serial mode.
[TmSim]: Run in serial mode.
[TmSim]: Run in serial mode.
[TmSim]: Run in serial mode.
[TmSim]: Run in serial mode.
[SUCCESS][AIC_0][pid 114460] exit success!
[TmSim]: Run in serial mode.
[TmSim]: Run in serial mode.
[TmSim]: Run in serial mode.
[TmSim]: Run in serial mode.
[TmSim]: Run in serial mode.
[TmSim]: Run in serial mode.
[TmSim]: Run in serial mode.
[TmSim]: Run in serial mode.
[TmSim]: Run in serial mode.
[TmSim]: Run in serial mode.
[TmSim]: Run in serial mode.
[SUCCESS][AIV_0][pid 114461] exit success!
[SUCCESS][AIV_1][pid 114462] exit success!
[TmSim]: Run in serial mode.
[TmSim]: Run in serial mode.
[TmSim]: Run in serial mode.
[TmSim]: Run in serial mode.
[SUCCESS][AIC_1][pid 114463] exit success!
[TmSim]: Run in serial mode.
[TmSim]: Run in serial mode.
[SUCCESS][AIV_2][pid 114464] exit success!
[SUCCESS][AIV_3][pid 114465] exit success!
[SUCCESS][AIC_2][pid 114466] exit success!
[SUCCESS][AIV_4][pid 114467] exit success!
[SUCCESS][AIV_5][pid 114468] exit success!
[TmSim]: Run in serial mode.
[SUCCESS][AIC_3][pid 114469] exit success!
[TmSim]: Run in serial mode.
[TmSim]: Run in serial mode.
[SUCCESS][AIV_6][pid 114470] exit success!
[SUCCESS][AIV_7][pid 114471] exit success!
[SUCCESS][AIC_4][pid 114472] exit success!
[SUCCESS][AIV_8][pid 114473] exit success!
[SUCCESS][AIV_9][pid 114474] exit success!
[SUCCESS][AIC_5][pid 114475] exit success!
[SUCCESS][AIV_10][pid 114476] exit success!
[SUCCESS][AIV_11][pid 114477] exit success!
[SUCCESS][AIC_6][pid 114478] exit success!
[SUCCESS][AIV_12][pid 114479] exit success!
[SUCCESS][AIV_13][pid 114480] exit success!
[SUCCESS][AIC_7][pid 114481] exit success!
[SUCCESS][AIV_14][pid 114482] exit success!
[SUCCESS][AIV_15][pid 114483] exit success!
[SUCCESS][AIC_8][pid 114484] exit success!
[SUCCESS][AIV_16][pid 114485] exit success!
[SUCCESS][AIV_17][pid 114486] exit success!
[SUCCESS][AIC_9][pid 114487] exit success!
[SUCCESS][AIV_18][pid 114488] exit success!
[SUCCESS][AIV_19][pid 114489] exit success!
[SUCCESS][AIC_10][pid 114490] exit success!
[SUCCESS][AIV_20][pid 114491] exit success!
[SUCCESS][AIV_21][pid 114492] exit success!
[SUCCESS][AIC_11][pid 114493] exit success!
[SUCCESS][AIV_22][pid 114494] exit success!
[SUCCESS][AIV_23][pid 114495] exit success!
[SUCCESS][AIC_12][pid 114496] exit success!
[SUCCESS][AIV_24][pid 114497] exit success!
[SUCCESS][AIV_25][pid 114498] exit success!
[SUCCESS][AIC_13][pid 114499] exit success!
[SUCCESS][AIV_26][pid 114500] exit success!
[SUCCESS][AIV_27][pid 114501] exit success!
[SUCCESS][AIC_14][pid 114502] exit success!
[SUCCESS][AIV_28][pid 114503] exit success!
[SUCCESS][AIV_29][pid 114504] exit success!
[SUCCESS][AIC_15][pid 114505] exit success!
[SUCCESS][AIV_30][pid 114506] exit success!
[SUCCESS][AIV_31][pid 114507] exit success!
[SUCCESS][AIC_16][pid 114508] exit success!
[SUCCESS][AIV_32][pid 114509] exit success!
[SUCCESS][AIV_33][pid 114510] exit success!
[SUCCESS][AIC_17][pid 114511] exit success!
[SUCCESS][AIV_34][pid 114512] exit success!
[SUCCESS][AIV_35][pid 114513] exit success!
[SUCCESS][AIC_18][pid 114514] exit success!
[SUCCESS][AIV_36][pid 114515] exit success!
[SUCCESS][AIV_37][pid 114516] exit success!
[SUCCESS][AIC_19][pid 114517] exit success!
[SUCCESS][AIV_38][pid 114518] exit success!
[SUCCESS][AIV_39][pid 114519] exit success!
splits=20 empty_segments=21
[TmSim]: Run in serial mode.
[TmSim]: Run in serial mode.
[SUCCESS][CORE_0][pid 114521] exit success!
[SUCCESS][CORE_1][pid 114522] exit success!
[TmSim]: Run in serial mode.
[TmSim]: Run in serial mode.
[SUCCESS][CORE_2][pid 114523] exit success!
[SUCCESS][CORE_3][pid 114524] exit success!
max_abs=3.57628e-07 file=/home/sunao2000.linux/gpt_new_oscar/artifacts/cv_cpu_cases/d64_q4_c65_s20/expected_output.bin
max_abs=4.76837e-07 file=/home/sunao2000.linux/gpt_new_oscar/artifacts/cv_cpu_cases/d64_q4_c65_s20/expected_lse.bin
{"backend":"ascendc_cpu_debug","op":"attention_cv","status":"passed"}
RESULT {"phase": "014-attention_cv", "command": ["/home/sunao2000.linux/gpt_new_oscar/build/cpu/oscar_cv_cpu", "attention_cv", "/home/sunao2000.linux/gpt_new_oscar/artifacts/cv_cpu_cases/d64_q4_c65_s20"], "returncode": 0, "elapsed_seconds": 3.439847, "timed_out": false, "interrupted": false, "log": "/home/sunao2000.linux/gpt_new_oscar/logs/vm-cv/014-attention_cv.log", "cleanup_complete": true}
[oscar] PASSED phase=014-attention_cv rc=0 log=logs/vm-cv/014-attention_cv.log
START phase=015-attention_cv cwd=/home/sunao2000.linux/gpt_new_oscar command=["/home/sunao2000.linux/gpt_new_oscar/build/cpu/oscar_cv_cpu", "attention_cv", "/home/sunao2000.linux/gpt_new_oscar/artifacts/cv_cpu_cases/d256_q4_c511_s20"]
[TmSim]: Run in serial mode.
[TmSim]: Run in serial mode.
[TmSim]: Run in serial mode.
[TmSim]: Run in serial mode.
[SUCCESS][CORE_0][pid 114527] exit success!
[SUCCESS][CORE_1][pid 114528] exit success!
[SUCCESS][CORE_2][pid 114529] exit success!
[SUCCESS][CORE_3][pid 114530] exit success!
[TmSim]: Run in serial mode.
[TmSim]: Run in serial mode.
[TmSim]: Run in serial mode.
[TmSim]: Run in serial mode.
[SUCCESS][CORE_0][pid 114531] exit success!
[SUCCESS][CORE_1][pid 114532] exit success!
[SUCCESS][CORE_2][pid 114533] exit success!
[SUCCESS][CORE_3][pid 114534] exit success!
metadata padded request and changed-slot cases passed
[TmSim]: Run in serial mode.
[TmSim]: Run in serial mode.
[TmSim]: Run in serial mode.
[SUCCESS][CORE_0][pid 114535] exit success!
[TmSim]: Run in serial mode.
[SUCCESS][CORE_1][pid 114536] exit success!
[SUCCESS][CORE_2][pid 114537] exit success!
[SUCCESS][CORE_3][pid 114538] exit success!
[TmSim]: Run in serial mode.
[TmSim]: Run in serial mode.
[TmSim]: Run in serial mode.
[TmSim]: Run in serial mode.
[SUCCESS][CORE_0][pid 114539] exit success!
[SUCCESS][CORE_1][pid 114540] exit success!
[SUCCESS][CORE_2][pid 114541] exit success!
[SUCCESS][CORE_3][pid 114542] exit success!
[TmSim]: Run in serial mode.
[TmSim]: Run in serial mode.
[TmSim]: Run in serial mode.
[TmSim]: Run in serial mode.
[SUCCESS][CORE_0][pid 114543] exit success!
[SUCCESS][CORE_1][pid 114544] exit success!
[SUCCESS][CORE_2][pid 114545] exit success!
[SUCCESS][CORE_3][pid 114546] exit success!
MTP slot-derived context, duplicate and missing page cases passed
[TmSim]: Run in serial mode.
[TmSim]: Run in serial mode.
[TmSim]: Run in serial mode.
[TmSim]: Run in serial mode.
[SUCCESS][CORE_0][pid 114547] exit success!
[SUCCESS][CORE_1][pid 114548] exit success!
[SUCCESS][CORE_2][pid 114549] exit success!
[SUCCESS][CORE_3][pid 114550] exit success!
[TmSim]: Run in serial mode.
[TmSim]: Run in serial mode.
[TmSim]: Run in serial mode.
[TmSim]: Run in serial mode.
[TmSim]: Run in serial mode.
[TmSim]: Run in serial mode.
[TmSim]: Run in serial mode.
[TmSim]: Run in serial mode.
[TmSim]: Run in serial mode.
[TmSim]: Run in serial mode.
[TmSim]: Run in serial mode.
[TmSim]: Run in serial mode.
[TmSim]: Run in serial mode.
[TmSim]: Run in serial mode.
[TmSim]: Run in serial mode.
[TmSim]: Run in serial mode.
[TmSim]: Run in serial mode.
[TmSim]: Run in serial mode.
[TmSim]: Run in serial mode.
[TmSim]: Run in serial mode.
[TmSim]: Run in serial mode.
[TmSim]: Run in serial mode.
[TmSim]: Run in serial mode.
[TmSim]: Run in serial mode.
[TmSim]: Run in serial mode.
[TmSim]: Run in serial mode.
[TmSim]: Run in serial mode.
[TmSim]: Run in serial mode.
[TmSim]: Run in serial mode.
[TmSim]: Run in serial mode.
[TmSim]: Run in serial mode.
[TmSim]: Run in serial mode.
[TmSim]: Run in serial mode.
[TmSim]: Run in serial mode.
[TmSim]: Run in serial mode.
[TmSim]: Run in serial mode.
[TmSim]: Run in serial mode.
[TmSim]: Run in serial mode.
[TmSim]: Run in serial mode.
[TmSim]: Run in serial mode.
[TmSim]: Run in serial mode.
[TmSim]: Run in serial mode.
[TmSim]: Run in serial mode.
[TmSim]: Run in serial mode.
[TmSim]: Run in serial mode.
[TmSim]: Run in serial mode.
[TmSim]: Run in serial mode.
[TmSim]: Run in serial mode.
[TmSim]: Run in serial mode.
[SUCCESS][AIC_0][pid 114551] exit success!
[TmSim]: Run in serial mode.
[TmSim]: Run in serial mode.
[TmSim]: Run in serial mode.
[TmSim]: Run in serial mode.
[TmSim]: Run in serial mode.
[TmSim]: Run in serial mode.
[TmSim]: Run in serial mode.
[TmSim]: Run in serial mode.
[TmSim]: Run in serial mode.
[TmSim]: Run in serial mode.
[SUCCESS][AIV_0][pid 114552] exit success!
[SUCCESS][AIV_1][pid 114553] exit success!
[SUCCESS][AIC_1][pid 114554] exit success!
[SUCCESS][AIV_2][pid 114555] exit success!
[SUCCESS][AIV_3][pid 114556] exit success!
[SUCCESS][AIC_2][pid 114557] exit success!
[TmSim]: Run in serial mode.
[SUCCESS][AIV_4][pid 114558] exit success!
[SUCCESS][AIV_5][pid 114559] exit success!
[SUCCESS][AIC_3][pid 114560] exit success!
[SUCCESS][AIV_6][pid 114561] exit success!
[SUCCESS][AIV_7][pid 114562] exit success!
[SUCCESS][AIC_4][pid 114563] exit success!
[SUCCESS][AIV_8][pid 114564] exit success!
[SUCCESS][AIV_9][pid 114565] exit success!
[SUCCESS][AIC_5][pid 114566] exit success!
[SUCCESS][AIV_10][pid 114567] exit success!
[SUCCESS][AIV_11][pid 114568] exit success!
[SUCCESS][AIC_6][pid 114569] exit success!
[SUCCESS][AIV_12][pid 114570] exit success!
[SUCCESS][AIV_13][pid 114571] exit success!
[SUCCESS][AIC_7][pid 114572] exit success!
[SUCCESS][AIV_14][pid 114573] exit success!
[SUCCESS][AIV_15][pid 114574] exit success!
[SUCCESS][AIC_8][pid 114575] exit success!
[SUCCESS][AIV_16][pid 114576] exit success!
[SUCCESS][AIV_17][pid 114577] exit success!
[SUCCESS][AIC_9][pid 114578] exit success!
[SUCCESS][AIV_18][pid 114579] exit success!
[SUCCESS][AIV_19][pid 114580] exit success!
[SUCCESS][AIC_10][pid 114581] exit success!
[SUCCESS][AIV_20][pid 114582] exit success!
[SUCCESS][AIV_21][pid 114583] exit success!
[SUCCESS][AIC_11][pid 114584] exit success!
[SUCCESS][AIV_22][pid 114585] exit success!
[SUCCESS][AIV_23][pid 114586] exit success!
[SUCCESS][AIC_12][pid 114587] exit success!
[SUCCESS][AIV_24][pid 114588] exit success!
[SUCCESS][AIV_25][pid 114589] exit success!
[SUCCESS][AIC_13][pid 114590] exit success!
[SUCCESS][AIV_26][pid 114591] exit success!
[SUCCESS][AIV_27][pid 114592] exit success!
[SUCCESS][AIC_14][pid 114593] exit success!
[SUCCESS][AIV_28][pid 114594] exit success!
[SUCCESS][AIV_29][pid 114595] exit success!
[SUCCESS][AIC_15][pid 114596] exit success!
[SUCCESS][AIV_30][pid 114597] exit success!
[SUCCESS][AIV_31][pid 114598] exit success!
[SUCCESS][AIC_16][pid 114599] exit success!
[SUCCESS][AIV_32][pid 114600] exit success!
[SUCCESS][AIV_33][pid 114601] exit success!
[SUCCESS][AIC_17][pid 114602] exit success!
[SUCCESS][AIV_34][pid 114603] exit success!
[SUCCESS][AIV_35][pid 114604] exit success!
[SUCCESS][AIC_18][pid 114605] exit success!
[SUCCESS][AIV_36][pid 114606] exit success!
[SUCCESS][AIV_37][pid 114607] exit success!
[SUCCESS][AIC_19][pid 114608] exit success!
[SUCCESS][AIV_38][pid 114609] exit success!
[SUCCESS][AIV_39][pid 114610] exit success!
splits=20 empty_segments=18
[TmSim]: Run in serial mode.
[TmSim]: Run in serial mode.
[TmSim]: Run in serial mode.
[TmSim]: Run in serial mode.
[SUCCESS][CORE_0][pid 114613] exit success!
[SUCCESS][CORE_1][pid 114614] exit success!
[SUCCESS][CORE_2][pid 114615] exit success!
[SUCCESS][CORE_3][pid 114616] exit success!
max_abs=8.9407e-07 file=/home/sunao2000.linux/gpt_new_oscar/artifacts/cv_cpu_cases/d256_q4_c511_s20/expected_output.bin
max_abs=4.76837e-07 file=/home/sunao2000.linux/gpt_new_oscar/artifacts/cv_cpu_cases/d256_q4_c511_s20/expected_lse.bin
{"backend":"ascendc_cpu_debug","op":"attention_cv","status":"passed"}
RESULT {"phase": "015-attention_cv", "command": ["/home/sunao2000.linux/gpt_new_oscar/build/cpu/oscar_cv_cpu", "attention_cv", "/home/sunao2000.linux/gpt_new_oscar/artifacts/cv_cpu_cases/d256_q4_c511_s20"], "returncode": 0, "elapsed_seconds": 6.447976, "timed_out": false, "interrupted": false, "log": "/home/sunao2000.linux/gpt_new_oscar/logs/vm-cv/015-attention_cv.log", "cleanup_complete": true}
[oscar] PASSED phase=015-attention_cv rc=0 log=logs/vm-cv/015-attention_cv.log
START phase=016-attention_cv cwd=/home/sunao2000.linux/gpt_new_oscar command=["/home/sunao2000.linux/gpt_new_oscar/build/cpu/oscar_cv_cpu", "attention_cv", "/home/sunao2000.linux/gpt_new_oscar/artifacts/cv_cpu_cases/d64_q4_c0_s20"]
[TmSim]: Run in serial mode.
[TmSim]: Run in serial mode.
[TmSim]: Run in serial mode.
[TmSim]: Run in serial mode.
[SUCCESS][CORE_0][pid 114619] exit success!
[SUCCESS][CORE_1][pid 114620] exit success!
[SUCCESS][CORE_2][pid 114621] exit success!
[SUCCESS][CORE_3][pid 114622] exit success!
[TmSim]: Run in serial mode.
[TmSim]: Run in serial mode.
[TmSim]: Run in serial mode.
[TmSim]: Run in serial mode.
[SUCCESS][CORE_0][pid 114623] exit success!
[SUCCESS][CORE_1][pid 114624] exit success!
[SUCCESS][CORE_2][pid 114625] exit success!
[SUCCESS][CORE_3][pid 114626] exit success!
metadata padded request and changed-slot cases passed
[TmSim]: Run in serial mode.
[TmSim]: Run in serial mode.
[TmSim]: Run in serial mode.
[TmSim]: Run in serial mode.
[SUCCESS][CORE_0][pid 114627] exit success!
[SUCCESS][CORE_1][pid 114628] exit success!
[SUCCESS][CORE_2][pid 114629] exit success!
[SUCCESS][CORE_3][pid 114630] exit success!
[TmSim]: Run in serial mode.
[TmSim]: Run in serial mode.
[TmSim]: Run in serial mode.
[TmSim]: Run in serial mode.
[SUCCESS][CORE_0][pid 114631] exit success!
[SUCCESS][CORE_1][pid 114632] exit success!
[SUCCESS][CORE_2][pid 114633] exit success!
[SUCCESS][CORE_3][pid 114634] exit success!
[TmSim]: Run in serial mode.
[TmSim]: Run in serial mode.
[TmSim]: Run in serial mode.
[TmSim]: Run in serial mode.
[SUCCESS][CORE_0][pid 114635] exit success!
[SUCCESS][CORE_1][pid 114636] exit success!
[SUCCESS][CORE_2][pid 114637] exit success!
[SUCCESS][CORE_3][pid 114638] exit success!
MTP slot-derived context, duplicate and missing page cases passed
[TmSim]: Run in serial mode.
[TmSim]: Run in serial mode.
[TmSim]: Run in serial mode.
[TmSim]: Run in serial mode.
[SUCCESS][CORE_0][pid 114639] exit success!
[SUCCESS][CORE_1][pid 114640] exit success!
[SUCCESS][CORE_2][pid 114641] exit success!
[SUCCESS][CORE_3][pid 114642] exit success!
[TmSim]: Run in serial mode.
[TmSim]: Run in serial mode.
[TmSim]: Run in serial mode.
[TmSim]: Run in serial mode.
[TmSim]: Run in serial mode.
[TmSim]: Run in serial mode.
[TmSim]: Run in serial mode.
[TmSim]: Run in serial mode.
[TmSim]: Run in serial mode.
[TmSim]: Run in serial mode.
[TmSim]: Run in serial mode.
[TmSim]: Run in serial mode.
[TmSim]: Run in serial mode.
[TmSim]: Run in serial mode.
[TmSim]: Run in serial mode.
[TmSim]: Run in serial mode.
[TmSim]: Run in serial mode.
[TmSim]: Run in serial mode.
[TmSim]: Run in serial mode.
[TmSim]: Run in serial mode.
[TmSim]: Run in serial mode.
[TmSim]: Run in serial mode.
[TmSim]: Run in serial mode.
[TmSim]: Run in serial mode.
[TmSim]: Run in serial mode.
[TmSim]: Run in serial mode.
[TmSim]: Run in serial mode.
[TmSim]: Run in serial mode.
[TmSim]: Run in serial mode.
[TmSim]: Run in serial mode.
[TmSim]: Run in serial mode.
[TmSim]: Run in serial mode.
[TmSim]: Run in serial mode.
[TmSim]: Run in serial mode.
[TmSim]: Run in serial mode.
[TmSim]: Run in serial mode.
[TmSim]: Run in serial mode.
[TmSim]: Run in serial mode.
[TmSim]: Run in serial mode.
[TmSim]: Run in serial mode.
[TmSim]: Run in serial mode.
[TmSim]: Run in serial mode.
[TmSim]: Run in serial mode.
[TmSim]: Run in serial mode.
[TmSim]: Run in serial mode.
[TmSim]: Run in serial mode.
[TmSim]: Run in serial mode.
[TmSim]: Run in serial mode.
[TmSim]: Run in serial mode.
[SUCCESS][AIC_0][pid 114643] exit success!
[TmSim]: Run in serial mode.
[TmSim]: Run in serial mode.
[TmSim]: Run in serial mode.
[TmSim]: Run in serial mode.
[TmSim]: Run in serial mode.
[TmSim]: Run in serial mode.
[TmSim]: Run in serial mode.
[TmSim]: Run in serial mode.
[TmSim]: Run in serial mode.
[TmSim]: Run in serial mode.
[SUCCESS][AIV_0][pid 114644] exit success!
[SUCCESS][AIV_1][pid 114645] exit success!
[SUCCESS][AIC_1][pid 114646] exit success!
[TmSim]: Run in serial mode.
[SUCCESS][AIV_2][pid 114647] exit success!
[SUCCESS][AIV_3][pid 114648] exit success!
[SUCCESS][AIC_2][pid 114649] exit success!
[SUCCESS][AIV_4][pid 114650] exit success!
[SUCCESS][AIV_5][pid 114651] exit success!
[SUCCESS][AIC_3][pid 114652] exit success!
[SUCCESS][AIV_6][pid 114653] exit success!
[SUCCESS][AIV_7][pid 114654] exit success!
[SUCCESS][AIC_4][pid 114655] exit success!
[SUCCESS][AIV_8][pid 114656] exit success!
[SUCCESS][AIV_9][pid 114657] exit success!
[SUCCESS][AIC_5][pid 114658] exit success!
[SUCCESS][AIV_10][pid 114659] exit success!
[SUCCESS][AIV_11][pid 114660] exit success!
[SUCCESS][AIC_6][pid 114661] exit success!
[SUCCESS][AIV_12][pid 114662] exit success!
[SUCCESS][AIV_13][pid 114663] exit success!
[SUCCESS][AIC_7][pid 114664] exit success!
[SUCCESS][AIV_14][pid 114665] exit success!
[SUCCESS][AIV_15][pid 114666] exit success!
[SUCCESS][AIC_8][pid 114667] exit success!
[SUCCESS][AIV_16][pid 114668] exit success!
[SUCCESS][AIV_17][pid 114669] exit success!
[SUCCESS][AIC_9][pid 114670] exit success!
[SUCCESS][AIV_18][pid 114671] exit success!
[SUCCESS][AIV_19][pid 114672] exit success!
[SUCCESS][AIC_10][pid 114673] exit success!
[SUCCESS][AIV_20][pid 114674] exit success!
[SUCCESS][AIV_21][pid 114675] exit success!
[SUCCESS][AIC_11][pid 114676] exit success!
[SUCCESS][AIV_22][pid 114677] exit success!
[SUCCESS][AIV_23][pid 114678] exit success!
[SUCCESS][AIC_12][pid 114679] exit success!
[SUCCESS][AIV_24][pid 114680] exit success!
[SUCCESS][AIV_25][pid 114681] exit success!
[SUCCESS][AIC_13][pid 114682] exit success!
[SUCCESS][AIV_26][pid 114683] exit success!
[SUCCESS][AIV_27][pid 114684] exit success!
[SUCCESS][AIC_14][pid 114685] exit success!
[SUCCESS][AIV_28][pid 114686] exit success!
[SUCCESS][AIV_29][pid 114687] exit success!
[SUCCESS][AIC_15][pid 114688] exit success!
[SUCCESS][AIV_30][pid 114689] exit success!
[SUCCESS][AIV_31][pid 114690] exit success!
[SUCCESS][AIC_16][pid 114691] exit success!
[SUCCESS][AIV_32][pid 114692] exit success!
[SUCCESS][AIV_33][pid 114693] exit success!
[SUCCESS][AIC_17][pid 114694] exit success!
[SUCCESS][AIV_34][pid 114695] exit success!
[SUCCESS][AIV_35][pid 114696] exit success!
[SUCCESS][AIC_18][pid 114697] exit success!
[SUCCESS][AIV_36][pid 114698] exit success!
[SUCCESS][AIV_37][pid 114699] exit success!
[SUCCESS][AIC_19][pid 114700] exit success!
[SUCCESS][AIV_38][pid 114701] exit success!
[SUCCESS][AIV_39][pid 114702] exit success!
splits=20 empty_segments=56
[TmSim]: Run in serial mode.
[TmSim]: Run in serial mode.
[SUCCESS][CORE_0][pid 114704] exit success!
[SUCCESS][CORE_1][pid 114705] exit success!
[TmSim]: Run in serial mode.
[TmSim]: Run in serial mode.
[SUCCESS][CORE_2][pid 114706] exit success!
[SUCCESS][CORE_3][pid 114707] exit success!
max_abs=2.38419e-07 file=/home/sunao2000.linux/gpt_new_oscar/artifacts/cv_cpu_cases/d64_q4_c0_s20/expected_output.bin
max_abs=2.38419e-07 file=/home/sunao2000.linux/gpt_new_oscar/artifacts/cv_cpu_cases/d64_q4_c0_s20/expected_lse.bin
{"backend":"ascendc_cpu_debug","op":"attention_cv","status":"passed"}
RESULT {"phase": "016-attention_cv", "command": ["/home/sunao2000.linux/gpt_new_oscar/build/cpu/oscar_cv_cpu", "attention_cv", "/home/sunao2000.linux/gpt_new_oscar/artifacts/cv_cpu_cases/d64_q4_c0_s20"], "returncode": 0, "elapsed_seconds": 1.418311, "timed_out": false, "interrupted": false, "log": "/home/sunao2000.linux/gpt_new_oscar/logs/vm-cv/016-attention_cv.log", "cleanup_complete": true}
[oscar] PASSED phase=016-attention_cv rc=0 log=logs/vm-cv/016-attention_cv.log
START phase=017-attention_cv cwd=/home/sunao2000.linux/gpt_new_oscar command=["/home/sunao2000.linux/gpt_new_oscar/build/cpu/oscar_cv_cpu", "attention_cv", "/home/sunao2000.linux/gpt_new_oscar/artifacts/cv_cpu_cases/d128_q4_c511_s7"]
[TmSim]: Run in serial mode.
[TmSim]: Run in serial mode.
[TmSim]: Run in serial mode.
[TmSim]: Run in serial mode.
[SUCCESS][CORE_0][pid 114710] exit success!
[SUCCESS][CORE_1][pid 114711] exit success!
[SUCCESS][CORE_2][pid 114712] exit success!
[SUCCESS][CORE_3][pid 114713] exit success!
[TmSim]: Run in serial mode.
[TmSim]: Run in serial mode.
[TmSim]: Run in serial mode.
[TmSim]: Run in serial mode.
[SUCCESS][CORE_0][pid 114714] exit success!
[SUCCESS][CORE_1][pid 114715] exit success!
[SUCCESS][CORE_2][pid 114716] exit success!
[SUCCESS][CORE_3][pid 114717] exit success!
metadata padded request and changed-slot cases passed
[TmSim]: Run in serial mode.
[TmSim]: Run in serial mode.
[TmSim]: Run in serial mode.
[TmSim]: Run in serial mode.
[SUCCESS][CORE_0][pid 114718] exit success!
[SUCCESS][CORE_1][pid 114719] exit success!
[SUCCESS][CORE_2][pid 114720] exit success!
[SUCCESS][CORE_3][pid 114721] exit success!
[TmSim]: Run in serial mode.
[TmSim]: Run in serial mode.
[TmSim]: Run in serial mode.
[TmSim]: Run in serial mode.
[SUCCESS][CORE_0][pid 114722] exit success!
[SUCCESS][CORE_1][pid 114723] exit success!
[SUCCESS][CORE_2][pid 114724] exit success!
[SUCCESS][CORE_3][pid 114725] exit success!
[TmSim]: Run in serial mode.
[TmSim]: Run in serial mode.
[TmSim]: Run in serial mode.
[TmSim]: Run in serial mode.
[SUCCESS][CORE_0][pid 114726] exit success!
[SUCCESS][CORE_1][pid 114727] exit success!
[SUCCESS][CORE_2][pid 114728] exit success!
[SUCCESS][CORE_3][pid 114729] exit success!
MTP slot-derived context, duplicate and missing page cases passed
[TmSim]: Run in serial mode.
[TmSim]: Run in serial mode.
[TmSim]: Run in serial mode.
[TmSim]: Run in serial mode.
[SUCCESS][CORE_0][pid 114730] exit success!
[SUCCESS][CORE_1][pid 114731] exit success!
[SUCCESS][CORE_2][pid 114732] exit success!
[SUCCESS][CORE_3][pid 114733] exit success!
[TmSim]: Run in serial mode.
[TmSim]: Run in serial mode.
[TmSim]: Run in serial mode.
[TmSim]: Run in serial mode.
[TmSim]: Run in serial mode.
[TmSim]: Run in serial mode.
[TmSim]: Run in serial mode.
[TmSim]: Run in serial mode.
[TmSim]: Run in serial mode.
[TmSim]: Run in serial mode.
[TmSim]: Run in serial mode.
[TmSim]: Run in serial mode.
[TmSim]: Run in serial mode.
[TmSim]: Run in serial mode.
[TmSim]: Run in serial mode.
[TmSim]: Run in serial mode.
[TmSim]: Run in serial mode.
[TmSim]: Run in serial mode.
[TmSim]: Run in serial mode.
[TmSim]: Run in serial mode.
[TmSim]: Run in serial mode.
[TmSim]: Run in serial mode.
[TmSim]: Run in serial mode.
[TmSim]: Run in serial mode.
[TmSim]: Run in serial mode.
[TmSim]: Run in serial mode.
[TmSim]: Run in serial mode.
[TmSim]: Run in serial mode.
[TmSim]: Run in serial mode.
[TmSim]: Run in serial mode.
[TmSim]: Run in serial mode.
[TmSim]: Run in serial mode.
[TmSim]: Run in serial mode.
[TmSim]: Run in serial mode.
[TmSim]: Run in serial mode.
[TmSim]: Run in serial mode.
[TmSim]: Run in serial mode.
[TmSim]: Run in serial mode.
[TmSim]: Run in serial mode.
[TmSim]: Run in serial mode.
[TmSim]: Run in serial mode.
[TmSim]: Run in serial mode.
[TmSim]: Run in serial mode.
[TmSim]: Run in serial mode.
[TmSim]: Run in serial mode.
[TmSim]: Run in serial mode.
[TmSim]: Run in serial mode.
[TmSim]: Run in serial mode.
[SUCCESS][AIC_0][pid 114734] exit success!
[TmSim]: Run in serial mode.
[TmSim]: Run in serial mode.
[TmSim]: Run in serial mode.
[TmSim]: Run in serial mode.
[TmSim]: Run in serial mode.
[TmSim]: Run in serial mode.
[TmSim]: Run in serial mode.
[TmSim]: Run in serial mode.
[TmSim]: Run in serial mode.
[TmSim]: Run in serial mode.
[TmSim]: Run in serial mode.
[TmSim]: Run in serial mode.
[SUCCESS][AIV_0][pid 114735] exit success!
[SUCCESS][AIV_1][pid 114736] exit success!
[SUCCESS][AIC_1][pid 114737] exit success!
[SUCCESS][AIV_2][pid 114738] exit success!
[SUCCESS][AIV_3][pid 114739] exit success!
[SUCCESS][AIC_2][pid 114740] exit success!
[SUCCESS][AIV_4][pid 114741] exit success!
[SUCCESS][AIV_5][pid 114742] exit success!
[SUCCESS][AIC_3][pid 114743] exit success!
[SUCCESS][AIV_6][pid 114744] exit success!
[SUCCESS][AIV_7][pid 114745] exit success!
[SUCCESS][AIC_4][pid 114746] exit success!
[SUCCESS][AIV_8][pid 114747] exit success!
[SUCCESS][AIV_9][pid 114748] exit success!
[SUCCESS][AIC_5][pid 114749] exit success!
[SUCCESS][AIV_10][pid 114750] exit success!
[SUCCESS][AIV_11][pid 114751] exit success!
[SUCCESS][AIC_6][pid 114752] exit success!
[SUCCESS][AIV_12][pid 114753] exit success!
[SUCCESS][AIV_13][pid 114754] exit success!
[SUCCESS][AIC_7][pid 114755] exit success!
[SUCCESS][AIV_14][pid 114756] exit success!
[SUCCESS][AIV_15][pid 114757] exit success!
[SUCCESS][AIC_8][pid 114758] exit success!
[SUCCESS][AIV_16][pid 114759] exit success!
[SUCCESS][AIV_17][pid 114760] exit success!
[SUCCESS][AIC_9][pid 114761] exit success!
[SUCCESS][AIV_18][pid 114762] exit success!
[SUCCESS][AIV_19][pid 114763] exit success!
[SUCCESS][AIC_10][pid 114764] exit success!
[SUCCESS][AIV_20][pid 114765] exit success!
[SUCCESS][AIV_21][pid 114766] exit success!
[SUCCESS][AIC_11][pid 114767] exit success!
[SUCCESS][AIV_22][pid 114768] exit success!
[SUCCESS][AIV_23][pid 114769] exit success!
[SUCCESS][AIC_12][pid 114770] exit success!
[SUCCESS][AIV_24][pid 114771] exit success!
[SUCCESS][AIV_25][pid 114772] exit success!
[SUCCESS][AIC_13][pid 114773] exit success!
[SUCCESS][AIV_26][pid 114774] exit success!
[SUCCESS][AIV_27][pid 114775] exit success!
[SUCCESS][AIC_14][pid 114776] exit success!
[SUCCESS][AIV_28][pid 114777] exit success!
[SUCCESS][AIV_29][pid 114778] exit success!
[SUCCESS][AIC_15][pid 114779] exit success!
[SUCCESS][AIV_30][pid 114780] exit success!
[SUCCESS][AIV_31][pid 114781] exit success!
[SUCCESS][AIC_16][pid 114782] exit success!
[SUCCESS][AIV_32][pid 114783] exit success!
[SUCCESS][AIV_33][pid 114784] exit success!
[SUCCESS][AIC_17][pid 114785] exit success!
[SUCCESS][AIV_34][pid 114786] exit success!
[SUCCESS][AIV_35][pid 114787] exit success!
[SUCCESS][AIC_18][pid 114788] exit success!
[SUCCESS][AIV_36][pid 114789] exit success!
[SUCCESS][AIV_37][pid 114790] exit success!
[SUCCESS][AIC_19][pid 114791] exit success!
[SUCCESS][AIV_38][pid 114792] exit success!
[SUCCESS][AIV_39][pid 114793] exit success!
splits=7 empty_segments=3
[TmSim]: Run in serial mode.
[TmSim]: Run in serial mode.
[TmSim]: Run in serial mode.
[SUCCESS][CORE_0][pid 114795] exit success!
[SUCCESS][CORE_1][pid 114796] exit success!
[TmSim]: Run in serial mode.
[SUCCESS][CORE_2][pid 114797] exit success!
[SUCCESS][CORE_3][pid 114798] exit success!
max_abs=3.68804e-07 file=/home/sunao2000.linux/gpt_new_oscar/artifacts/cv_cpu_cases/d128_q4_c511_s7/expected_output.bin
max_abs=4.76837e-07 file=/home/sunao2000.linux/gpt_new_oscar/artifacts/cv_cpu_cases/d128_q4_c511_s7/expected_lse.bin
{"backend":"ascendc_cpu_debug","op":"attention_cv","status":"passed"}
RESULT {"phase": "017-attention_cv", "command": ["/home/sunao2000.linux/gpt_new_oscar/build/cpu/oscar_cv_cpu", "attention_cv", "/home/sunao2000.linux/gpt_new_oscar/artifacts/cv_cpu_cases/d128_q4_c511_s7"], "returncode": 0, "elapsed_seconds": 3.338629, "timed_out": false, "interrupted": false, "log": "/home/sunao2000.linux/gpt_new_oscar/logs/vm-cv/017-attention_cv.log", "cleanup_complete": true}
[oscar] PASSED phase=017-attention_cv rc=0 log=logs/vm-cv/017-attention_cv.log
START phase=018-attention_cv cwd=/home/sunao2000.linux/gpt_new_oscar command=["/home/sunao2000.linux/gpt_new_oscar/build/cpu/oscar_cv_cpu", "attention_cv", "/home/sunao2000.linux/gpt_new_oscar/artifacts/cv_cpu_cases/d64_mixed_q1q4"]
[TmSim]: Run in serial mode.
[TmSim]: Run in serial mode.
[TmSim]: Run in serial mode.
[TmSim]: Run in serial mode.
[SUCCESS][CORE_0][pid 114801] exit success!
[SUCCESS][CORE_1][pid 114802] exit success!
[SUCCESS][CORE_2][pid 114803] exit success!
[SUCCESS][CORE_3][pid 114804] exit success!
[TmSim]: Run in serial mode.
[TmSim]: Run in serial mode.
[TmSim]: Run in serial mode.
[TmSim]: Run in serial mode.
[SUCCESS][CORE_0][pid 114805] exit success!
[SUCCESS][CORE_1][pid 114806] exit success!
[SUCCESS][CORE_2][pid 114807] exit success!
[SUCCESS][CORE_3][pid 114808] exit success!
metadata padded request and changed-slot cases passed
[TmSim]: Run in serial mode.
[TmSim]: Run in serial mode.
[TmSim]: Run in serial mode.
[TmSim]: Run in serial mode.
[SUCCESS][CORE_0][pid 114809] exit success!
[SUCCESS][CORE_1][pid 114810] exit success!
[SUCCESS][CORE_2][pid 114811] exit success!
[SUCCESS][CORE_3][pid 114812] exit success!
[TmSim]: Run in serial mode.
[TmSim]: Run in serial mode.
[TmSim]: Run in serial mode.
[TmSim]: Run in serial mode.
[SUCCESS][CORE_0][pid 114813] exit success!
[SUCCESS][CORE_1][pid 114814] exit success!
[SUCCESS][CORE_2][pid 114815] exit success!
[SUCCESS][CORE_3][pid 114816] exit success!
[TmSim]: Run in serial mode.
[TmSim]: Run in serial mode.
[TmSim]: Run in serial mode.
[TmSim]: Run in serial mode.
[SUCCESS][CORE_0][pid 114817] exit success!
[SUCCESS][CORE_1][pid 114818] exit success!
[SUCCESS][CORE_2][pid 114819] exit success!
[SUCCESS][CORE_3][pid 114820] exit success!
MTP slot-derived context, duplicate and missing page cases passed
[TmSim]: Run in serial mode.
[TmSim]: Run in serial mode.
[TmSim]: Run in serial mode.
[TmSim]: Run in serial mode.
[SUCCESS][CORE_0][pid 114821] exit success!
[SUCCESS][CORE_1][pid 114822] exit success!
[SUCCESS][CORE_2][pid 114823] exit success!
[SUCCESS][CORE_3][pid 114824] exit success!
[TmSim]: Run in serial mode.
[TmSim]: Run in serial mode.
[TmSim]: Run in serial mode.
[TmSim]: Run in serial mode.
[SUCCESS][AIC_0][pid 114825] exit success!
[TmSim]: Run in serial mode.
[TmSim]: Run in serial mode.
[SUCCESS][AIV_0][pid 114826] exit success!
[SUCCESS][AIV_1][pid 114827] exit success!
[SUCCESS][AIC_1][pid 114828] exit success!
[SUCCESS][AIV_2][pid 114829] exit success!
[SUCCESS][AIV_3][pid 114830] exit success!
splits=1 empty_segments=1
[TmSim]: Run in serial mode.
[TmSim]: Run in serial mode.
[TmSim]: Run in serial mode.
[TmSim]: Run in serial mode.
[SUCCESS][CORE_0][pid 114831] exit success!
[SUCCESS][CORE_1][pid 114832] exit success!
[SUCCESS][CORE_2][pid 114833] exit success!
[SUCCESS][CORE_3][pid 114834] exit success!
max_abs=4.17233e-07 file=/home/sunao2000.linux/gpt_new_oscar/artifacts/cv_cpu_cases/d64_mixed_q1q4/expected_output.bin
max_abs=4.76837e-07 file=/home/sunao2000.linux/gpt_new_oscar/artifacts/cv_cpu_cases/d64_mixed_q1q4/expected_lse.bin
{"backend":"ascendc_cpu_debug","op":"attention_cv","status":"passed"}
RESULT {"phase": "018-attention_cv", "command": ["/home/sunao2000.linux/gpt_new_oscar/build/cpu/oscar_cv_cpu", "attention_cv", "/home/sunao2000.linux/gpt_new_oscar/artifacts/cv_cpu_cases/d64_mixed_q1q4"], "returncode": 0, "elapsed_seconds": 1.243712, "timed_out": false, "interrupted": false, "log": "/home/sunao2000.linux/gpt_new_oscar/logs/vm-cv/018-attention_cv.log", "cleanup_complete": true}
[oscar] PASSED phase=018-attention_cv rc=0 log=logs/vm-cv/018-attention_cv.log
START phase=019-bad_tag cwd=/home/sunao2000.linux/gpt_new_oscar command=["/home/sunao2000.linux/gpt_new_oscar/build/cpu/oscar_cv_cpu", "bad_tag", "/home/sunao2000.linux/gpt_new_oscar/artifacts/cv_cpu_cases/d64_q4_c65"]
[TmSim]: Run in serial mode.
[TmSim]: Run in serial mode.
[TmSim]: Run in serial mode.
[TmSim]: Run in serial mode.
[SUCCESS][CORE_0][pid 114837] exit success!
[SUCCESS][CORE_1][pid 114838] exit success!
[SUCCESS][CORE_2][pid 114839] exit success!
[SUCCESS][CORE_3][pid 114840] exit success!
[TmSim]: Run in serial mode.
[TmSim]: Run in serial mode.
[TmSim]: Run in serial mode.
[TmSim]: Run in serial mode.
[SUCCESS][CORE_0][pid 114841] exit success!
[SUCCESS][CORE_1][pid 114842] exit success!
[SUCCESS][CORE_2][pid 114843] exit success!
[SUCCESS][CORE_3][pid 114844] exit success!
metadata padded request and changed-slot cases passed
[TmSim]: Run in serial mode.
[TmSim]: Run in serial mode.
[TmSim]: Run in serial mode.
[TmSim]: Run in serial mode.
[SUCCESS][CORE_0][pid 114845] exit success!
[SUCCESS][CORE_1][pid 114846] exit success!
[SUCCESS][CORE_2][pid 114847] exit success!
[SUCCESS][CORE_3][pid 114848] exit success!
[TmSim]: Run in serial mode.
[TmSim]: Run in serial mode.
[TmSim]: Run in serial mode.
[TmSim]: Run in serial mode.
[SUCCESS][CORE_0][pid 114849] exit success!
[SUCCESS][CORE_1][pid 114850] exit success!
[SUCCESS][CORE_2][pid 114851] exit success!
[SUCCESS][CORE_3][pid 114852] exit success!
[TmSim]: Run in serial mode.
[TmSim]: Run in serial mode.
[TmSim]: Run in serial mode.
[TmSim]: Run in serial mode.
[SUCCESS][CORE_0][pid 114853] exit success!
[SUCCESS][CORE_1][pid 114854] exit success!
[SUCCESS][CORE_2][pid 114855] exit success!
[SUCCESS][CORE_3][pid 114856] exit success!
MTP slot-derived context, duplicate and missing page cases passed
[TmSim]: Run in serial mode.
[TmSim]: Run in serial mode.
[TmSim]: Run in serial mode.
[TmSim]: Run in serial mode.
[SUCCESS][CORE_0][pid 114857] exit success!
[SUCCESS][CORE_1][pid 114858] exit success!
[SUCCESS][CORE_2][pid 114859] exit success!
[SUCCESS][CORE_3][pid 114860] exit success!
[oscar] phase=cv-debug running seconds=90.5 log=/Users/sunao2000/gpt_new_oscar/reports/vm/logs/cv-debug.log
[TmSim]: Run in serial mode.
[TmSim]: Run in serial mode.
[TmSim]: Run in serial mode.
[TmSim]: Run in serial mode.
[SUCCESS][AIC_0][pid 114861] exit success!
[TmSim]: Run in serial mode.
[TmSim]: Run in serial mode.
[SUCCESS][AIV_0][pid 114862] exit success!
[SUCCESS][AIV_1][pid 114863] exit success!
[SUCCESS][AIC_1][pid 114864] exit success!
[SUCCESS][AIV_2][pid 114865] exit success!
[SUCCESS][AIV_3][pid 114866] exit success!
{"backend":"ascendc_cpu_debug","op":"bad_tag","status":"passed"}
RESULT {"phase": "019-bad_tag", "command": ["/home/sunao2000.linux/gpt_new_oscar/build/cpu/oscar_cv_cpu", "bad_tag", "/home/sunao2000.linux/gpt_new_oscar/artifacts/cv_cpu_cases/d64_q4_c65"], "returncode": 0, "elapsed_seconds": 0.924436, "timed_out": false, "interrupted": false, "log": "/home/sunao2000.linux/gpt_new_oscar/logs/vm-cv/019-bad_tag.log", "cleanup_complete": true}
[oscar] PASSED phase=019-bad_tag rc=0 log=logs/vm-cv/019-bad_tag.log
START phase=020-nan_query cwd=/home/sunao2000.linux/gpt_new_oscar command=["/home/sunao2000.linux/gpt_new_oscar/build/cpu/oscar_cv_cpu", "nan_query", "/home/sunao2000.linux/gpt_new_oscar/artifacts/cv_cpu_cases/d64_q4_c65"]
[TmSim]: Run in serial mode.
[TmSim]: Run in serial mode.
[TmSim]: Run in serial mode.
[TmSim]: Run in serial mode.
[SUCCESS][CORE_0][pid 114870] exit success!
[SUCCESS][CORE_1][pid 114871] exit success!
[SUCCESS][CORE_2][pid 114872] exit success!
[SUCCESS][CORE_3][pid 114873] exit success!
[TmSim]: Run in serial mode.
[TmSim]: Run in serial mode.
[TmSim]: Run in serial mode.
[TmSim]: Run in serial mode.
[SUCCESS][CORE_0][pid 114874] exit success!
[SUCCESS][CORE_1][pid 114875] exit success!
[SUCCESS][CORE_2][pid 114876] exit success!
[SUCCESS][CORE_3][pid 114877] exit success!
metadata padded request and changed-slot cases passed
[TmSim]: Run in serial mode.
[TmSim]: Run in serial mode.
[TmSim]: Run in serial mode.
[TmSim]: Run in serial mode.
[SUCCESS][CORE_0][pid 114878] exit success!
[SUCCESS][CORE_1][pid 114879] exit success!
[SUCCESS][CORE_2][pid 114880] exit success!
[SUCCESS][CORE_3][pid 114881] exit success!
[TmSim]: Run in serial mode.
[TmSim]: Run in serial mode.
[TmSim]: Run in serial mode.
[TmSim]: Run in serial mode.
[SUCCESS][CORE_0][pid 114882] exit success!
[SUCCESS][CORE_1][pid 114883] exit success!
[SUCCESS][CORE_2][pid 114884] exit success!
[SUCCESS][CORE_3][pid 114885] exit success!
[TmSim]: Run in serial mode.
[TmSim]: Run in serial mode.
[TmSim]: Run in serial mode.
[TmSim]: Run in serial mode.
[SUCCESS][CORE_0][pid 114886] exit success!
[SUCCESS][CORE_1][pid 114887] exit success!
[SUCCESS][CORE_2][pid 114888] exit success!
[SUCCESS][CORE_3][pid 114889] exit success!
MTP slot-derived context, duplicate and missing page cases passed
[TmSim]: Run in serial mode.
[TmSim]: Run in serial mode.
[TmSim]: Run in serial mode.
[TmSim]: Run in serial mode.
[SUCCESS][CORE_0][pid 114890] exit success!
[SUCCESS][CORE_1][pid 114891] exit success!
[SUCCESS][CORE_2][pid 114892] exit success!
[SUCCESS][CORE_3][pid 114893] exit success!
[TmSim]: Run in serial mode.
[TmSim]: Run in serial mode.
[TmSim]: Run in serial mode.
[TmSim]: Run in serial mode.
[SUCCESS][AIC_0][pid 114894] exit success!
[TmSim]: Run in serial mode.
[TmSim]: Run in serial mode.
[SUCCESS][AIV_0][pid 114895] exit success!
[SUCCESS][AIV_1][pid 114896] exit success!
[SUCCESS][AIC_1][pid 114897] exit success!
[SUCCESS][AIV_2][pid 114898] exit success!
[SUCCESS][AIV_3][pid 114899] exit success!
{"backend":"ascendc_cpu_debug","op":"nan_query","status":"passed"}
RESULT {"phase": "020-nan_query", "command": ["/home/sunao2000.linux/gpt_new_oscar/build/cpu/oscar_cv_cpu", "nan_query", "/home/sunao2000.linux/gpt_new_oscar/artifacts/cv_cpu_cases/d64_q4_c65"], "returncode": 0, "elapsed_seconds": 1.031363, "timed_out": false, "interrupted": false, "log": "/home/sunao2000.linux/gpt_new_oscar/logs/vm-cv/020-nan_query.log", "cleanup_complete": true}
[oscar] PASSED phase=020-nan_query rc=0 log=logs/vm-cv/020-nan_query.log
START phase=021-bad_meta cwd=/home/sunao2000.linux/gpt_new_oscar command=["/home/sunao2000.linux/gpt_new_oscar/build/cpu/oscar_cv_cpu", "bad_meta", "/home/sunao2000.linux/gpt_new_oscar/artifacts/cv_cpu_cases/d64_q4_c65"]
[TmSim]: Run in serial mode.
[TmSim]: Run in serial mode.
[TmSim]: Run in serial mode.
[TmSim]: Run in serial mode.
[SUCCESS][CORE_0][pid 114902] exit success!
[SUCCESS][CORE_1][pid 114903] exit success!
[SUCCESS][CORE_2][pid 114904] exit success!
[SUCCESS][CORE_3][pid 114905] exit success!
[TmSim]: Run in serial mode.
[TmSim]: Run in serial mode.
[TmSim]: Run in serial mode.
[TmSim]: Run in serial mode.
[SUCCESS][CORE_0][pid 114906] exit success!
[SUCCESS][CORE_1][pid 114907] exit success!
[SUCCESS][CORE_2][pid 114908] exit success!
[SUCCESS][CORE_3][pid 114909] exit success!
metadata padded request and changed-slot cases passed
[TmSim]: Run in serial mode.
[TmSim]: Run in serial mode.
[TmSim]: Run in serial mode.
[TmSim]: Run in serial mode.
[SUCCESS][CORE_0][pid 114910] exit success!
[SUCCESS][CORE_1][pid 114911] exit success!
[SUCCESS][CORE_2][pid 114912] exit success!
[SUCCESS][CORE_3][pid 114913] exit success!
[TmSim]: Run in serial mode.
[TmSim]: Run in serial mode.
[TmSim]: Run in serial mode.
[TmSim]: Run in serial mode.
[SUCCESS][CORE_0][pid 114914] exit success!
[SUCCESS][CORE_1][pid 114915] exit success!
[SUCCESS][CORE_2][pid 114916] exit success!
[SUCCESS][CORE_3][pid 114917] exit success!
[TmSim]: Run in serial mode.
[TmSim]: Run in serial mode.
[TmSim]: Run in serial mode.
[TmSim]: Run in serial mode.
[SUCCESS][CORE_0][pid 114918] exit success!
[SUCCESS][CORE_1][pid 114919] exit success!
[SUCCESS][CORE_2][pid 114920] exit success!
[SUCCESS][CORE_3][pid 114921] exit success!
MTP slot-derived context, duplicate and missing page cases passed
[TmSim]: Run in serial mode.
[TmSim]: Run in serial mode.
[TmSim]: Run in serial mode.
[TmSim]: Run in serial mode.
[SUCCESS][CORE_0][pid 114922] exit success!
[SUCCESS][CORE_1][pid 114923] exit success!
[SUCCESS][CORE_2][pid 114924] exit success!
[SUCCESS][CORE_3][pid 114925] exit success!
[TmSim]: Run in serial mode.
[TmSim]: Run in serial mode.
[TmSim]: Run in serial mode.
[TmSim]: Run in serial mode.
[SUCCESS][AIC_0][pid 114926] exit success!
[TmSim]: Run in serial mode.
[TmSim]: Run in serial mode.
[SUCCESS][AIV_0][pid 114927] exit success!
[SUCCESS][AIV_1][pid 114928] exit success!
[SUCCESS][AIC_1][pid 114929] exit success!
[SUCCESS][AIV_2][pid 114930] exit success!
[SUCCESS][AIV_3][pid 114931] exit success!
{"backend":"ascendc_cpu_debug","op":"bad_meta","status":"passed"}
RESULT {"phase": "021-bad_meta", "command": ["/home/sunao2000.linux/gpt_new_oscar/build/cpu/oscar_cv_cpu", "bad_meta", "/home/sunao2000.linux/gpt_new_oscar/artifacts/cv_cpu_cases/d64_q4_c65"], "returncode": 0, "elapsed_seconds": 1.042168, "timed_out": false, "interrupted": false, "log": "/home/sunao2000.linux/gpt_new_oscar/logs/vm-cv/021-bad_meta.log", "cleanup_complete": true}
[oscar] PASSED phase=021-bad_meta rc=0 log=logs/vm-cv/021-bad_meta.log
START phase=022-nan_value cwd=/home/sunao2000.linux/gpt_new_oscar command=["/home/sunao2000.linux/gpt_new_oscar/build/cpu/oscar_cv_cpu", "nan_value", "/home/sunao2000.linux/gpt_new_oscar/artifacts/cv_cpu_cases/d64_q4_c65"]
[TmSim]: Run in serial mode.
[SUCCESS][CORE_0][pid 114934] exit success!
[TmSim]: Run in serial mode.
[SUCCESS][CORE_1][pid 114935] exit success!
[TmSim]: Run in serial mode.
[TmSim]: Run in serial mode.
[SUCCESS][CORE_2][pid 114936] exit success!
[SUCCESS][CORE_3][pid 114937] exit success!
[TmSim]: Run in serial mode.
[SUCCESS][CORE_0][pid 114938] exit success!
[TmSim]: Run in serial mode.
[TmSim]: Run in serial mode.
[TmSim]: Run in serial mode.
[SUCCESS][CORE_1][pid 114939] exit success!
[SUCCESS][CORE_2][pid 114940] exit success!
[SUCCESS][CORE_3][pid 114941] exit success!
metadata padded request and changed-slot cases passed
[TmSim]: Run in serial mode.
[TmSim]: Run in serial mode.
[TmSim]: Run in serial mode.
[SUCCESS][CORE_0][pid 114942] exit success!
[TmSim]: Run in serial mode.
[SUCCESS][CORE_1][pid 114943] exit success!
[SUCCESS][CORE_2][pid 114944] exit success!
[SUCCESS][CORE_3][pid 114945] exit success!
[TmSim]: Run in serial mode.
[TmSim]: Run in serial mode.
[TmSim]: Run in serial mode.
[TmSim]: Run in serial mode.
[SUCCESS][CORE_0][pid 114946] exit success!
[SUCCESS][CORE_1][pid 114947] exit success!
[SUCCESS][CORE_2][pid 114948] exit success!
[SUCCESS][CORE_3][pid 114949] exit success!
[TmSim]: Run in serial mode.
[TmSim]: Run in serial mode.
[TmSim]: Run in serial mode.
[TmSim]: Run in serial mode.
[SUCCESS][CORE_0][pid 114950] exit success!
[SUCCESS][CORE_1][pid 114951] exit success!
[SUCCESS][CORE_2][pid 114952] exit success!
[SUCCESS][CORE_3][pid 114953] exit success!
MTP slot-derived context, duplicate and missing page cases passed
[TmSim]: Run in serial mode.
[TmSim]: Run in serial mode.
[TmSim]: Run in serial mode.
[TmSim]: Run in serial mode.
[SUCCESS][CORE_0][pid 114954] exit success!
[SUCCESS][CORE_1][pid 114955] exit success!
[SUCCESS][CORE_2][pid 114956] exit success!
[SUCCESS][CORE_3][pid 114957] exit success!
[TmSim]: Run in serial mode.
[TmSim]: Run in serial mode.
[TmSim]: Run in serial mode.
[TmSim]: Run in serial mode.
[SUCCESS][AIC_0][pid 114958] exit success!
[TmSim]: Run in serial mode.
[TmSim]: Run in serial mode.
[SUCCESS][AIV_0][pid 114959] exit success!
[SUCCESS][AIV_1][pid 114960] exit success!
[SUCCESS][AIC_1][pid 114961] exit success!
[SUCCESS][AIV_2][pid 114962] exit success!
[SUCCESS][AIV_3][pid 114963] exit success!
{"backend":"ascendc_cpu_debug","op":"nan_value","status":"passed"}
RESULT {"phase": "022-nan_value", "command": ["/home/sunao2000.linux/gpt_new_oscar/build/cpu/oscar_cv_cpu", "nan_value", "/home/sunao2000.linux/gpt_new_oscar/artifacts/cv_cpu_cases/d64_q4_c65"], "returncode": 0, "elapsed_seconds": 1.129681, "timed_out": false, "interrupted": false, "log": "/home/sunao2000.linux/gpt_new_oscar/logs/vm-cv/022-nan_value.log", "cleanup_complete": true}
[oscar] PASSED phase=022-nan_value rc=0 log=logs/vm-cv/022-nan_value.log
START phase=023-tasks_causal cwd=/home/sunao2000.linux/gpt_new_oscar command=["/home/sunao2000.linux/gpt_new_oscar/build/cpu/oscar_cv_cpu", "tasks_causal", "/home/sunao2000.linux/gpt_new_oscar/artifacts/cv_cpu_cases"]
scheduled_cores=2 min_live=819 max_live=820
scheduled_cores=20 min_live=81 max_live=82
scheduled_cores=24 min_live=68 max_live=69
scheduled_cores=32 min_live=51 max_live=52
[oscar] phase=cv-debug running seconds=105.6 log=/Users/sunao2000/gpt_new_oscar/reports/vm/logs/cv-debug.log
[oscar] phase=023-tasks_causal running seconds=15.0 log=logs/vm-cv/023-tasks_causal.log
[oscar] phase=cv-debug running seconds=120.6 log=/Users/sunao2000/gpt_new_oscar/reports/vm/logs/cv-debug.log
[oscar] phase=023-tasks_causal running seconds=30.1 log=logs/vm-cv/023-tasks_causal.log
[TmSim]: Run in serial mode.
[TmSim]: Run in serial mode.
[TmSim]: Run in serial mode.
[SUCCESS][CORE_0][pid 114967] exit success!
[TmSim]: Run in serial mode.
[TmSim]: Run in serial mode.
[SUCCESS][CORE_1][pid 114968] exit success!
[TmSim]: Run in serial mode.
[TmSim]: Run in serial mode.
[TmSim]: Run in serial mode.
[TmSim]: Run in serial mode.
[TmSim]: Run in serial mode.
[TmSim]: Run in serial mode.
[TmSim]: Run in serial mode.
[TmSim]: Run in serial mode.
[TmSim]: Run in serial mode.
[TmSim]: Run in serial mode.
[TmSim]: Run in serial mode.
[TmSim]: Run in serial mode.
[TmSim]: Run in serial mode.
[TmSim]: Run in serial mode.
[TmSim]: Run in serial mode.
[TmSim]: Run in serial mode.
[TmSim]: Run in serial mode.
[SUCCESS][CORE_2][pid 114969] exit success!
[SUCCESS][CORE_3][pid 114970] exit success!
[SUCCESS][CORE_4][pid 114971] exit success!
[SUCCESS][CORE_5][pid 114972] exit success!
[SUCCESS][CORE_6][pid 114973] exit success!
[SUCCESS][CORE_7][pid 114974] exit success!
[SUCCESS][CORE_8][pid 114975] exit success!
[TmSim]: Run in serial mode.
[TmSim]: Run in serial mode.
[TmSim]: Run in serial mode.
[TmSim]: Run in serial mode.
[TmSim]: Run in serial mode.
[TmSim]: Run in serial mode.
[TmSim]: Run in serial mode.
[TmSim]: Run in serial mode.
[TmSim]: Run in serial mode.
[SUCCESS][CORE_9][pid 114976] exit success!
[SUCCESS][CORE_10][pid 114977] exit success!
[SUCCESS][CORE_11][pid 114978] exit success!
[SUCCESS][CORE_12][pid 114979] exit success!
[SUCCESS][CORE_13][pid 114980] exit success!
[SUCCESS][CORE_14][pid 114981] exit success!
[SUCCESS][CORE_15][pid 114982] exit success!
[SUCCESS][CORE_16][pid 114983] exit success!
[SUCCESS][CORE_17][pid 114984] exit success!
[SUCCESS][CORE_18][pid 114985] exit success!
[SUCCESS][CORE_19][pid 114986] exit success!
[SUCCESS][CORE_20][pid 114987] exit success!
[SUCCESS][CORE_21][pid 114988] exit success!
[SUCCESS][CORE_22][pid 114989] exit success!
[TmSim]: Run in serial mode.
[SUCCESS][CORE_23][pid 114990] exit success!
[SUCCESS][CORE_24][pid 114991] exit success!
[SUCCESS][CORE_25][pid 114992] exit success!
[SUCCESS][CORE_26][pid 114993] exit success!
[SUCCESS][CORE_27][pid 114994] exit success!
[SUCCESS][CORE_28][pid 114995] exit success!
[SUCCESS][CORE_29][pid 114996] exit success!
[SUCCESS][CORE_30][pid 114997] exit success!
[SUCCESS][CORE_31][pid 114998] exit success!
causal_task_leaders=1640 current_tiles=421828 previous_unsplit_tiles=839169
{"backend":"ascendc_cpu_debug","op":"tasks_causal","status":"passed"}
RESULT {"phase": "023-tasks_causal", "command": ["/home/sunao2000.linux/gpt_new_oscar/build/cpu/oscar_cv_cpu", "tasks_causal", "/home/sunao2000.linux/gpt_new_oscar/artifacts/cv_cpu_cases"], "returncode": 0, "elapsed_seconds": 39.20175, "timed_out": false, "interrupted": false, "log": "/home/sunao2000.linux/gpt_new_oscar/logs/vm-cv/023-tasks_causal.log", "cleanup_complete": true}
[oscar] PASSED phase=023-tasks_causal rc=0 log=logs/vm-cv/023-tasks_causal.log
{
  "backend": "official_ascendc_cpu_debug",
  "status": "passed",
  "cases": [
    {
      "op": "attention_cv",
      "path": "artifacts/cv_cpu_cases/d64_q1_c17",
      "status": "passed",
      "returncode": 0,
      "log": "/home/sunao2000.linux/gpt_new_oscar/logs/vm-cv/000-attention_cv.log"
    },
    {
      "op": "attention_cv",
      "path": "artifacts/cv_cpu_cases/d64_q4_c65",
      "status": "passed",
      "returncode": 0,
      "log": "/home/sunao2000.linux/gpt_new_oscar/logs/vm-cv/001-attention_cv.log"
    },
    {
      "op": "attention_cv",
      "path": "artifacts/cv_cpu_cases/d64_q4_c0",
      "status": "passed",
      "returncode": 0,
      "log": "/home/sunao2000.linux/gpt_new_oscar/logs/vm-cv/002-attention_cv.log"
    },
    {
      "op": "attention_cv",
      "path": "artifacts/cv_cpu_cases/d128_q4_c129",
      "status": "passed",
      "returncode": 0,
      "log": "/home/sunao2000.linux/gpt_new_oscar/logs/vm-cv/003-attention_cv.log"
    },
    {
      "op": "attention_cv",
      "path": "artifacts/cv_cpu_cases/d256_q4_c511",
      "status": "passed",
      "returncode": 0,
      "log": "/home/sunao2000.linux/gpt_new_oscar/logs/vm-cv/004-attention_cv.log"
    },
    {
      "op": "attention_cv",
      "path": "artifacts/cv_cpu_cases/d64_q17_c65",
      "status": "passed",
      "returncode": 0,
      "log": "/home/sunao2000.linux/gpt_new_oscar/logs/vm-cv/005-attention_cv.log"
    },
    {
      "op": "attention_cv",
      "path": "artifacts/cv_cpu_cases/d64_q4_c65_hk2",
      "status": "passed",
      "returncode": 0,
      "log": "/home/sunao2000.linux/gpt_new_oscar/logs/vm-cv/006-attention_cv.log"
    },
    {
      "op": "attention_cv",
      "path": "artifacts/cv_cpu_cases/d64_q2_c320",
      "status": "passed",
      "returncode": 0,
      "log": "/home/sunao2000.linux/gpt_new_oscar/logs/vm-cv/007-attention_cv.log"
    },
    {
      "op": "attention_cv",
      "path": "artifacts/cv_cpu_cases/d128_q3_c511",
      "status": "passed",
      "returncode": 0,
      "log": "/home/sunao2000.linux/gpt_new_oscar/logs/vm-cv/008-attention_cv.log"
    },
    {
      "op": "attention_cv",
      "path": "artifacts/cv_cpu_cases/d64_q65_c17",
      "status": "passed",
      "returncode": 0,
      "log": "/home/sunao2000.linux/gpt_new_oscar/logs/vm-cv/009-attention_cv.log"
    },
    {
      "op": "attention_cv",
      "path": "artifacts/cv_cpu_cases/d64_q33_c511_hk2",
      "status": "passed",
      "returncode": 0,
      "log": "/home/sunao2000.linux/gpt_new_oscar/logs/vm-cv/010-attention_cv.log"
    },
    {
      "op": "attention_cv",
      "path": "artifacts/cv_cpu_cases/d128_q17_c511_hk2",
      "status": "passed",
      "returncode": 0,
      "log": "/home/sunao2000.linux/gpt_new_oscar/logs/vm-cv/011-attention_cv.log"
    },
    {
      "op": "attention_cv",
      "path": "artifacts/cv_cpu_cases/d256_q17_c511_hk2",
      "status": "passed",
      "returncode": 0,
      "log": "/home/sunao2000.linux/gpt_new_oscar/logs/vm-cv/012-attention_cv.log"
    },
    {
      "op": "attention_cv",
      "path": "artifacts/cv_cpu_cases/d64_q4_c65_s2",
      "status": "passed",
      "returncode": 0,
      "log": "/home/sunao2000.linux/gpt_new_oscar/logs/vm-cv/013-attention_cv.log"
    },
    {
      "op": "attention_cv",
      "path": "artifacts/cv_cpu_cases/d64_q4_c65_s20",
      "status": "passed",
      "returncode": 0,
      "log": "/home/sunao2000.linux/gpt_new_oscar/logs/vm-cv/014-attention_cv.log"
    },
    {
      "op": "attention_cv",
      "path": "artifacts/cv_cpu_cases/d256_q4_c511_s20",
      "status": "passed",
      "returncode": 0,
      "log": "/home/sunao2000.linux/gpt_new_oscar/logs/vm-cv/015-attention_cv.log"
    },
    {
      "op": "attention_cv",
      "path": "artifacts/cv_cpu_cases/d64_q4_c0_s20",
      "status": "passed",
      "returncode": 0,
      "log": "/home/sunao2000.linux/gpt_new_oscar/logs/vm-cv/016-attention_cv.log"
    },
    {
      "op": "attention_cv",
      "path": "artifacts/cv_cpu_cases/d128_q4_c511_s7",
      "status": "passed",
      "returncode": 0,
      "log": "/home/sunao2000.linux/gpt_new_oscar/logs/vm-cv/017-attention_cv.log"
    },
    {
      "op": "attention_cv",
      "path": "artifacts/cv_cpu_cases/d64_mixed_q1q4",
      "status": "passed",
      "returncode": 0,
      "log": "/home/sunao2000.linux/gpt_new_oscar/logs/vm-cv/018-attention_cv.log"
    },
    {
      "op": "bad_tag",
      "path": "artifacts/cv_cpu_cases/d64_q4_c65",
      "status": "passed",
      "returncode": 0,
      "log": "/home/sunao2000.linux/gpt_new_oscar/logs/vm-cv/019-bad_tag.log"
    },
    {
      "op": "nan_query",
      "path": "artifacts/cv_cpu_cases/d64_q4_c65",
      "status": "passed",
      "returncode": 0,
      "log": "/home/sunao2000.linux/gpt_new_oscar/logs/vm-cv/020-nan_query.log"
    },
    {
      "op": "bad_meta",
      "path": "artifacts/cv_cpu_cases/d64_q4_c65",
      "status": "passed",
      "returncode": 0,
      "log": "/home/sunao2000.linux/gpt_new_oscar/logs/vm-cv/021-bad_meta.log"
    },
    {
      "op": "nan_value",
      "path": "artifacts/cv_cpu_cases/d64_q4_c65",
      "status": "passed",
      "returncode": 0,
      "log": "/home/sunao2000.linux/gpt_new_oscar/logs/vm-cv/022-nan_value.log"
    },
    {
      "op": "tasks_causal",
      "path": "artifacts/cv_cpu_cases",
      "status": "passed",
      "returncode": 0,
      "log": "/home/sunao2000.linux/gpt_new_oscar/logs/vm-cv/023-tasks_causal.log"
    }
  ],
  "npu_acceptance": "not_run"
}
RESULT {"phase": "cv-debug", "command": ["limactl", "shell", "--workdir", "/home/sunao2000.linux/gpt_new_oscar", "oscar", "--", "timeout", "--signal=TERM", "--kill-after=10s", "1900", "bash", "-lc", "source /usr/local/Ascend/cann-9.1.0/set_env.sh; export TORCH_DEVICE_BACKEND_AUTOLOAD=0; .venv/bin/python -m tools.run_cpu_debug --executable build/cpu/oscar_cv_cpu --cases artifacts/cv_cpu_cases/cases.json --output reports/cv_cpu_debug.json --log-dir logs/vm-cv"], "returncode": 0, "elapsed_seconds": 133.480264, "timed_out": false, "interrupted": false, "log": "/Users/sunao2000/gpt_new_oscar/reports/vm/logs/cv-debug.log", "cleanup_complete": true}
[oscar] PASSED phase=cv-debug rc=0 log=/Users/sunao2000/gpt_new_oscar/reports/vm/logs/cv-debug.log
