START phase=install cwd=/Users/sunao2000/gpt_new_oscar command=["limactl", "shell", "--workdir", "/home/sunao2000.linux/gpt_new_oscar", "oscar", "--", "timeout", "--signal=TERM", "--kill-after=10s", "1900", "bash", "-lc", "source /usr/local/Ascend/cann-9.1.0/set_env.sh; export TORCH_DEVICE_BACKEND_AUTOLOAD=0; .venv/bin/python -m pip install --no-build-isolation --no-deps -e ."]
Obtaining file:///home/sunao2000.linux/gpt_new_oscar
  Checking if build backend supports build_editable: started
  Checking if build backend supports build_editable: finished with status 'done'
  Preparing editable metadata (pyproject.toml): started
  Preparing editable metadata (pyproject.toml): finished with status 'done'
Building wheels for collected packages: oscar-ascend-external
  Building editable for oscar-ascend-external (pyproject.toml): started
  Building editable for oscar-ascend-external (pyproject.toml): finished with status 'done'
  Created wheel for oscar-ascend-external: filename=oscar_ascend_external-0.1.0-0.editable-py3-none-any.whl size=3301 sha256=a73dd7a00625f19951bbb87f1076527723105b01c59340faeba0e4911e4b7435
  Stored in directory: /tmp/pip-ephem-wheel-cache-_a0k_bb2/wheels/02/cd/80/1e1853719533a3016144b42cef34e511abab4432a6701f8f94
Successfully built oscar-ascend-external
Installing collected packages: oscar-ascend-external
  Attempting uninstall: oscar-ascend-external
    Found existing installation: oscar-ascend-external 0.1.0
    Uninstalling oscar-ascend-external-0.1.0:
      Successfully uninstalled oscar-ascend-external-0.1.0
Successfully installed oscar-ascend-external-0.1.0
RESULT {"phase": "install", "command": ["limactl", "shell", "--workdir", "/home/sunao2000.linux/gpt_new_oscar", "oscar", "--", "timeout", "--signal=TERM", "--kill-after=10s", "1900", "bash", "-lc", "source /usr/local/Ascend/cann-9.1.0/set_env.sh; export TORCH_DEVICE_BACKEND_AUTOLOAD=0; .venv/bin/python -m pip install --no-build-isolation --no-deps -e ."], "returncode": 0, "elapsed_seconds": 0.935427, "timed_out": false, "interrupted": false, "log": "/Users/sunao2000/gpt_new_oscar/reports/vm/logs/install.log", "cleanup_complete": true}
[oscar] PASSED phase=install rc=0 log=/Users/sunao2000/gpt_new_oscar/reports/vm/logs/install.log
START phase=device-build cwd=/Users/sunao2000/gpt_new_oscar command=["limactl", "shell", "--workdir", "/home/sunao2000.linux/gpt_new_oscar", "oscar", "--", "timeout", "--signal=TERM", "--kill-after=10s", "1900", "bash", "-lc", "source /usr/local/Ascend/cann-9.1.0/set_env.sh; export TORCH_DEVICE_BACKEND_AUTOLOAD=0; .venv/bin/python -m tools.build_ops --soc ascend910b4 --log-dir logs/vm-verify-device"]
reuse completed AscendC build: source, configuration and artifact hashes match
{
  "signature": "1020db3336b3c40f15a8e8a7aec97a695cb5d509662d8edd45d9527b0c07372a",
  "configuration": {
    "source": {
      "CMakeLists.txt": "3eff29d9c530a3d29d609f15c9c28b0bb3c35a1491aee25d2cee833deb1fbb09",
      "attention_bindings.cpp": "a3f23dee8aa33f2e58becfc32442e8c3e8ca024d499ccefde8fe0b65db0f8d3f",
      "rotation_bindings.cpp": "48af05b40ad563e2d3b1fe36737e8a54b78906cd9141f2451cc3358126787a5d",
      "status_bindings.cpp": "2912ac6aa6be89eb0e6b8507b16c10a3ac8c996182bc52ed0afc87c45d3b2c40",
      "torch_bindings.cpp": "9ce12c775f9bab5331fbd2b4704b960c2d6ea575e1beb858f15eff1caac3cd17",
      "cpu/CMakeLists.txt": "1e7d67f47b4f330f1fa6c59a083246c6672105f81f1538fded57593a5eb819bb",
      "cpu/cv_probe.cpp": "ae30b9887fa51e239f307e5b5b98943587a1803b1999b43c7833a67c51058490",
      "cpu/primitive_probe.cpp": "f1cd3c8fca22d4b03d175762025e8446d6bc937324ccc9441b543a281005a453",
      "cpu/rotation_probe.cpp": "02245026bd7561568e12f58c54225f083f1f8e0d91bc9393c0e661e83ad91c2a",
      "include/oscar_attention_launch.h": "1283c6086b387c167a6ec26f9994c6385fe082bfc82862a0f386bf0ec16f6fd2",
      "include/oscar_launch.h": "c8b51d610755a8053455757ce9a921aa401e756edc6234318edcf2b7d422bbe9",
      "include/oscar_rotation_launch.h": "f231519ac7fd73b1e2316947e75d3c3351c00e095ccf16aa67df944d42ffe180",
      "kernels/attention_cv.cpp": "43651258fd4dc318237399563792f1c9fa08cfb87b1c1abde4140b1635f3aa26",
      "kernels/attention_tasks.cpp": "2e8403290aeb6057b3192b1b7c91918169ddef8f4ef0a149b7ae1789c3851589",
      "kernels/merge_lse.cpp": "8b32602f0efa94e5e1ec23ec03471e17b53c94fb4b45b867aca7e4f1c9af1723",
      "kernels/oscar_common.h": "20574a83f919df5bd6450cd581d1dba5a5a6f169768e7e237ba62f51b7499964",
      "kernels/rotate_clip_store.cpp": "e18bfc08673b3f5a49d24029c9ad34797e0d5b9114e79639ac01310658982748",
      "kernels/status_guard.cpp": "01cbbcfdf99d41daf0ac1372e2ebaa8549380d543bc7c29b426814c96eb593ab",
      "kernels/store_int2.cpp": "5a6fa9619e399bb80bc0455c4426396d98510326bb899900b4b96c65d2b58506"
    },
    "cann": "/usr/local/Ascend/cann-9.1.0",
    "cann_versions": {
      "/usr/local/Ascend/cann-9.1.0/compiler/version.info": "f20359296d5a7127f841aa35f4a788137f444dc36d72641e948cb9e39e47e4f4"
    },
    "soc": "ascend910b4",
    "package_versions": {
      "torch": "2.12.0+cpu",
      "torch_npu": "2.12.0",
      "pybind11": "3.1.0"
    },
    "python": "/home/sunao2000.linux/gpt_new_oscar/.venv/bin/python",
    "torch_npu": "/home/sunao2000.linux/.local/lib/python3.12/site-packages/torch_npu",
    "flags": {
      "CXX": null,
      "CC": null,
      "CXXFLAGS": null
    }
  },
  "extension": "/home/sunao2000.linux/gpt_new_oscar/build/ascendc/_oscar_ascend_ops.cpython-312-aarch64-linux-gnu.so",
  "kernel_library": "/home/sunao2000.linux/gpt_new_oscar/build/ascendc/lib/liboscar_ascend_kernels_1020db3336b3c40f.so",
  "sha256": {
    "/home/sunao2000.linux/gpt_new_oscar/build/ascendc/_oscar_ascend_ops.cpython-312-aarch64-linux-gnu.so": "3d294fecfdd68d5d819e797b6991cd621aaab7946831cb75aa0f4c7bd21da6ff",
    "/home/sunao2000.linux/gpt_new_oscar/build/ascendc/lib/liboscar_ascend_kernels_1020db3336b3c40f.so": "ffda97b85ea368ff0ad9bc5b788e665a76b807d25c7e154f414eb20f9a9a1f47"
  },
  "build": "passed",
  "device_completion": "not_run",
  "reused": true
}
RESULT {"phase": "device-build", "command": ["limactl", "shell", "--workdir", "/home/sunao2000.linux/gpt_new_oscar", "oscar", "--", "timeout", "--signal=TERM", "--kill-after=10s", "1900", "bash", "-lc", "source /usr/local/Ascend/cann-9.1.0/set_env.sh; export TORCH_DEVICE_BACKEND_AUTOLOAD=0; .venv/bin/python -m tools.build_ops --soc ascend910b4 --log-dir logs/vm-verify-device"], "returncode": 0, "elapsed_seconds": 0.10174, "timed_out": false, "interrupted": false, "log": "/Users/sunao2000/gpt_new_oscar/reports/vm/logs/device-build.log", "cleanup_complete": true}
[oscar] PASSED phase=device-build rc=0 log=/Users/sunao2000/gpt_new_oscar/reports/vm/logs/device-build.log
START phase=cpu-build cwd=/Users/sunao2000/gpt_new_oscar command=["limactl", "shell", "--workdir", "/home/sunao2000.linux/gpt_new_oscar", "oscar", "--", "timeout", "--signal=TERM", "--kill-after=10s", "1900", "bash", "-lc", "source /usr/local/Ascend/cann-9.1.0/set_env.sh; export TORCH_DEVICE_BACKEND_AUTOLOAD=0; cmake -S csrc/cpu -B build/cpu -DASCEND_HOME_PATH=/usr/local/Ascend/cann-9.1.0 -Dtikicpulib_DIR=/usr/local/Ascend/cann-9.1.0/tools/tikicpulib/lib/cmake && cmake --build build/cpu --parallel 4"]
-- Configuring done (0.0s)
-- Generating done (0.0s)
-- Build files have been written to: /home/sunao2000.linux/gpt_new_oscar/build/cpu
[ 23%] Built target oscar_rotation_cpu
[ 61%] Built target oscar_primitive_cpu
[ 69%] Building CXX object CMakeFiles/oscar_cv_cpu.dir/home/sunao2000.linux/gpt_new_oscar/csrc/kernels/attention_cv.cpp.o
[ 76%] Linking CXX executable oscar_cv_cpu
[100%] Built target oscar_cv_cpu
RESULT {"phase": "cpu-build", "command": ["limactl", "shell", "--workdir", "/home/sunao2000.linux/gpt_new_oscar", "oscar", "--", "timeout", "--signal=TERM", "--kill-after=10s", "1900", "bash", "-lc", "source /usr/local/Ascend/cann-9.1.0/set_env.sh; export TORCH_DEVICE_BACKEND_AUTOLOAD=0; cmake -S csrc/cpu -B build/cpu -DASCEND_HOME_PATH=/usr/local/Ascend/cann-9.1.0 -Dtikicpulib_DIR=/usr/local/Ascend/cann-9.1.0/tools/tikicpulib/lib/cmake && cmake --build build/cpu --parallel 4"], "returncode": 0, "elapsed_seconds": 3.615172, "timed_out": false, "interrupted": false, "log": "/Users/sunao2000/gpt_new_oscar/reports/vm/logs/cpu-build.log", "cleanup_complete": true}
[oscar] PASSED phase=cpu-build rc=0 log=/Users/sunao2000/gpt_new_oscar/reports/vm/logs/cpu-build.log
START phase=primitive-goldens cwd=/Users/sunao2000/gpt_new_oscar command=["limactl", "shell", "--workdir", "/home/sunao2000.linux/gpt_new_oscar", "oscar", "--", "timeout", "--signal=TERM", "--kill-after=10s", "1900", "bash", "-lc", "source /usr/local/Ascend/cann-9.1.0/set_env.sh; export TORCH_DEVICE_BACKEND_AUTOLOAD=0; .venv/bin/python -m tools.generate_cpu_cases --output artifacts/cpu_cases"]
[
  {
    "op": "store",
    "path": "artifacts/cpu_cases/store_64_0"
  },
  {
    "op": "store",
    "path": "artifacts/cpu_cases/store_64_1"
  },
  {
    "op": "merge",
    "path": "artifacts/cpu_cases/merge_64_1"
  },
  {
    "op": "merge",
    "path": "artifacts/cpu_cases/merge_64_3"
  },
  {
    "op": "merge",
    "path": "artifacts/cpu_cases/merge_64_128"
  },
  {
    "op": "store",
    "path": "artifacts/cpu_cases/store_128_0"
  },
  {
    "op": "store",
    "path": "artifacts/cpu_cases/store_128_1"
  },
  {
    "op": "merge",
    "path": "artifacts/cpu_cases/merge_128_1"
  },
  {
    "op": "merge",
    "path": "artifacts/cpu_cases/merge_128_3"
  },
  {
    "op": "merge",
    "path": "artifacts/cpu_cases/merge_128_128"
  },
  {
    "op": "store",
    "path": "artifacts/cpu_cases/store_256_0"
  },
  {
    "op": "store",
    "path": "artifacts/cpu_cases/store_256_1"
  },
  {
    "op": "merge",
    "path": "artifacts/cpu_cases/merge_256_1"
  },
  {
    "op": "merge",
    "path": "artifacts/cpu_cases/merge_256_3"
  },
  {
    "op": "merge",
    "path": "artifacts/cpu_cases/merge_256_128"
  },
  {
    "op": "guard",
    "path": "artifacts/cpu_cases/guard_zero",
    "expect_kernel_error": false
  },
  {
    "op": "guard",
    "path": "artifacts/cpu_cases/guard_error",
    "expect_kernel_error": true
  }
]
RESULT {"phase": "primitive-goldens", "command": ["limactl", "shell", "--workdir", "/home/sunao2000.linux/gpt_new_oscar", "oscar", "--", "timeout", "--signal=TERM", "--kill-after=10s", "1900", "bash", "-lc", "source /usr/local/Ascend/cann-9.1.0/set_env.sh; export TORCH_DEVICE_BACKEND_AUTOLOAD=0; .venv/bin/python -m tools.generate_cpu_cases --output artifacts/cpu_cases"], "returncode": 0, "elapsed_seconds": 0.820437, "timed_out": false, "interrupted": false, "log": "/Users/sunao2000/gpt_new_oscar/reports/vm/logs/primitive-goldens.log", "cleanup_complete": true}
[oscar] PASSED phase=primitive-goldens rc=0 log=/Users/sunao2000/gpt_new_oscar/reports/vm/logs/primitive-goldens.log
START phase=primitive-debug cwd=/Users/sunao2000/gpt_new_oscar command=["limactl", "shell", "--workdir", "/home/sunao2000.linux/gpt_new_oscar", "oscar", "--", "timeout", "--signal=TERM", "--kill-after=10s", "1900", "bash", "-lc", "source /usr/local/Ascend/cann-9.1.0/set_env.sh; export TORCH_DEVICE_BACKEND_AUTOLOAD=0; .venv/bin/python -m tools.run_cpu_debug --log-dir logs/vm-primitives"]
START phase=000-store cwd=/home/sunao2000.linux/gpt_new_oscar command=["/home/sunao2000.linux/gpt_new_oscar/build/cpu/oscar_primitive_cpu", "store", "/home/sunao2000.linux/gpt_new_oscar/artifacts/cpu_cases/store_64_0"]
[TmSim]: Run in serial mode.
[TmSim]: Run in serial mode.
[TmSim]: Run in serial mode.
[SUCCESS][CORE_0][pid 99731] exit success!
[SUCCESS][CORE_1][pid 99732] exit success!
[TmSim]: Run in serial mode.
[SUCCESS][CORE_2][pid 99733] exit success!
[SUCCESS][CORE_3][pid 99734] exit success!
{"backend":"ascendc_cpu_debug","status":"passed","op":"store"}
RESULT {"phase": "000-store", "command": ["/home/sunao2000.linux/gpt_new_oscar/build/cpu/oscar_primitive_cpu", "store", "/home/sunao2000.linux/gpt_new_oscar/artifacts/cpu_cases/store_64_0"], "returncode": 0, "elapsed_seconds": 0.101194, "timed_out": false, "interrupted": false, "log": "/home/sunao2000.linux/gpt_new_oscar/logs/vm-primitives/000-store.log", "cleanup_complete": true}
[oscar] PASSED phase=000-store rc=0 log=logs/vm-primitives/000-store.log
START phase=001-store cwd=/home/sunao2000.linux/gpt_new_oscar command=["/home/sunao2000.linux/gpt_new_oscar/build/cpu/oscar_primitive_cpu", "store", "/home/sunao2000.linux/gpt_new_oscar/artifacts/cpu_cases/store_64_1"]
[TmSim]: Run in serial mode.
[TmSim]: Run in serial mode.
[TmSim]: Run in serial mode.
[SUCCESS][CORE_0][pid 99739] exit success!
[TmSim]: Run in serial mode.
[SUCCESS][CORE_1][pid 99740] exit success!
[SUCCESS][CORE_2][pid 99741] exit success!
[SUCCESS][CORE_3][pid 99742] exit success!
{"backend":"ascendc_cpu_debug","status":"passed","op":"store"}
RESULT {"phase": "001-store", "command": ["/home/sunao2000.linux/gpt_new_oscar/build/cpu/oscar_primitive_cpu", "store", "/home/sunao2000.linux/gpt_new_oscar/artifacts/cpu_cases/store_64_1"], "returncode": 0, "elapsed_seconds": 0.105557, "timed_out": false, "interrupted": false, "log": "/home/sunao2000.linux/gpt_new_oscar/logs/vm-primitives/001-store.log", "cleanup_complete": true}
[oscar] PASSED phase=001-store rc=0 log=logs/vm-primitives/001-store.log
START phase=002-merge cwd=/home/sunao2000.linux/gpt_new_oscar command=["/home/sunao2000.linux/gpt_new_oscar/build/cpu/oscar_primitive_cpu", "merge", "/home/sunao2000.linux/gpt_new_oscar/artifacts/cpu_cases/merge_64_1"]
[TmSim]: Run in serial mode.
[TmSim]: Run in serial mode.
[TmSim]: Run in serial mode.
[TmSim]: Run in serial mode.
[SUCCESS][CORE_0][pid 99745] exit success!
[SUCCESS][CORE_1][pid 99746] exit success!
[SUCCESS][CORE_2][pid 99747] exit success!
[SUCCESS][CORE_3][pid 99748] exit success!
{"backend":"ascendc_cpu_debug","status":"passed","op":"merge"}
RESULT {"phase": "002-merge", "command": ["/home/sunao2000.linux/gpt_new_oscar/build/cpu/oscar_primitive_cpu", "merge", "/home/sunao2000.linux/gpt_new_oscar/artifacts/cpu_cases/merge_64_1"], "returncode": 0, "elapsed_seconds": 0.104846, "timed_out": false, "interrupted": false, "log": "/home/sunao2000.linux/gpt_new_oscar/logs/vm-primitives/002-merge.log", "cleanup_complete": true}
[oscar] PASSED phase=002-merge rc=0 log=logs/vm-primitives/002-merge.log
START phase=003-merge cwd=/home/sunao2000.linux/gpt_new_oscar command=["/home/sunao2000.linux/gpt_new_oscar/build/cpu/oscar_primitive_cpu", "merge", "/home/sunao2000.linux/gpt_new_oscar/artifacts/cpu_cases/merge_64_3"]
[TmSim]: Run in serial mode.
[TmSim]: Run in serial mode.
[TmSim]: Run in serial mode.
[TmSim]: Run in serial mode.
[SUCCESS][CORE_0][pid 99751] exit success!
[SUCCESS][CORE_1][pid 99752] exit success!
[SUCCESS][CORE_2][pid 99753] exit success!
[SUCCESS][CORE_3][pid 99754] exit success!
{"backend":"ascendc_cpu_debug","status":"passed","op":"merge"}
RESULT {"phase": "003-merge", "command": ["/home/sunao2000.linux/gpt_new_oscar/build/cpu/oscar_primitive_cpu", "merge", "/home/sunao2000.linux/gpt_new_oscar/artifacts/cpu_cases/merge_64_3"], "returncode": 0, "elapsed_seconds": 0.105674, "timed_out": false, "interrupted": false, "log": "/home/sunao2000.linux/gpt_new_oscar/logs/vm-primitives/003-merge.log", "cleanup_complete": true}
[oscar] PASSED phase=003-merge rc=0 log=logs/vm-primitives/003-merge.log
START phase=004-merge cwd=/home/sunao2000.linux/gpt_new_oscar command=["/home/sunao2000.linux/gpt_new_oscar/build/cpu/oscar_primitive_cpu", "merge", "/home/sunao2000.linux/gpt_new_oscar/artifacts/cpu_cases/merge_64_128"]
[TmSim]: Run in serial mode.
[TmSim]: Run in serial mode.
[TmSim]: Run in serial mode.
[TmSim]: Run in serial mode.
[SUCCESS][CORE_0][pid 99757] exit success!
[SUCCESS][CORE_1][pid 99758] exit success!
[SUCCESS][CORE_2][pid 99759] exit success!
[SUCCESS][CORE_3][pid 99760] exit success!
{"backend":"ascendc_cpu_debug","status":"passed","op":"merge"}
RESULT {"phase": "004-merge", "command": ["/home/sunao2000.linux/gpt_new_oscar/build/cpu/oscar_primitive_cpu", "merge", "/home/sunao2000.linux/gpt_new_oscar/artifacts/cpu_cases/merge_64_128"], "returncode": 0, "elapsed_seconds": 0.206934, "timed_out": false, "interrupted": false, "log": "/home/sunao2000.linux/gpt_new_oscar/logs/vm-primitives/004-merge.log", "cleanup_complete": true}
[oscar] PASSED phase=004-merge rc=0 log=logs/vm-primitives/004-merge.log
START phase=005-store cwd=/home/sunao2000.linux/gpt_new_oscar command=["/home/sunao2000.linux/gpt_new_oscar/build/cpu/oscar_primitive_cpu", "store", "/home/sunao2000.linux/gpt_new_oscar/artifacts/cpu_cases/store_128_0"]
[TmSim]: Run in serial mode.
[TmSim]: Run in serial mode.
[TmSim]: Run in serial mode.
[TmSim]: Run in serial mode.
[SUCCESS][CORE_0][pid 99763] exit success!
[SUCCESS][CORE_1][pid 99764] exit success!
[SUCCESS][CORE_2][pid 99765] exit success!
[SUCCESS][CORE_3][pid 99766] exit success!
{"backend":"ascendc_cpu_debug","status":"passed","op":"store"}
RESULT {"phase": "005-store", "command": ["/home/sunao2000.linux/gpt_new_oscar/build/cpu/oscar_primitive_cpu", "store", "/home/sunao2000.linux/gpt_new_oscar/artifacts/cpu_cases/store_128_0"], "returncode": 0, "elapsed_seconds": 0.208549, "timed_out": false, "interrupted": false, "log": "/home/sunao2000.linux/gpt_new_oscar/logs/vm-primitives/005-store.log", "cleanup_complete": true}
[oscar] PASSED phase=005-store rc=0 log=logs/vm-primitives/005-store.log
START phase=006-store cwd=/home/sunao2000.linux/gpt_new_oscar command=["/home/sunao2000.linux/gpt_new_oscar/build/cpu/oscar_primitive_cpu", "store", "/home/sunao2000.linux/gpt_new_oscar/artifacts/cpu_cases/store_128_1"]
[TmSim]: Run in serial mode.
[TmSim]: Run in serial mode.
[TmSim]: Run in serial mode.
[TmSim]: Run in serial mode.
[SUCCESS][CORE_0][pid 99769] exit success!
[SUCCESS][CORE_1][pid 99770] exit success!
[SUCCESS][CORE_2][pid 99771] exit success!
[SUCCESS][CORE_3][pid 99772] exit success!
{"backend":"ascendc_cpu_debug","status":"passed","op":"store"}
RESULT {"phase": "006-store", "command": ["/home/sunao2000.linux/gpt_new_oscar/build/cpu/oscar_primitive_cpu", "store", "/home/sunao2000.linux/gpt_new_oscar/artifacts/cpu_cases/store_128_1"], "returncode": 0, "elapsed_seconds": 0.207115, "timed_out": false, "interrupted": false, "log": "/home/sunao2000.linux/gpt_new_oscar/logs/vm-primitives/006-store.log", "cleanup_complete": true}
[oscar] PASSED phase=006-store rc=0 log=logs/vm-primitives/006-store.log
START phase=007-merge cwd=/home/sunao2000.linux/gpt_new_oscar command=["/home/sunao2000.linux/gpt_new_oscar/build/cpu/oscar_primitive_cpu", "merge", "/home/sunao2000.linux/gpt_new_oscar/artifacts/cpu_cases/merge_128_1"]
[TmSim]: Run in serial mode.
[TmSim]: Run in serial mode.
[TmSim]: Run in serial mode.
[TmSim]: Run in serial mode.
[SUCCESS][CORE_0][pid 99775] exit success!
[SUCCESS][CORE_1][pid 99776] exit success!
[SUCCESS][CORE_2][pid 99777] exit success!
[SUCCESS][CORE_3][pid 99778] exit success!
{"backend":"ascendc_cpu_debug","status":"passed","op":"merge"}
RESULT {"phase": "007-merge", "command": ["/home/sunao2000.linux/gpt_new_oscar/build/cpu/oscar_primitive_cpu", "merge", "/home/sunao2000.linux/gpt_new_oscar/artifacts/cpu_cases/merge_128_1"], "returncode": 0, "elapsed_seconds": 0.10566, "timed_out": false, "interrupted": false, "log": "/home/sunao2000.linux/gpt_new_oscar/logs/vm-primitives/007-merge.log", "cleanup_complete": true}
[oscar] PASSED phase=007-merge rc=0 log=logs/vm-primitives/007-merge.log
START phase=008-merge cwd=/home/sunao2000.linux/gpt_new_oscar command=["/home/sunao2000.linux/gpt_new_oscar/build/cpu/oscar_primitive_cpu", "merge", "/home/sunao2000.linux/gpt_new_oscar/artifacts/cpu_cases/merge_128_3"]
[TmSim]: Run in serial mode.
[TmSim]: Run in serial mode.
[TmSim]: Run in serial mode.
[TmSim]: Run in serial mode.
[SUCCESS][CORE_0][pid 99781] exit success!
[SUCCESS][CORE_1][pid 99782] exit success!
[SUCCESS][CORE_2][pid 99783] exit success!
[SUCCESS][CORE_3][pid 99784] exit success!
{"backend":"ascendc_cpu_debug","status":"passed","op":"merge"}
RESULT {"phase": "008-merge", "command": ["/home/sunao2000.linux/gpt_new_oscar/build/cpu/oscar_primitive_cpu", "merge", "/home/sunao2000.linux/gpt_new_oscar/artifacts/cpu_cases/merge_128_3"], "returncode": 0, "elapsed_seconds": 0.105638, "timed_out": false, "interrupted": false, "log": "/home/sunao2000.linux/gpt_new_oscar/logs/vm-primitives/008-merge.log", "cleanup_complete": true}
[oscar] PASSED phase=008-merge rc=0 log=logs/vm-primitives/008-merge.log
START phase=009-merge cwd=/home/sunao2000.linux/gpt_new_oscar command=["/home/sunao2000.linux/gpt_new_oscar/build/cpu/oscar_primitive_cpu", "merge", "/home/sunao2000.linux/gpt_new_oscar/artifacts/cpu_cases/merge_128_128"]
[TmSim]: Run in serial mode.
[TmSim]: Run in serial mode.
[TmSim]: Run in serial mode.
[TmSim]: Run in serial mode.
[SUCCESS][CORE_0][pid 99787] exit success!
[SUCCESS][CORE_1][pid 99788] exit success!
[SUCCESS][CORE_2][pid 99789] exit success!
[SUCCESS][CORE_3][pid 99790] exit success!
{"backend":"ascendc_cpu_debug","status":"passed","op":"merge"}
RESULT {"phase": "009-merge", "command": ["/home/sunao2000.linux/gpt_new_oscar/build/cpu/oscar_primitive_cpu", "merge", "/home/sunao2000.linux/gpt_new_oscar/artifacts/cpu_cases/merge_128_128"], "returncode": 0, "elapsed_seconds": 0.2107, "timed_out": false, "interrupted": false, "log": "/home/sunao2000.linux/gpt_new_oscar/logs/vm-primitives/009-merge.log", "cleanup_complete": true}
[oscar] PASSED phase=009-merge rc=0 log=logs/vm-primitives/009-merge.log
START phase=010-store cwd=/home/sunao2000.linux/gpt_new_oscar command=["/home/sunao2000.linux/gpt_new_oscar/build/cpu/oscar_primitive_cpu", "store", "/home/sunao2000.linux/gpt_new_oscar/artifacts/cpu_cases/store_256_0"]
[TmSim]: Run in serial mode.
[TmSim]: Run in serial mode.
[TmSim]: Run in serial mode.
[TmSim]: Run in serial mode.
[SUCCESS][CORE_0][pid 99793] exit success!
[SUCCESS][CORE_1][pid 99794] exit success!
[SUCCESS][CORE_2][pid 99795] exit success!
[SUCCESS][CORE_3][pid 99796] exit success!
{"backend":"ascendc_cpu_debug","status":"passed","op":"store"}
RESULT {"phase": "010-store", "command": ["/home/sunao2000.linux/gpt_new_oscar/build/cpu/oscar_primitive_cpu", "store", "/home/sunao2000.linux/gpt_new_oscar/artifacts/cpu_cases/store_256_0"], "returncode": 0, "elapsed_seconds": 0.203159, "timed_out": false, "interrupted": false, "log": "/home/sunao2000.linux/gpt_new_oscar/logs/vm-primitives/010-store.log", "cleanup_complete": true}
[oscar] PASSED phase=010-store rc=0 log=logs/vm-primitives/010-store.log
START phase=011-store cwd=/home/sunao2000.linux/gpt_new_oscar command=["/home/sunao2000.linux/gpt_new_oscar/build/cpu/oscar_primitive_cpu", "store", "/home/sunao2000.linux/gpt_new_oscar/artifacts/cpu_cases/store_256_1"]
[TmSim]: Run in serial mode.
[TmSim]: Run in serial mode.
[TmSim]: Run in serial mode.
[TmSim]: Run in serial mode.
[SUCCESS][CORE_0][pid 99799] exit success!
[SUCCESS][CORE_1][pid 99800] exit success!
[SUCCESS][CORE_2][pid 99801] exit success!
[SUCCESS][CORE_3][pid 99802] exit success!
{"backend":"ascendc_cpu_debug","status":"passed","op":"store"}
RESULT {"phase": "011-store", "command": ["/home/sunao2000.linux/gpt_new_oscar/build/cpu/oscar_primitive_cpu", "store", "/home/sunao2000.linux/gpt_new_oscar/artifacts/cpu_cases/store_256_1"], "returncode": 0, "elapsed_seconds": 0.204914, "timed_out": false, "interrupted": false, "log": "/home/sunao2000.linux/gpt_new_oscar/logs/vm-primitives/011-store.log", "cleanup_complete": true}
[oscar] PASSED phase=011-store rc=0 log=logs/vm-primitives/011-store.log
START phase=012-merge cwd=/home/sunao2000.linux/gpt_new_oscar command=["/home/sunao2000.linux/gpt_new_oscar/build/cpu/oscar_primitive_cpu", "merge", "/home/sunao2000.linux/gpt_new_oscar/artifacts/cpu_cases/merge_256_1"]
[TmSim]: Run in serial mode.
[TmSim]: Run in serial mode.
[TmSim]: Run in serial mode.
[TmSim]: Run in serial mode.
[SUCCESS][CORE_0][pid 99805] exit success!
[SUCCESS][CORE_1][pid 99806] exit success!
[SUCCESS][CORE_2][pid 99807] exit success!
[SUCCESS][CORE_3][pid 99808] exit success!
{"backend":"ascendc_cpu_debug","status":"passed","op":"merge"}
RESULT {"phase": "012-merge", "command": ["/home/sunao2000.linux/gpt_new_oscar/build/cpu/oscar_primitive_cpu", "merge", "/home/sunao2000.linux/gpt_new_oscar/artifacts/cpu_cases/merge_256_1"], "returncode": 0, "elapsed_seconds": 0.101351, "timed_out": false, "interrupted": false, "log": "/home/sunao2000.linux/gpt_new_oscar/logs/vm-primitives/012-merge.log", "cleanup_complete": true}
[oscar] PASSED phase=012-merge rc=0 log=logs/vm-primitives/012-merge.log
START phase=013-merge cwd=/home/sunao2000.linux/gpt_new_oscar command=["/home/sunao2000.linux/gpt_new_oscar/build/cpu/oscar_primitive_cpu", "merge", "/home/sunao2000.linux/gpt_new_oscar/artifacts/cpu_cases/merge_256_3"]
[TmSim]: Run in serial mode.
[TmSim]: Run in serial mode.
[TmSim]: Run in serial mode.
[TmSim]: Run in serial mode.
[SUCCESS][CORE_0][pid 99812] exit success!
[SUCCESS][CORE_1][pid 99813] exit success!
[SUCCESS][CORE_2][pid 99814] exit success!
[SUCCESS][CORE_3][pid 99815] exit success!
{"backend":"ascendc_cpu_debug","status":"passed","op":"merge"}
RESULT {"phase": "013-merge", "command": ["/home/sunao2000.linux/gpt_new_oscar/build/cpu/oscar_primitive_cpu", "merge", "/home/sunao2000.linux/gpt_new_oscar/artifacts/cpu_cases/merge_256_3"], "returncode": 0, "elapsed_seconds": 0.105655, "timed_out": false, "interrupted": false, "log": "/home/sunao2000.linux/gpt_new_oscar/logs/vm-primitives/013-merge.log", "cleanup_complete": true}
[oscar] PASSED phase=013-merge rc=0 log=logs/vm-primitives/013-merge.log
START phase=014-merge cwd=/home/sunao2000.linux/gpt_new_oscar command=["/home/sunao2000.linux/gpt_new_oscar/build/cpu/oscar_primitive_cpu", "merge", "/home/sunao2000.linux/gpt_new_oscar/artifacts/cpu_cases/merge_256_128"]
[TmSim]: Run in serial mode.
[TmSim]: Run in serial mode.
[TmSim]: Run in serial mode.
[SUCCESS][CORE_0][pid 99818] exit success!
[TmSim]: Run in serial mode.
[SUCCESS][CORE_1][pid 99819] exit success!
[SUCCESS][CORE_2][pid 99820] exit success!
[SUCCESS][CORE_3][pid 99821] exit success!
{"backend":"ascendc_cpu_debug","status":"passed","op":"merge"}
RESULT {"phase": "014-merge", "command": ["/home/sunao2000.linux/gpt_new_oscar/build/cpu/oscar_primitive_cpu", "merge", "/home/sunao2000.linux/gpt_new_oscar/artifacts/cpu_cases/merge_256_128"], "returncode": 0, "elapsed_seconds": 0.315355, "timed_out": false, "interrupted": false, "log": "/home/sunao2000.linux/gpt_new_oscar/logs/vm-primitives/014-merge.log", "cleanup_complete": true}
[oscar] PASSED phase=014-merge rc=0 log=logs/vm-primitives/014-merge.log
START phase=015-guard cwd=/home/sunao2000.linux/gpt_new_oscar command=["/home/sunao2000.linux/gpt_new_oscar/build/cpu/oscar_primitive_cpu", "guard", "/home/sunao2000.linux/gpt_new_oscar/artifacts/cpu_cases/guard_zero"]
[TmSim]: Run in serial mode.
[TmSim]: Run in serial mode.
[TmSim]: Run in serial mode.
[TmSim]: Run in serial mode.
[SUCCESS][CORE_0][pid 99824] exit success!
[SUCCESS][CORE_1][pid 99825] exit success!
[SUCCESS][CORE_2][pid 99826] exit success!
[SUCCESS][CORE_3][pid 99827] exit success!
{"backend":"ascendc_cpu_debug","status":"passed","op":"guard"}
RESULT {"phase": "015-guard", "command": ["/home/sunao2000.linux/gpt_new_oscar/build/cpu/oscar_primitive_cpu", "guard", "/home/sunao2000.linux/gpt_new_oscar/artifacts/cpu_cases/guard_zero"], "returncode": 0, "elapsed_seconds": 0.101697, "timed_out": false, "interrupted": false, "log": "/home/sunao2000.linux/gpt_new_oscar/logs/vm-primitives/015-guard.log", "cleanup_complete": true}
[oscar] PASSED phase=015-guard rc=0 log=logs/vm-primitives/015-guard.log
START phase=016-guard cwd=/home/sunao2000.linux/gpt_new_oscar command=["/home/sunao2000.linux/gpt_new_oscar/build/cpu/oscar_primitive_cpu", "guard", "/home/sunao2000.linux/gpt_new_oscar/artifacts/cpu_cases/guard_error"]
[TmSim]: Run in serial mode.
[TmSim]: Run in serial mode.
OSCAR_GUARD segment=3 index=1024 status=3
[TmSim]: Run in serial mode.
[SUCCESS][CORE_0][pid 99830] exit success!
[TmSim]: Run in serial mode.
[ERROR][Block_1][AIV_0][kernel_utils.cpp:1216][trap][99831] Aicore error exception, triggered by trap();
[ERROR][CORE_1][pid 99831] error happened! ========= 
SIGABRT Signal (Abort Signal from abort) catched, backtrace info:
[#0] 0x00000000000bc8af: AscendC::StackTrace() at ??:?
[#1] 0x00000000000bcc93: AscendC::BacktracePrint(int) at ??:?
[#2] 0x0000000000022143: Handler(int) at /usr/local/Ascend/cann-9.1.0/tools/cpudebug/include/kern_fwk.h:43
[#3] 0x000000000015e9b7: AscendC::trap() at ??:?
[#4] 0x00000000000603f3: AscendC::TrapImpl() at /usr/local/Ascend/cann-9.1.0/aarch64-linux/asc/impl/basic_api/dav_c220/kernel_operator_sys_var_impl.h:116
[#5] 0x000000000006040b: AscendC::Trap() at /usr/local/Ascend/cann-9.1.0/aarch64-linux/asc/impl/basic_api/kernel_operator_sys_var_intf_impl.h:123
[#6] 0x000000000005fe23: oscar_status_guard_kernel at /home/sunao2000.linux/gpt_new_oscar/csrc/kernels/status_guard.cpp:39
[#7] 0x000000000002653f: void AscendC::RunKernelFunctionOnCpu<void (*)(unsigned char*, unsigned char*, unsigned char*, unsigned char*, long, long, long, long), unsigned char*, unsigned char*, unsigned char*, unsigned char*, long, long, long, long>(void (*)(unsigned char*, unsigned char*, unsigned char*, unsigned char*, long, long, long, long), char const*, unsigned int, unsigned char*, unsigned char*, unsigned char*, unsigned char*, long, long, long, long) at /usr/local/Ascend/cann-9.1.0/tools/cpudebug/include/kern_fwk.h:142
[#8] 0x000000000001dd27: main at /home/sunao2000.linux/gpt_new_oscar/csrc/cpu/primitive_probe.cpp:73
[#9] 0x000000000001c8ef: _start at ??:?

[SUCCESS][CORE_2][pid 99832] exit success!
[SUCCESS][CORE_3][pid 99833] exit success!
{"backend":"ascendc_cpu_debug","status":"passed","op":"guard"}
RESULT {"phase": "016-guard", "command": ["/home/sunao2000.linux/gpt_new_oscar/build/cpu/oscar_primitive_cpu", "guard", "/home/sunao2000.linux/gpt_new_oscar/artifacts/cpu_cases/guard_error"], "returncode": 0, "elapsed_seconds": 0.206935, "timed_out": false, "interrupted": false, "log": "/home/sunao2000.linux/gpt_new_oscar/logs/vm-primitives/016-guard.log", "cleanup_complete": true}
[oscar] PASSED phase=016-guard rc=0 log=logs/vm-primitives/016-guard.log
{
  "backend": "official_ascendc_cpu_debug",
  "status": "passed",
  "cases": [
    {
      "op": "store",
      "path": "artifacts/cpu_cases/store_64_0",
      "status": "passed",
      "returncode": 0,
      "log": "/home/sunao2000.linux/gpt_new_oscar/logs/vm-primitives/000-store.log"
    },
    {
      "op": "store",
      "path": "artifacts/cpu_cases/store_64_1",
      "status": "passed",
      "returncode": 0,
      "log": "/home/sunao2000.linux/gpt_new_oscar/logs/vm-primitives/001-store.log"
    },
    {
      "op": "merge",
      "path": "artifacts/cpu_cases/merge_64_1",
      "status": "passed",
      "returncode": 0,
      "log": "/home/sunao2000.linux/gpt_new_oscar/logs/vm-primitives/002-merge.log"
    },
    {
      "op": "merge",
      "path": "artifacts/cpu_cases/merge_64_3",
      "status": "passed",
      "returncode": 0,
      "log": "/home/sunao2000.linux/gpt_new_oscar/logs/vm-primitives/003-merge.log"
    },
    {
      "op": "merge",
      "path": "artifacts/cpu_cases/merge_64_128",
      "status": "passed",
      "returncode": 0,
      "log": "/home/sunao2000.linux/gpt_new_oscar/logs/vm-primitives/004-merge.log"
    },
    {
      "op": "store",
      "path": "artifacts/cpu_cases/store_128_0",
      "status": "passed",
      "returncode": 0,
      "log": "/home/sunao2000.linux/gpt_new_oscar/logs/vm-primitives/005-store.log"
    },
    {
      "op": "store",
      "path": "artifacts/cpu_cases/store_128_1",
      "status": "passed",
      "returncode": 0,
      "log": "/home/sunao2000.linux/gpt_new_oscar/logs/vm-primitives/006-store.log"
    },
    {
      "op": "merge",
      "path": "artifacts/cpu_cases/merge_128_1",
      "status": "passed",
      "returncode": 0,
      "log": "/home/sunao2000.linux/gpt_new_oscar/logs/vm-primitives/007-merge.log"
    },
    {
      "op": "merge",
      "path": "artifacts/cpu_cases/merge_128_3",
      "status": "passed",
      "returncode": 0,
      "log": "/home/sunao2000.linux/gpt_new_oscar/logs/vm-primitives/008-merge.log"
    },
    {
      "op": "merge",
      "path": "artifacts/cpu_cases/merge_128_128",
      "status": "passed",
      "returncode": 0,
      "log": "/home/sunao2000.linux/gpt_new_oscar/logs/vm-primitives/009-merge.log"
    },
    {
      "op": "store",
      "path": "artifacts/cpu_cases/store_256_0",
      "status": "passed",
      "returncode": 0,
      "log": "/home/sunao2000.linux/gpt_new_oscar/logs/vm-primitives/010-store.log"
    },
    {
      "op": "store",
      "path": "artifacts/cpu_cases/store_256_1",
      "status": "passed",
      "returncode": 0,
      "log": "/home/sunao2000.linux/gpt_new_oscar/logs/vm-primitives/011-store.log"
    },
    {
      "op": "merge",
      "path": "artifacts/cpu_cases/merge_256_1",
      "status": "passed",
      "returncode": 0,
      "log": "/home/sunao2000.linux/gpt_new_oscar/logs/vm-primitives/012-merge.log"
    },
    {
      "op": "merge",
      "path": "artifacts/cpu_cases/merge_256_3",
      "status": "passed",
      "returncode": 0,
      "log": "/home/sunao2000.linux/gpt_new_oscar/logs/vm-primitives/013-merge.log"
    },
    {
      "op": "merge",
      "path": "artifacts/cpu_cases/merge_256_128",
      "status": "passed",
      "returncode": 0,
      "log": "/home/sunao2000.linux/gpt_new_oscar/logs/vm-primitives/014-merge.log"
    },
    {
      "op": "guard",
      "path": "artifacts/cpu_cases/guard_zero",
      "expect_kernel_error": false,
      "status": "passed",
      "returncode": 0,
      "log": "/home/sunao2000.linux/gpt_new_oscar/logs/vm-primitives/015-guard.log"
    },
    {
      "op": "guard",
      "path": "artifacts/cpu_cases/guard_error",
      "expect_kernel_error": true,
      "status": "passed",
      "returncode": 0,
      "log": "/home/sunao2000.linux/gpt_new_oscar/logs/vm-primitives/016-guard.log"
    }
  ],
  "npu_acceptance": "not_run"
}
RESULT {"phase": "primitive-debug", "command": ["limactl", "shell", "--workdir", "/home/sunao2000.linux/gpt_new_oscar", "oscar", "--", "timeout", "--signal=TERM", "--kill-after=10s", "1900", "bash", "-lc", "source /usr/local/Ascend/cann-9.1.0/set_env.sh; export TORCH_DEVICE_BACKEND_AUTOLOAD=0; .venv/bin/python -m tools.run_cpu_debug --log-dir logs/vm-primitives"], "returncode": 0, "elapsed_seconds": 2.875987, "timed_out": false, "interrupted": false, "log": "/Users/sunao2000/gpt_new_oscar/reports/vm/logs/primitive-debug.log", "cleanup_complete": true}
[oscar] PASSED phase=primitive-debug rc=0 log=/Users/sunao2000/gpt_new_oscar/reports/vm/logs/primitive-debug.log
START phase=rotation-goldens cwd=/Users/sunao2000/gpt_new_oscar command=["limactl", "shell", "--workdir", "/home/sunao2000.linux/gpt_new_oscar", "oscar", "--", "timeout", "--signal=TERM", "--kill-after=10s", "1900", "bash", "-lc", "source /usr/local/Ascend/cann-9.1.0/set_env.sh; export TORCH_DEVICE_BACKEND_AUTOLOAD=0; .venv/bin/python -m tools.generate_rotation_cpu_cases --output artifacts/rotation_cpu_cases"]
[
  {
    "op": "rotate",
    "path": "artifacts/rotation_cpu_cases/rotate_64_0"
  },
  {
    "op": "rotate",
    "path": "artifacts/rotation_cpu_cases/rotate_masked_64_0"
  },
  {
    "op": "rotate_store",
    "path": "artifacts/rotation_cpu_cases/rotate_store_64_0_0.00"
  },
  {
    "op": "rotate_store",
    "path": "artifacts/rotation_cpu_cases/rotate_store_64_0_0.95"
  },
  {
    "op": "rotate",
    "path": "artifacts/rotation_cpu_cases/rotate_64_1"
  },
  {
    "op": "rotate",
    "path": "artifacts/rotation_cpu_cases/rotate_masked_64_1"
  },
  {
    "op": "rotate_store",
    "path": "artifacts/rotation_cpu_cases/rotate_store_64_1_0.00"
  },
  {
    "op": "rotate_store",
    "path": "artifacts/rotation_cpu_cases/rotate_store_64_1_0.95"
  },
  {
    "op": "rotate",
    "path": "artifacts/rotation_cpu_cases/rotate_128_0"
  },
  {
    "op": "rotate",
    "path": "artifacts/rotation_cpu_cases/rotate_masked_128_0"
  },
  {
    "op": "rotate_store",
    "path": "artifacts/rotation_cpu_cases/rotate_store_128_0_0.00"
  },
  {
    "op": "rotate_store",
    "path": "artifacts/rotation_cpu_cases/rotate_store_128_0_0.95"
  },
  {
    "op": "rotate",
    "path": "artifacts/rotation_cpu_cases/rotate_128_1"
  },
  {
    "op": "rotate",
    "path": "artifacts/rotation_cpu_cases/rotate_masked_128_1"
  },
  {
    "op": "rotate_store",
    "path": "artifacts/rotation_cpu_cases/rotate_store_128_1_0.00"
  },
  {
    "op": "rotate_store",
    "path": "artifacts/rotation_cpu_cases/rotate_store_128_1_0.95"
  },
  {
    "op": "rotate",
    "path": "artifacts/rotation_cpu_cases/rotate_256_0"
  },
  {
    "op": "rotate",
    "path": "artifacts/rotation_cpu_cases/rotate_masked_256_0"
  },
  {
    "op": "rotate_store",
    "path": "artifacts/rotation_cpu_cases/rotate_store_256_0_0.00"
  },
  {
    "op": "rotate_store",
    "path": "artifacts/rotation_cpu_cases/rotate_store_256_0_0.95"
  },
  {
    "op": "rotate",
    "path": "artifacts/rotation_cpu_cases/rotate_256_1"
  },
  {
    "op": "rotate",
    "path": "artifacts/rotation_cpu_cases/rotate_masked_256_1"
  },
  {
    "op": "rotate_store",
    "path": "artifacts/rotation_cpu_cases/rotate_store_256_1_0.00"
  },
  {
    "op": "rotate_store",
    "path": "artifacts/rotation_cpu_cases/rotate_store_256_1_0.95"
  },
  {
    "op": "rotate_store",
    "path": "artifacts/rotation_cpu_cases/rotate_store_errors"
  },
  {
    "op": "rotate_store",
    "path": "artifacts/rotation_cpu_cases/rotate_store_sink_only"
  }
]
RESULT {"phase": "rotation-goldens", "command": ["limactl", "shell", "--workdir", "/home/sunao2000.linux/gpt_new_oscar", "oscar", "--", "timeout", "--signal=TERM", "--kill-after=10s", "1900", "bash", "-lc", "source /usr/local/Ascend/cann-9.1.0/set_env.sh; export TORCH_DEVICE_BACKEND_AUTOLOAD=0; .venv/bin/python -m tools.generate_rotation_cpu_cases --output artifacts/rotation_cpu_cases"], "returncode": 0, "elapsed_seconds": 0.937334, "timed_out": false, "interrupted": false, "log": "/Users/sunao2000/gpt_new_oscar/reports/vm/logs/rotation-goldens.log", "cleanup_complete": true}
[oscar] PASSED phase=rotation-goldens rc=0 log=/Users/sunao2000/gpt_new_oscar/reports/vm/logs/rotation-goldens.log
START phase=rotation-debug cwd=/Users/sunao2000/gpt_new_oscar command=["limactl", "shell", "--workdir", "/home/sunao2000.linux/gpt_new_oscar", "oscar", "--", "timeout", "--signal=TERM", "--kill-after=10s", "1900", "bash", "-lc", "source /usr/local/Ascend/cann-9.1.0/set_env.sh; export TORCH_DEVICE_BACKEND_AUTOLOAD=0; .venv/bin/python -m tools.run_cpu_debug --executable build/cpu/oscar_rotation_cpu --cases artifacts/rotation_cpu_cases/cases.json --output reports/rotation_cpu_debug.json --log-dir logs/vm-rotation"]
START phase=000-rotate cwd=/home/sunao2000.linux/gpt_new_oscar command=["/home/sunao2000.linux/gpt_new_oscar/build/cpu/oscar_rotation_cpu", "rotate", "/home/sunao2000.linux/gpt_new_oscar/artifacts/rotation_cpu_cases/rotate_64_0"]
[TmSim]: Run in serial mode.
[TmSim]: Run in serial mode.
[SUCCESS][CORE_0][pid 99959] exit success!
[TmSim]: Run in serial mode.
[SUCCESS][CORE_1][pid 99960] exit success!
[TmSim]: Run in serial mode.
[SUCCESS][CORE_2][pid 99961] exit success!
[SUCCESS][CORE_3][pid 99962] exit success!
max_abs_error=1.19209e-06
{"backend":"ascendc_cpu_debug","status":"passed","op":"rotate"}
RESULT {"phase": "000-rotate", "command": ["/home/sunao2000.linux/gpt_new_oscar/build/cpu/oscar_rotation_cpu", "rotate", "/home/sunao2000.linux/gpt_new_oscar/artifacts/rotation_cpu_cases/rotate_64_0"], "returncode": 0, "elapsed_seconds": 0.409329, "timed_out": false, "interrupted": false, "log": "/home/sunao2000.linux/gpt_new_oscar/logs/vm-rotation/000-rotate.log", "cleanup_complete": true}
[oscar] PASSED phase=000-rotate rc=0 log=logs/vm-rotation/000-rotate.log
START phase=001-rotate cwd=/home/sunao2000.linux/gpt_new_oscar command=["/home/sunao2000.linux/gpt_new_oscar/build/cpu/oscar_rotation_cpu", "rotate", "/home/sunao2000.linux/gpt_new_oscar/artifacts/rotation_cpu_cases/rotate_masked_64_0"]
[TmSim]: Run in serial mode.
[TmSim]: Run in serial mode.
[TmSim]: Run in serial mode.
[TmSim]: Run in serial mode.
[SUCCESS][CORE_0][pid 99965] exit success!
[SUCCESS][CORE_1][pid 99966] exit success!
[SUCCESS][CORE_2][pid 99967] exit success!
[SUCCESS][CORE_3][pid 99968] exit success!
max_abs_error=7.15256e-07
{"backend":"ascendc_cpu_debug","status":"passed","op":"rotate"}
RESULT {"phase": "001-rotate", "command": ["/home/sunao2000.linux/gpt_new_oscar/build/cpu/oscar_rotation_cpu", "rotate", "/home/sunao2000.linux/gpt_new_oscar/artifacts/rotation_cpu_cases/rotate_masked_64_0"], "returncode": 0, "elapsed_seconds": 0.417514, "timed_out": false, "interrupted": false, "log": "/home/sunao2000.linux/gpt_new_oscar/logs/vm-rotation/001-rotate.log", "cleanup_complete": true}
[oscar] PASSED phase=001-rotate rc=0 log=logs/vm-rotation/001-rotate.log
START phase=002-rotate_store cwd=/home/sunao2000.linux/gpt_new_oscar command=["/home/sunao2000.linux/gpt_new_oscar/build/cpu/oscar_rotation_cpu", "rotate_store", "/home/sunao2000.linux/gpt_new_oscar/artifacts/rotation_cpu_cases/rotate_store_64_0_0.00"]
[TmSim]: Run in serial mode.
[TmSim]: Run in serial mode.
[SUCCESS][CORE_0][pid 99971] exit success!
[TmSim]: Run in serial mode.
[TmSim]: Run in serial mode.
[SUCCESS][CORE_1][pid 99972] exit success!
[SUCCESS][CORE_2][pid 99973] exit success!
[SUCCESS][CORE_3][pid 99974] exit success!
{"backend":"ascendc_cpu_debug","status":"passed","op":"rotate_store"}
RESULT {"phase": "002-rotate_store", "command": ["/home/sunao2000.linux/gpt_new_oscar/build/cpu/oscar_rotation_cpu", "rotate_store", "/home/sunao2000.linux/gpt_new_oscar/artifacts/rotation_cpu_cases/rotate_store_64_0_0.00"], "returncode": 0, "elapsed_seconds": 0.827487, "timed_out": false, "interrupted": false, "log": "/home/sunao2000.linux/gpt_new_oscar/logs/vm-rotation/002-rotate_store.log", "cleanup_complete": true}
[oscar] PASSED phase=002-rotate_store rc=0 log=logs/vm-rotation/002-rotate_store.log
START phase=003-rotate_store cwd=/home/sunao2000.linux/gpt_new_oscar command=["/home/sunao2000.linux/gpt_new_oscar/build/cpu/oscar_rotation_cpu", "rotate_store", "/home/sunao2000.linux/gpt_new_oscar/artifacts/rotation_cpu_cases/rotate_store_64_0_0.95"]
[TmSim]: Run in serial mode.
[TmSim]: Run in serial mode.
[TmSim]: Run in serial mode.
[TmSim]: Run in serial mode.
[SUCCESS][CORE_0][pid 99978] exit success!
[SUCCESS][CORE_1][pid 99979] exit success!
[SUCCESS][CORE_2][pid 99980] exit success!
[SUCCESS][CORE_3][pid 99981] exit success!
{"backend":"ascendc_cpu_debug","status":"passed","op":"rotate_store"}
RESULT {"phase": "003-rotate_store", "command": ["/home/sunao2000.linux/gpt_new_oscar/build/cpu/oscar_rotation_cpu", "rotate_store", "/home/sunao2000.linux/gpt_new_oscar/artifacts/rotation_cpu_cases/rotate_store_64_0_0.95"], "returncode": 0, "elapsed_seconds": 0.821402, "timed_out": false, "interrupted": false, "log": "/home/sunao2000.linux/gpt_new_oscar/logs/vm-rotation/003-rotate_store.log", "cleanup_complete": true}
[oscar] PASSED phase=003-rotate_store rc=0 log=logs/vm-rotation/003-rotate_store.log
START phase=004-rotate cwd=/home/sunao2000.linux/gpt_new_oscar command=["/home/sunao2000.linux/gpt_new_oscar/build/cpu/oscar_rotation_cpu", "rotate", "/home/sunao2000.linux/gpt_new_oscar/artifacts/rotation_cpu_cases/rotate_64_1"]
[TmSim]: Run in serial mode.
[TmSim]: Run in serial mode.
[TmSim]: Run in serial mode.
[TmSim]: Run in serial mode.
[SUCCESS][CORE_0][pid 99984] exit success!
[SUCCESS][CORE_1][pid 99985] exit success!
[SUCCESS][CORE_2][pid 99986] exit success!
[SUCCESS][CORE_3][pid 99987] exit success!
max_abs_error=0
{"backend":"ascendc_cpu_debug","status":"passed","op":"rotate"}
RESULT {"phase": "004-rotate", "command": ["/home/sunao2000.linux/gpt_new_oscar/build/cpu/oscar_rotation_cpu", "rotate", "/home/sunao2000.linux/gpt_new_oscar/artifacts/rotation_cpu_cases/rotate_64_1"], "returncode": 0, "elapsed_seconds": 0.210737, "timed_out": false, "interrupted": false, "log": "/home/sunao2000.linux/gpt_new_oscar/logs/vm-rotation/004-rotate.log", "cleanup_complete": true}
[oscar] PASSED phase=004-rotate rc=0 log=logs/vm-rotation/004-rotate.log
START phase=005-rotate cwd=/home/sunao2000.linux/gpt_new_oscar command=["/home/sunao2000.linux/gpt_new_oscar/build/cpu/oscar_rotation_cpu", "rotate", "/home/sunao2000.linux/gpt_new_oscar/artifacts/rotation_cpu_cases/rotate_masked_64_1"]
[TmSim]: Run in serial mode.
[TmSim]: Run in serial mode.
[TmSim]: Run in serial mode.
[SUCCESS][CORE_0][pid 99990] exit success!
[SUCCESS][CORE_1][pid 99991] exit success!
[TmSim]: Run in serial mode.
[SUCCESS][CORE_2][pid 99992] exit success!
[SUCCESS][CORE_3][pid 99993] exit success!
max_abs_error=0
{"backend":"ascendc_cpu_debug","status":"passed","op":"rotate"}
RESULT {"phase": "005-rotate", "command": ["/home/sunao2000.linux/gpt_new_oscar/build/cpu/oscar_rotation_cpu", "rotate", "/home/sunao2000.linux/gpt_new_oscar/artifacts/rotation_cpu_cases/rotate_masked_64_1"], "returncode": 0, "elapsed_seconds": 0.207982, "timed_out": false, "interrupted": false, "log": "/home/sunao2000.linux/gpt_new_oscar/logs/vm-rotation/005-rotate.log", "cleanup_complete": true}
[oscar] PASSED phase=005-rotate rc=0 log=logs/vm-rotation/005-rotate.log
START phase=006-rotate_store cwd=/home/sunao2000.linux/gpt_new_oscar command=["/home/sunao2000.linux/gpt_new_oscar/build/cpu/oscar_rotation_cpu", "rotate_store", "/home/sunao2000.linux/gpt_new_oscar/artifacts/rotation_cpu_cases/rotate_store_64_1_0.00"]
[TmSim]: Run in serial mode.
[TmSim]: Run in serial mode.
[SUCCESS][CORE_0][pid 99996] exit success!
[TmSim]: Run in serial mode.
[TmSim]: Run in serial mode.
[SUCCESS][CORE_1][pid 99997] exit success!
[SUCCESS][CORE_2][pid 99998] exit success!
[SUCCESS][CORE_3][pid 99999] exit success!
{"backend":"ascendc_cpu_debug","status":"passed","op":"rotate_store"}
RESULT {"phase": "006-rotate_store", "command": ["/home/sunao2000.linux/gpt_new_oscar/build/cpu/oscar_rotation_cpu", "rotate_store", "/home/sunao2000.linux/gpt_new_oscar/artifacts/rotation_cpu_cases/rotate_store_64_1_0.00"], "returncode": 0, "elapsed_seconds": 0.314534, "timed_out": false, "interrupted": false, "log": "/home/sunao2000.linux/gpt_new_oscar/logs/vm-rotation/006-rotate_store.log", "cleanup_complete": true}
[oscar] PASSED phase=006-rotate_store rc=0 log=logs/vm-rotation/006-rotate_store.log
START phase=007-rotate_store cwd=/home/sunao2000.linux/gpt_new_oscar command=["/home/sunao2000.linux/gpt_new_oscar/build/cpu/oscar_rotation_cpu", "rotate_store", "/home/sunao2000.linux/gpt_new_oscar/artifacts/rotation_cpu_cases/rotate_store_64_1_0.95"]
[TmSim]: Run in serial mode.
[TmSim]: Run in serial mode.
[TmSim]: Run in serial mode.
[TmSim]: Run in serial mode.
[SUCCESS][CORE_0][pid 100002] exit success!
[SUCCESS][CORE_1][pid 100003] exit success!
[SUCCESS][CORE_2][pid 100004] exit success!
[SUCCESS][CORE_3][pid 100005] exit success!
{"backend":"ascendc_cpu_debug","status":"passed","op":"rotate_store"}
RESULT {"phase": "007-rotate_store", "command": ["/home/sunao2000.linux/gpt_new_oscar/build/cpu/oscar_rotation_cpu", "rotate_store", "/home/sunao2000.linux/gpt_new_oscar/artifacts/rotation_cpu_cases/rotate_store_64_1_0.95"], "returncode": 0, "elapsed_seconds": 0.409278, "timed_out": false, "interrupted": false, "log": "/home/sunao2000.linux/gpt_new_oscar/logs/vm-rotation/007-rotate_store.log", "cleanup_complete": true}
[oscar] PASSED phase=007-rotate_store rc=0 log=logs/vm-rotation/007-rotate_store.log
START phase=008-rotate cwd=/home/sunao2000.linux/gpt_new_oscar command=["/home/sunao2000.linux/gpt_new_oscar/build/cpu/oscar_rotation_cpu", "rotate", "/home/sunao2000.linux/gpt_new_oscar/artifacts/rotation_cpu_cases/rotate_128_0"]
[TmSim]: Run in serial mode.
[TmSim]: Run in serial mode.
[TmSim]: Run in serial mode.
[SUCCESS][CORE_0][pid 100008] exit success!
[TmSim]: Run in serial mode.
[SUCCESS][CORE_1][pid 100009] exit success!
[SUCCESS][CORE_2][pid 100010] exit success!
[SUCCESS][CORE_3][pid 100011] exit success!
max_abs_error=1.19209e-06
{"backend":"ascendc_cpu_debug","status":"passed","op":"rotate"}
RESULT {"phase": "008-rotate", "command": ["/home/sunao2000.linux/gpt_new_oscar/build/cpu/oscar_rotation_cpu", "rotate", "/home/sunao2000.linux/gpt_new_oscar/artifacts/rotation_cpu_cases/rotate_128_0"], "returncode": 0, "elapsed_seconds": 1.132769, "timed_out": false, "interrupted": false, "log": "/home/sunao2000.linux/gpt_new_oscar/logs/vm-rotation/008-rotate.log", "cleanup_complete": true}
[oscar] PASSED phase=008-rotate rc=0 log=logs/vm-rotation/008-rotate.log
START phase=009-rotate cwd=/home/sunao2000.linux/gpt_new_oscar command=["/home/sunao2000.linux/gpt_new_oscar/build/cpu/oscar_rotation_cpu", "rotate", "/home/sunao2000.linux/gpt_new_oscar/artifacts/rotation_cpu_cases/rotate_masked_128_0"]
[TmSim]: Run in serial mode.
[TmSim]: Run in serial mode.
[TmSim]: Run in serial mode.
[TmSim]: Run in serial mode.
[SUCCESS][CORE_0][pid 100015] exit success!
[SUCCESS][CORE_1][pid 100016] exit success!
[SUCCESS][CORE_2][pid 100017] exit success!
[SUCCESS][CORE_3][pid 100018] exit success!
max_abs_error=1.19209e-06
{"backend":"ascendc_cpu_debug","status":"passed","op":"rotate"}
RESULT {"phase": "009-rotate", "command": ["/home/sunao2000.linux/gpt_new_oscar/build/cpu/oscar_rotation_cpu", "rotate", "/home/sunao2000.linux/gpt_new_oscar/artifacts/rotation_cpu_cases/rotate_masked_128_0"], "returncode": 0, "elapsed_seconds": 1.133814, "timed_out": false, "interrupted": false, "log": "/home/sunao2000.linux/gpt_new_oscar/logs/vm-rotation/009-rotate.log", "cleanup_complete": true}
[oscar] PASSED phase=009-rotate rc=0 log=logs/vm-rotation/009-rotate.log
START phase=010-rotate_store cwd=/home/sunao2000.linux/gpt_new_oscar command=["/home/sunao2000.linux/gpt_new_oscar/build/cpu/oscar_rotation_cpu", "rotate_store", "/home/sunao2000.linux/gpt_new_oscar/artifacts/rotation_cpu_cases/rotate_store_128_0_0.00"]
[TmSim]: Run in serial mode.
[TmSim]: Run in serial mode.
[TmSim]: Run in serial mode.
[SUCCESS][CORE_0][pid 100021] exit success!
[TmSim]: Run in serial mode.
[SUCCESS][CORE_1][pid 100022] exit success!
[SUCCESS][CORE_2][pid 100023] exit success!
[SUCCESS][CORE_3][pid 100024] exit success!
{"backend":"ascendc_cpu_debug","status":"passed","op":"rotate_store"}
RESULT {"phase": "010-rotate_store", "command": ["/home/sunao2000.linux/gpt_new_oscar/build/cpu/oscar_rotation_cpu", "rotate_store", "/home/sunao2000.linux/gpt_new_oscar/artifacts/rotation_cpu_cases/rotate_store_128_0_0.00"], "returncode": 0, "elapsed_seconds": 2.392618, "timed_out": false, "interrupted": false, "log": "/home/sunao2000.linux/gpt_new_oscar/logs/vm-rotation/010-rotate_store.log", "cleanup_complete": true}
[oscar] PASSED phase=010-rotate_store rc=0 log=logs/vm-rotation/010-rotate_store.log
START phase=011-rotate_store cwd=/home/sunao2000.linux/gpt_new_oscar command=["/home/sunao2000.linux/gpt_new_oscar/build/cpu/oscar_rotation_cpu", "rotate_store", "/home/sunao2000.linux/gpt_new_oscar/artifacts/rotation_cpu_cases/rotate_store_128_0_0.95"]
[TmSim]: Run in serial mode.
[TmSim]: Run in serial mode.
[TmSim]: Run in serial mode.
[TmSim]: Run in serial mode.
[SUCCESS][CORE_0][pid 100028] exit success!
[SUCCESS][CORE_1][pid 100029] exit success!
[SUCCESS][CORE_2][pid 100030] exit success!
[SUCCESS][CORE_3][pid 100031] exit success!
{"backend":"ascendc_cpu_debug","status":"passed","op":"rotate_store"}
RESULT {"phase": "011-rotate_store", "command": ["/home/sunao2000.linux/gpt_new_oscar/build/cpu/oscar_rotation_cpu", "rotate_store", "/home/sunao2000.linux/gpt_new_oscar/artifacts/rotation_cpu_cases/rotate_store_128_0_0.95"], "returncode": 0, "elapsed_seconds": 2.391183, "timed_out": false, "interrupted": false, "log": "/home/sunao2000.linux/gpt_new_oscar/logs/vm-rotation/011-rotate_store.log", "cleanup_complete": true}
[oscar] PASSED phase=011-rotate_store rc=0 log=logs/vm-rotation/011-rotate_store.log
START phase=012-rotate cwd=/home/sunao2000.linux/gpt_new_oscar command=["/home/sunao2000.linux/gpt_new_oscar/build/cpu/oscar_rotation_cpu", "rotate", "/home/sunao2000.linux/gpt_new_oscar/artifacts/rotation_cpu_cases/rotate_128_1"]
[TmSim]: Run in serial mode.
[TmSim]: Run in serial mode.
[TmSim]: Run in serial mode.
[TmSim]: Run in serial mode.
[SUCCESS][CORE_0][pid 100035] exit success!
[SUCCESS][CORE_1][pid 100036] exit success!
[SUCCESS][CORE_2][pid 100037] exit success!
[SUCCESS][CORE_3][pid 100038] exit success!
max_abs_error=1.43051e-06
{"backend":"ascendc_cpu_debug","status":"passed","op":"rotate"}
RESULT {"phase": "012-rotate", "command": ["/home/sunao2000.linux/gpt_new_oscar/build/cpu/oscar_rotation_cpu", "rotate", "/home/sunao2000.linux/gpt_new_oscar/artifacts/rotation_cpu_cases/rotate_128_1"], "returncode": 0, "elapsed_seconds": 0.30747, "timed_out": false, "interrupted": false, "log": "/home/sunao2000.linux/gpt_new_oscar/logs/vm-rotation/012-rotate.log", "cleanup_complete": true}
[oscar] PASSED phase=012-rotate rc=0 log=logs/vm-rotation/012-rotate.log
START phase=013-rotate cwd=/home/sunao2000.linux/gpt_new_oscar command=["/home/sunao2000.linux/gpt_new_oscar/build/cpu/oscar_rotation_cpu", "rotate", "/home/sunao2000.linux/gpt_new_oscar/artifacts/rotation_cpu_cases/rotate_masked_128_1"]
[TmSim]: Run in serial mode.
[TmSim]: Run in serial mode.
[TmSim]: Run in serial mode.
[TmSim]: Run in serial mode.
[SUCCESS][CORE_0][pid 100041] exit success!
[SUCCESS][CORE_1][pid 100042] exit success!
[SUCCESS][CORE_2][pid 100043] exit success!
[SUCCESS][CORE_3][pid 100044] exit success!
max_abs_error=9.53674e-07
{"backend":"ascendc_cpu_debug","status":"passed","op":"rotate"}
RESULT {"phase": "013-rotate", "command": ["/home/sunao2000.linux/gpt_new_oscar/build/cpu/oscar_rotation_cpu", "rotate", "/home/sunao2000.linux/gpt_new_oscar/artifacts/rotation_cpu_cases/rotate_masked_128_1"], "returncode": 0, "elapsed_seconds": 0.31118, "timed_out": false, "interrupted": false, "log": "/home/sunao2000.linux/gpt_new_oscar/logs/vm-rotation/013-rotate.log", "cleanup_complete": true}
[oscar] PASSED phase=013-rotate rc=0 log=logs/vm-rotation/013-rotate.log
START phase=014-rotate_store cwd=/home/sunao2000.linux/gpt_new_oscar command=["/home/sunao2000.linux/gpt_new_oscar/build/cpu/oscar_rotation_cpu", "rotate_store", "/home/sunao2000.linux/gpt_new_oscar/artifacts/rotation_cpu_cases/rotate_store_128_1_0.00"]
[TmSim]: Run in serial mode.
[TmSim]: Run in serial mode.
[TmSim]: Run in serial mode.
[SUCCESS][CORE_0][pid 100047] exit success!
[TmSim]: Run in serial mode.
[SUCCESS][CORE_1][pid 100048] exit success!
[SUCCESS][CORE_2][pid 100049] exit success!
[SUCCESS][CORE_3][pid 100050] exit success!
{"backend":"ascendc_cpu_debug","status":"passed","op":"rotate_store"}
RESULT {"phase": "014-rotate_store", "command": ["/home/sunao2000.linux/gpt_new_oscar/build/cpu/oscar_rotation_cpu", "rotate_store", "/home/sunao2000.linux/gpt_new_oscar/artifacts/rotation_cpu_cases/rotate_store_128_1_0.00"], "returncode": 0, "elapsed_seconds": 0.513476, "timed_out": false, "interrupted": false, "log": "/home/sunao2000.linux/gpt_new_oscar/logs/vm-rotation/014-rotate_store.log", "cleanup_complete": true}
[oscar] PASSED phase=014-rotate_store rc=0 log=logs/vm-rotation/014-rotate_store.log
START phase=015-rotate_store cwd=/home/sunao2000.linux/gpt_new_oscar command=["/home/sunao2000.linux/gpt_new_oscar/build/cpu/oscar_rotation_cpu", "rotate_store", "/home/sunao2000.linux/gpt_new_oscar/artifacts/rotation_cpu_cases/rotate_store_128_1_0.95"]
[TmSim]: Run in serial mode.
[TmSim]: Run in serial mode.
[SUCCESS][CORE_0][pid 100053] exit success!
[TmSim]: Run in serial mode.
[TmSim]: Run in serial mode.
[SUCCESS][CORE_1][pid 100054] exit success!
[SUCCESS][CORE_2][pid 100055] exit success!
[SUCCESS][CORE_3][pid 100056] exit success!
{"backend":"ascendc_cpu_debug","status":"passed","op":"rotate_store"}
RESULT {"phase": "015-rotate_store", "command": ["/home/sunao2000.linux/gpt_new_oscar/build/cpu/oscar_rotation_cpu", "rotate_store", "/home/sunao2000.linux/gpt_new_oscar/artifacts/rotation_cpu_cases/rotate_store_128_1_0.95"], "returncode": 0, "elapsed_seconds": 0.621592, "timed_out": false, "interrupted": false, "log": "/home/sunao2000.linux/gpt_new_oscar/logs/vm-rotation/015-rotate_store.log", "cleanup_complete": true}
[oscar] PASSED phase=015-rotate_store rc=0 log=logs/vm-rotation/015-rotate_store.log
START phase=016-rotate cwd=/home/sunao2000.linux/gpt_new_oscar command=["/home/sunao2000.linux/gpt_new_oscar/build/cpu/oscar_rotation_cpu", "rotate", "/home/sunao2000.linux/gpt_new_oscar/artifacts/rotation_cpu_cases/rotate_256_0"]
[TmSim]: Run in serial mode.
[TmSim]: Run in serial mode.
[SUCCESS][CORE_0][pid 100059] exit success!
[TmSim]: Run in serial mode.
[TmSim]: Run in serial mode.
[SUCCESS][CORE_1][pid 100060] exit success!
[SUCCESS][CORE_2][pid 100061] exit success!
[SUCCESS][CORE_3][pid 100062] exit success!
max_abs_error=1.90735e-06
{"backend":"ascendc_cpu_debug","status":"passed","op":"rotate"}
RESULT {"phase": "016-rotate", "command": ["/home/sunao2000.linux/gpt_new_oscar/build/cpu/oscar_rotation_cpu", "rotate", "/home/sunao2000.linux/gpt_new_oscar/artifacts/rotation_cpu_cases/rotate_256_0"], "returncode": 0, "elapsed_seconds": 2.385139, "timed_out": false, "interrupted": false, "log": "/home/sunao2000.linux/gpt_new_oscar/logs/vm-rotation/016-rotate.log", "cleanup_complete": true}
[oscar] PASSED phase=016-rotate rc=0 log=logs/vm-rotation/016-rotate.log
START phase=017-rotate cwd=/home/sunao2000.linux/gpt_new_oscar command=["/home/sunao2000.linux/gpt_new_oscar/build/cpu/oscar_rotation_cpu", "rotate", "/home/sunao2000.linux/gpt_new_oscar/artifacts/rotation_cpu_cases/rotate_masked_256_0"]
[TmSim]: Run in serial mode.
[TmSim]: Run in serial mode.
[oscar] phase=rotation-debug running seconds=15.0 log=/Users/sunao2000/gpt_new_oscar/reports/vm/logs/rotation-debug.log
[TmSim]: Run in serial mode.
[TmSim]: Run in serial mode.
[SUCCESS][CORE_0][pid 100066] exit success!
[SUCCESS][CORE_1][pid 100067] exit success!
[SUCCESS][CORE_2][pid 100068] exit success!
[SUCCESS][CORE_3][pid 100069] exit success!
max_abs_error=1.90735e-06
{"backend":"ascendc_cpu_debug","status":"passed","op":"rotate"}
RESULT {"phase": "017-rotate", "command": ["/home/sunao2000.linux/gpt_new_oscar/build/cpu/oscar_rotation_cpu", "rotate", "/home/sunao2000.linux/gpt_new_oscar/artifacts/rotation_cpu_cases/rotate_masked_256_0"], "returncode": 0, "elapsed_seconds": 2.398915, "timed_out": false, "interrupted": false, "log": "/home/sunao2000.linux/gpt_new_oscar/logs/vm-rotation/017-rotate.log", "cleanup_complete": true}
[oscar] PASSED phase=017-rotate rc=0 log=logs/vm-rotation/017-rotate.log
START phase=018-rotate_store cwd=/home/sunao2000.linux/gpt_new_oscar command=["/home/sunao2000.linux/gpt_new_oscar/build/cpu/oscar_rotation_cpu", "rotate_store", "/home/sunao2000.linux/gpt_new_oscar/artifacts/rotation_cpu_cases/rotate_store_256_0_0.00"]
[TmSim]: Run in serial mode.
[TmSim]: Run in serial mode.
[TmSim]: Run in serial mode.
[SUCCESS][CORE_0][pid 100073] exit success!
[TmSim]: Run in serial mode.
[SUCCESS][CORE_1][pid 100074] exit success!
[SUCCESS][CORE_2][pid 100075] exit success!
[SUCCESS][CORE_3][pid 100076] exit success!
{"backend":"ascendc_cpu_debug","status":"passed","op":"rotate_store"}
RESULT {"phase": "018-rotate_store", "command": ["/home/sunao2000.linux/gpt_new_oscar/build/cpu/oscar_rotation_cpu", "rotate_store", "/home/sunao2000.linux/gpt_new_oscar/artifacts/rotation_cpu_cases/rotate_store_256_0_0.00"], "returncode": 0, "elapsed_seconds": 4.869712, "timed_out": false, "interrupted": false, "log": "/home/sunao2000.linux/gpt_new_oscar/logs/vm-rotation/018-rotate_store.log", "cleanup_complete": true}
[oscar] PASSED phase=018-rotate_store rc=0 log=logs/vm-rotation/018-rotate_store.log
START phase=019-rotate_store cwd=/home/sunao2000.linux/gpt_new_oscar command=["/home/sunao2000.linux/gpt_new_oscar/build/cpu/oscar_rotation_cpu", "rotate_store", "/home/sunao2000.linux/gpt_new_oscar/artifacts/rotation_cpu_cases/rotate_store_256_0_0.95"]
[TmSim]: Run in serial mode.
[TmSim]: Run in serial mode.
[TmSim]: Run in serial mode.
[TmSim]: Run in serial mode.
[SUCCESS][CORE_0][pid 100080] exit success!
[SUCCESS][CORE_1][pid 100081] exit success!
[SUCCESS][CORE_2][pid 100082] exit success!
[SUCCESS][CORE_3][pid 100083] exit success!
{"backend":"ascendc_cpu_debug","status":"passed","op":"rotate_store"}
RESULT {"phase": "019-rotate_store", "command": ["/home/sunao2000.linux/gpt_new_oscar/build/cpu/oscar_rotation_cpu", "rotate_store", "/home/sunao2000.linux/gpt_new_oscar/artifacts/rotation_cpu_cases/rotate_store_256_0_0.95"], "returncode": 0, "elapsed_seconds": 4.975013, "timed_out": false, "interrupted": false, "log": "/home/sunao2000.linux/gpt_new_oscar/logs/vm-rotation/019-rotate_store.log", "cleanup_complete": true}
[oscar] PASSED phase=019-rotate_store rc=0 log=logs/vm-rotation/019-rotate_store.log
START phase=020-rotate cwd=/home/sunao2000.linux/gpt_new_oscar command=["/home/sunao2000.linux/gpt_new_oscar/build/cpu/oscar_rotation_cpu", "rotate", "/home/sunao2000.linux/gpt_new_oscar/artifacts/rotation_cpu_cases/rotate_256_1"]
[TmSim]: Run in serial mode.
[TmSim]: Run in serial mode.
[SUCCESS][CORE_0][pid 100088] exit success!
[TmSim]: Run in serial mode.
[TmSim]: Run in serial mode.
[SUCCESS][CORE_1][pid 100089] exit success!
[SUCCESS][CORE_2][pid 100090] exit success!
[SUCCESS][CORE_3][pid 100091] exit success!
max_abs_error=1.19209e-07
{"backend":"ascendc_cpu_debug","status":"passed","op":"rotate"}
RESULT {"phase": "020-rotate", "command": ["/home/sunao2000.linux/gpt_new_oscar/build/cpu/oscar_rotation_cpu", "rotate", "/home/sunao2000.linux/gpt_new_oscar/artifacts/rotation_cpu_cases/rotate_256_1"], "returncode": 0, "elapsed_seconds": 0.626914, "timed_out": false, "interrupted": false, "log": "/home/sunao2000.linux/gpt_new_oscar/logs/vm-rotation/020-rotate.log", "cleanup_complete": true}
[oscar] PASSED phase=020-rotate rc=0 log=logs/vm-rotation/020-rotate.log
START phase=021-rotate cwd=/home/sunao2000.linux/gpt_new_oscar command=["/home/sunao2000.linux/gpt_new_oscar/build/cpu/oscar_rotation_cpu", "rotate", "/home/sunao2000.linux/gpt_new_oscar/artifacts/rotation_cpu_cases/rotate_masked_256_1"]
[TmSim]: Run in serial mode.
[TmSim]: Run in serial mode.
[TmSim]: Run in serial mode.
[SUCCESS][CORE_0][pid 100094] exit success!
[SUCCESS][CORE_1][pid 100095] exit success!
[TmSim]: Run in serial mode.
[SUCCESS][CORE_2][pid 100096] exit success!
[SUCCESS][CORE_3][pid 100097] exit success!
max_abs_error=1.19209e-07
{"backend":"ascendc_cpu_debug","status":"passed","op":"rotate"}
RESULT {"phase": "021-rotate", "command": ["/home/sunao2000.linux/gpt_new_oscar/build/cpu/oscar_rotation_cpu", "rotate", "/home/sunao2000.linux/gpt_new_oscar/artifacts/rotation_cpu_cases/rotate_masked_256_1"], "returncode": 0, "elapsed_seconds": 0.618723, "timed_out": false, "interrupted": false, "log": "/home/sunao2000.linux/gpt_new_oscar/logs/vm-rotation/021-rotate.log", "cleanup_complete": true}
[oscar] PASSED phase=021-rotate rc=0 log=logs/vm-rotation/021-rotate.log
START phase=022-rotate_store cwd=/home/sunao2000.linux/gpt_new_oscar command=["/home/sunao2000.linux/gpt_new_oscar/build/cpu/oscar_rotation_cpu", "rotate_store", "/home/sunao2000.linux/gpt_new_oscar/artifacts/rotation_cpu_cases/rotate_store_256_1_0.00"]
[TmSim]: Run in serial mode.
[TmSim]: Run in serial mode.
[SUCCESS][CORE_0][pid 100101] exit success!
[TmSim]: Run in serial mode.
[TmSim]: Run in serial mode.
[SUCCESS][CORE_1][pid 100102] exit success!
[SUCCESS][CORE_2][pid 100103] exit success!
[SUCCESS][CORE_3][pid 100104] exit success!
{"backend":"ascendc_cpu_debug","status":"passed","op":"rotate_store"}
RESULT {"phase": "022-rotate_store", "command": ["/home/sunao2000.linux/gpt_new_oscar/build/cpu/oscar_rotation_cpu", "rotate_store", "/home/sunao2000.linux/gpt_new_oscar/artifacts/rotation_cpu_cases/rotate_store_256_1_0.00"], "returncode": 0, "elapsed_seconds": 0.935101, "timed_out": false, "interrupted": false, "log": "/home/sunao2000.linux/gpt_new_oscar/logs/vm-rotation/022-rotate_store.log", "cleanup_complete": true}
[oscar] PASSED phase=022-rotate_store rc=0 log=logs/vm-rotation/022-rotate_store.log
START phase=023-rotate_store cwd=/home/sunao2000.linux/gpt_new_oscar command=["/home/sunao2000.linux/gpt_new_oscar/build/cpu/oscar_rotation_cpu", "rotate_store", "/home/sunao2000.linux/gpt_new_oscar/artifacts/rotation_cpu_cases/rotate_store_256_1_0.95"]
[TmSim]: Run in serial mode.
[oscar] phase=rotation-debug running seconds=30.1 log=/Users/sunao2000/gpt_new_oscar/reports/vm/logs/rotation-debug.log
[TmSim]: Run in serial mode.
[SUCCESS][CORE_0][pid 100107] exit success!
[TmSim]: Run in serial mode.
[TmSim]: Run in serial mode.
[SUCCESS][CORE_1][pid 100108] exit success!
[SUCCESS][CORE_2][pid 100109] exit success!
[SUCCESS][CORE_3][pid 100110] exit success!
{"backend":"ascendc_cpu_debug","status":"passed","op":"rotate_store"}
RESULT {"phase": "023-rotate_store", "command": ["/home/sunao2000.linux/gpt_new_oscar/build/cpu/oscar_rotation_cpu", "rotate_store", "/home/sunao2000.linux/gpt_new_oscar/artifacts/rotation_cpu_cases/rotate_store_256_1_0.95"], "returncode": 0, "elapsed_seconds": 1.032214, "timed_out": false, "interrupted": false, "log": "/home/sunao2000.linux/gpt_new_oscar/logs/vm-rotation/023-rotate_store.log", "cleanup_complete": true}
[oscar] PASSED phase=023-rotate_store rc=0 log=logs/vm-rotation/023-rotate_store.log
START phase=024-rotate_store cwd=/home/sunao2000.linux/gpt_new_oscar command=["/home/sunao2000.linux/gpt_new_oscar/build/cpu/oscar_rotation_cpu", "rotate_store", "/home/sunao2000.linux/gpt_new_oscar/artifacts/rotation_cpu_cases/rotate_store_errors"]
[TmSim]: Run in serial mode.
[TmSim]: Run in serial mode.
[TmSim]: Run in serial mode.
[TmSim]: Run in serial mode.
[SUCCESS][CORE_0][pid 100113] exit success!
[SUCCESS][CORE_1][pid 100114] exit success!
[SUCCESS][CORE_2][pid 100115] exit success!
[SUCCESS][CORE_3][pid 100116] exit success!
{"backend":"ascendc_cpu_debug","status":"passed","op":"rotate_store"}
RESULT {"phase": "024-rotate_store", "command": ["/home/sunao2000.linux/gpt_new_oscar/build/cpu/oscar_rotation_cpu", "rotate_store", "/home/sunao2000.linux/gpt_new_oscar/artifacts/rotation_cpu_cases/rotate_store_errors"], "returncode": 0, "elapsed_seconds": 0.825153, "timed_out": false, "interrupted": false, "log": "/home/sunao2000.linux/gpt_new_oscar/logs/vm-rotation/024-rotate_store.log", "cleanup_complete": true}
[oscar] PASSED phase=024-rotate_store rc=0 log=logs/vm-rotation/024-rotate_store.log
START phase=025-rotate_store cwd=/home/sunao2000.linux/gpt_new_oscar command=["/home/sunao2000.linux/gpt_new_oscar/build/cpu/oscar_rotation_cpu", "rotate_store", "/home/sunao2000.linux/gpt_new_oscar/artifacts/rotation_cpu_cases/rotate_store_sink_only"]
[TmSim]: Run in serial mode.
[TmSim]: Run in serial mode.
[TmSim]: Run in serial mode.
[TmSim]: Run in serial mode.
[SUCCESS][CORE_0][pid 100119] exit success!
[SUCCESS][CORE_1][pid 100120] exit success!
[SUCCESS][CORE_2][pid 100121] exit success!
[SUCCESS][CORE_3][pid 100122] exit success!
{"backend":"ascendc_cpu_debug","status":"passed","op":"rotate_store"}
RESULT {"phase": "025-rotate_store", "command": ["/home/sunao2000.linux/gpt_new_oscar/build/cpu/oscar_rotation_cpu", "rotate_store", "/home/sunao2000.linux/gpt_new_oscar/artifacts/rotation_cpu_cases/rotate_store_sink_only"], "returncode": 0, "elapsed_seconds": 0.420969, "timed_out": false, "interrupted": false, "log": "/home/sunao2000.linux/gpt_new_oscar/logs/vm-rotation/025-rotate_store.log", "cleanup_complete": true}
[oscar] PASSED phase=025-rotate_store rc=0 log=logs/vm-rotation/025-rotate_store.log
{
  "backend": "official_ascendc_cpu_debug",
  "status": "passed",
  "cases": [
    {
      "op": "rotate",
      "path": "artifacts/rotation_cpu_cases/rotate_64_0",
      "status": "passed",
      "returncode": 0,
      "log": "/home/sunao2000.linux/gpt_new_oscar/logs/vm-rotation/000-rotate.log"
    },
    {
      "op": "rotate",
      "path": "artifacts/rotation_cpu_cases/rotate_masked_64_0",
      "status": "passed",
      "returncode": 0,
      "log": "/home/sunao2000.linux/gpt_new_oscar/logs/vm-rotation/001-rotate.log"
    },
    {
      "op": "rotate_store",
      "path": "artifacts/rotation_cpu_cases/rotate_store_64_0_0.00",
      "status": "passed",
      "returncode": 0,
      "log": "/home/sunao2000.linux/gpt_new_oscar/logs/vm-rotation/002-rotate_store.log"
    },
    {
      "op": "rotate_store",
      "path": "artifacts/rotation_cpu_cases/rotate_store_64_0_0.95",
      "status": "passed",
      "returncode": 0,
      "log": "/home/sunao2000.linux/gpt_new_oscar/logs/vm-rotation/003-rotate_store.log"
    },
    {
      "op": "rotate",
      "path": "artifacts/rotation_cpu_cases/rotate_64_1",
      "status": "passed",
      "returncode": 0,
      "log": "/home/sunao2000.linux/gpt_new_oscar/logs/vm-rotation/004-rotate.log"
    },
    {
      "op": "rotate",
      "path": "artifacts/rotation_cpu_cases/rotate_masked_64_1",
      "status": "passed",
      "returncode": 0,
      "log": "/home/sunao2000.linux/gpt_new_oscar/logs/vm-rotation/005-rotate.log"
    },
    {
      "op": "rotate_store",
      "path": "artifacts/rotation_cpu_cases/rotate_store_64_1_0.00",
      "status": "passed",
      "returncode": 0,
      "log": "/home/sunao2000.linux/gpt_new_oscar/logs/vm-rotation/006-rotate_store.log"
    },
    {
      "op": "rotate_store",
      "path": "artifacts/rotation_cpu_cases/rotate_store_64_1_0.95",
      "status": "passed",
      "returncode": 0,
      "log": "/home/sunao2000.linux/gpt_new_oscar/logs/vm-rotation/007-rotate_store.log"
    },
    {
      "op": "rotate",
      "path": "artifacts/rotation_cpu_cases/rotate_128_0",
      "status": "passed",
      "returncode": 0,
      "log": "/home/sunao2000.linux/gpt_new_oscar/logs/vm-rotation/008-rotate.log"
    },
    {
      "op": "rotate",
      "path": "artifacts/rotation_cpu_cases/rotate_masked_128_0",
      "status": "passed",
      "returncode": 0,
      "log": "/home/sunao2000.linux/gpt_new_oscar/logs/vm-rotation/009-rotate.log"
    },
    {
      "op": "rotate_store",
      "path": "artifacts/rotation_cpu_cases/rotate_store_128_0_0.00",
      "status": "passed",
      "returncode": 0,
      "log": "/home/sunao2000.linux/gpt_new_oscar/logs/vm-rotation/010-rotate_store.log"
    },
    {
      "op": "rotate_store",
      "path": "artifacts/rotation_cpu_cases/rotate_store_128_0_0.95",
      "status": "passed",
      "returncode": 0,
      "log": "/home/sunao2000.linux/gpt_new_oscar/logs/vm-rotation/011-rotate_store.log"
    },
    {
      "op": "rotate",
      "path": "artifacts/rotation_cpu_cases/rotate_128_1",
      "status": "passed",
      "returncode": 0,
      "log": "/home/sunao2000.linux/gpt_new_oscar/logs/vm-rotation/012-rotate.log"
    },
    {
      "op": "rotate",
      "path": "artifacts/rotation_cpu_cases/rotate_masked_128_1",
      "status": "passed",
      "returncode": 0,
      "log": "/home/sunao2000.linux/gpt_new_oscar/logs/vm-rotation/013-rotate.log"
    },
    {
      "op": "rotate_store",
      "path": "artifacts/rotation_cpu_cases/rotate_store_128_1_0.00",
      "status": "passed",
      "returncode": 0,
      "log": "/home/sunao2000.linux/gpt_new_oscar/logs/vm-rotation/014-rotate_store.log"
    },
    {
      "op": "rotate_store",
      "path": "artifacts/rotation_cpu_cases/rotate_store_128_1_0.95",
      "status": "passed",
      "returncode": 0,
      "log": "/home/sunao2000.linux/gpt_new_oscar/logs/vm-rotation/015-rotate_store.log"
    },
    {
      "op": "rotate",
      "path": "artifacts/rotation_cpu_cases/rotate_256_0",
      "status": "passed",
      "returncode": 0,
      "log": "/home/sunao2000.linux/gpt_new_oscar/logs/vm-rotation/016-rotate.log"
    },
    {
      "op": "rotate",
      "path": "artifacts/rotation_cpu_cases/rotate_masked_256_0",
      "status": "passed",
      "returncode": 0,
      "log": "/home/sunao2000.linux/gpt_new_oscar/logs/vm-rotation/017-rotate.log"
    },
    {
      "op": "rotate_store",
      "path": "artifacts/rotation_cpu_cases/rotate_store_256_0_0.00",
      "status": "passed",
      "returncode": 0,
      "log": "/home/sunao2000.linux/gpt_new_oscar/logs/vm-rotation/018-rotate_store.log"
    },
    {
      "op": "rotate_store",
      "path": "artifacts/rotation_cpu_cases/rotate_store_256_0_0.95",
      "status": "passed",
      "returncode": 0,
      "log": "/home/sunao2000.linux/gpt_new_oscar/logs/vm-rotation/019-rotate_store.log"
    },
    {
      "op": "rotate",
      "path": "artifacts/rotation_cpu_cases/rotate_256_1",
      "status": "passed",
      "returncode": 0,
      "log": "/home/sunao2000.linux/gpt_new_oscar/logs/vm-rotation/020-rotate.log"
    },
    {
      "op": "rotate",
      "path": "artifacts/rotation_cpu_cases/rotate_masked_256_1",
      "status": "passed",
      "returncode": 0,
      "log": "/home/sunao2000.linux/gpt_new_oscar/logs/vm-rotation/021-rotate.log"
    },
    {
      "op": "rotate_store",
      "path": "artifacts/rotation_cpu_cases/rotate_store_256_1_0.00",
      "status": "passed",
      "returncode": 0,
      "log": "/home/sunao2000.linux/gpt_new_oscar/logs/vm-rotation/022-rotate_store.log"
    },
    {
      "op": "rotate_store",
      "path": "artifacts/rotation_cpu_cases/rotate_store_256_1_0.95",
      "status": "passed",
      "returncode": 0,
      "log": "/home/sunao2000.linux/gpt_new_oscar/logs/vm-rotation/023-rotate_store.log"
    },
    {
      "op": "rotate_store",
      "path": "artifacts/rotation_cpu_cases/rotate_store_errors",
      "status": "passed",
      "returncode": 0,
      "log": "/home/sunao2000.linux/gpt_new_oscar/logs/vm-rotation/024-rotate_store.log"
    },
    {
      "op": "rotate_store",
      "path": "artifacts/rotation_cpu_cases/rotate_store_sink_only",
      "status": "passed",
      "returncode": 0,
      "log": "/home/sunao2000.linux/gpt_new_oscar/logs/vm-rotation/025-rotate_store.log"
    }
  ],
  "npu_acceptance": "not_run"
}
RESULT {"phase": "rotation-debug", "command": ["limactl", "shell", "--workdir", "/home/sunao2000.linux/gpt_new_oscar", "oscar", "--", "timeout", "--signal=TERM", "--kill-after=10s", "1900", "bash", "-lc", "source /usr/local/Ascend/cann-9.1.0/set_env.sh; export TORCH_DEVICE_BACKEND_AUTOLOAD=0; .venv/bin/python -m tools.run_cpu_debug --executable build/cpu/oscar_rotation_cpu --cases artifacts/rotation_cpu_cases/cases.json --output reports/rotation_cpu_debug.json --log-dir logs/vm-rotation"], "returncode": 0, "elapsed_seconds": 31.638931, "timed_out": false, "interrupted": false, "log": "/Users/sunao2000/gpt_new_oscar/reports/vm/logs/rotation-debug.log", "cleanup_complete": true}
[oscar] PASSED phase=rotation-debug rc=0 log=/Users/sunao2000/gpt_new_oscar/reports/vm/logs/rotation-debug.log
START phase=cv-goldens cwd=/Users/sunao2000/gpt_new_oscar command=["limactl", "shell", "--workdir", "/home/sunao2000.linux/gpt_new_oscar", "oscar", "--", "timeout", "--signal=TERM", "--kill-after=10s", "1900", "bash", "-lc", "source /usr/local/Ascend/cann-9.1.0/set_env.sh; export TORCH_DEVICE_BACKEND_AUTOLOAD=0; .venv/bin/python tests/test_cv_contracts.py artifacts/cv_cpu_cases"]
artifacts/cv_cpu_cases
RESULT {"phase": "cv-goldens", "command": ["limactl", "shell", "--workdir", "/home/sunao2000.linux/gpt_new_oscar", "oscar", "--", "timeout", "--signal=TERM", "--kill-after=10s", "1900", "bash", "-lc", "source /usr/local/Ascend/cann-9.1.0/set_env.sh; export TORCH_DEVICE_BACKEND_AUTOLOAD=0; .venv/bin/python tests/test_cv_contracts.py artifacts/cv_cpu_cases"], "returncode": 0, "elapsed_seconds": 1.244874, "timed_out": false, "interrupted": false, "log": "/Users/sunao2000/gpt_new_oscar/reports/vm/logs/cv-goldens.log", "cleanup_complete": true}
[oscar] PASSED phase=cv-goldens rc=0 log=/Users/sunao2000/gpt_new_oscar/reports/vm/logs/cv-goldens.log
START phase=cv-debug cwd=/Users/sunao2000/gpt_new_oscar command=["limactl", "shell", "--workdir", "/home/sunao2000.linux/gpt_new_oscar", "oscar", "--", "timeout", "--signal=TERM", "--kill-after=10s", "1900", "bash", "-lc", "source /usr/local/Ascend/cann-9.1.0/set_env.sh; export TORCH_DEVICE_BACKEND_AUTOLOAD=0; .venv/bin/python -m tools.run_cpu_debug --executable build/cpu/oscar_cv_cpu --cases artifacts/cv_cpu_cases/cases.json --output reports/cv_cpu_debug.json --log-dir logs/vm-cv"]
START phase=000-attention_cv cwd=/home/sunao2000.linux/gpt_new_oscar command=["/home/sunao2000.linux/gpt_new_oscar/build/cpu/oscar_cv_cpu", "attention_cv", "/home/sunao2000.linux/gpt_new_oscar/artifacts/cv_cpu_cases/d64_q1_c17"]
[TmSim]: Run in serial mode.
[TmSim]: Run in serial mode.
[TmSim]: Run in serial mode.
[TmSim]: Run in serial mode.
[SUCCESS][CORE_0][pid 100229] exit success!
[SUCCESS][CORE_1][pid 100230] exit success!
[SUCCESS][CORE_2][pid 100231] exit success!
[SUCCESS][CORE_3][pid 100232] exit success!
[TmSim]: Run in serial mode.
[TmSim]: Run in serial mode.
[TmSim]: Run in serial mode.
[TmSim]: Run in serial mode.
[SUCCESS][CORE_0][pid 100233] exit success!
[SUCCESS][CORE_1][pid 100234] exit success!
[SUCCESS][CORE_2][pid 100235] exit success!
[SUCCESS][CORE_3][pid 100236] exit success!
metadata padded request and changed-slot cases passed
[TmSim]: Run in serial mode.
[TmSim]: Run in serial mode.
[TmSim]: Run in serial mode.
[TmSim]: Run in serial mode.
[SUCCESS][CORE_0][pid 100237] exit success!
[SUCCESS][CORE_1][pid 100238] exit success!
[SUCCESS][CORE_2][pid 100239] exit success!
[SUCCESS][CORE_3][pid 100240] exit success!
[TmSim]: Run in serial mode.
[TmSim]: Run in serial mode.
[TmSim]: Run in serial mode.
[TmSim]: Run in serial mode.
[SUCCESS][CORE_0][pid 100241] exit success!
[SUCCESS][CORE_1][pid 100242] exit success!
[SUCCESS][CORE_2][pid 100243] exit success!
[SUCCESS][CORE_3][pid 100244] exit success!
[TmSim]: Run in serial mode.
[TmSim]: Run in serial mode.
[TmSim]: Run in serial mode.
[TmSim]: Run in serial mode.
[SUCCESS][CORE_0][pid 100245] exit success!
[SUCCESS][CORE_1][pid 100246] exit success!
[SUCCESS][CORE_2][pid 100247] exit success!
[SUCCESS][CORE_3][pid 100248] exit success!
MTP slot-derived context, duplicate and missing page cases passed
[TmSim]: Run in serial mode.
[TmSim]: Run in serial mode.
[TmSim]: Run in serial mode.
[TmSim]: Run in serial mode.
[SUCCESS][CORE_0][pid 100249] exit success!
[SUCCESS][CORE_1][pid 100250] exit success!
[SUCCESS][CORE_2][pid 100251] exit success!
[SUCCESS][CORE_3][pid 100252] exit success!
[TmSim]: Run in serial mode.
[SUCCESS][AIC_0][pid 100253] exit success!
[TmSim]: Run in serial mode.
[TmSim]: Run in serial mode.
[TmSim]: Run in serial mode.
[SUCCESS][AIV_0][pid 100254] exit success!
[SUCCESS][AIV_1][pid 100255] exit success!
[SUCCESS][AIC_1][pid 100256] exit success!
[TmSim]: Run in serial mode.
[TmSim]: Run in serial mode.
[SUCCESS][AIV_2][pid 100257] exit success!
[SUCCESS][AIV_3][pid 100258] exit success!
splits=1 empty_segments=1
[TmSim]: Run in serial mode.
[TmSim]: Run in serial mode.
[TmSim]: Run in serial mode.
[TmSim]: Run in serial mode.
[SUCCESS][CORE_0][pid 100259] exit success!
[SUCCESS][CORE_1][pid 100260] exit success!
[SUCCESS][CORE_2][pid 100261] exit success!
[SUCCESS][CORE_3][pid 100262] exit success!
max_abs=1.78814e-07 file=/home/sunao2000.linux/gpt_new_oscar/artifacts/cv_cpu_cases/d64_q1_c17/expected_output.bin
max_abs=2.38419e-07 file=/home/sunao2000.linux/gpt_new_oscar/artifacts/cv_cpu_cases/d64_q1_c17/expected_lse.bin
{"backend":"ascendc_cpu_debug","op":"attention_cv","status":"passed"}
RESULT {"phase": "000-attention_cv", "command": ["/home/sunao2000.linux/gpt_new_oscar/build/cpu/oscar_cv_cpu", "attention_cv", "/home/sunao2000.linux/gpt_new_oscar/artifacts/cv_cpu_cases/d64_q1_c17"], "returncode": 0, "elapsed_seconds": 0.50617, "timed_out": false, "interrupted": false, "log": "/home/sunao2000.linux/gpt_new_oscar/logs/vm-cv/000-attention_cv.log", "cleanup_complete": true}
[oscar] PASSED phase=000-attention_cv rc=0 log=logs/vm-cv/000-attention_cv.log
START phase=001-attention_cv cwd=/home/sunao2000.linux/gpt_new_oscar command=["/home/sunao2000.linux/gpt_new_oscar/build/cpu/oscar_cv_cpu", "attention_cv", "/home/sunao2000.linux/gpt_new_oscar/artifacts/cv_cpu_cases/d64_q4_c65"]
[TmSim]: Run in serial mode.
[TmSim]: Run in serial mode.
[TmSim]: Run in serial mode.
[TmSim]: Run in serial mode.
[SUCCESS][CORE_0][pid 100265] exit success!
[SUCCESS][CORE_1][pid 100266] exit success!
[SUCCESS][CORE_2][pid 100267] exit success!
[SUCCESS][CORE_3][pid 100268] exit success!
[TmSim]: Run in serial mode.
[TmSim]: Run in serial mode.
[TmSim]: Run in serial mode.
[TmSim]: Run in serial mode.
[SUCCESS][CORE_0][pid 100269] exit success!
[SUCCESS][CORE_1][pid 100270] exit success!
[SUCCESS][CORE_2][pid 100271] exit success!
[SUCCESS][CORE_3][pid 100272] exit success!
metadata padded request and changed-slot cases passed
[TmSim]: Run in serial mode.
[TmSim]: Run in serial mode.
[TmSim]: Run in serial mode.
[TmSim]: Run in serial mode.
[SUCCESS][CORE_0][pid 100273] exit success!
[SUCCESS][CORE_1][pid 100274] exit success!
[SUCCESS][CORE_2][pid 100275] exit success!
[SUCCESS][CORE_3][pid 100276] exit success!
[TmSim]: Run in serial mode.
[TmSim]: Run in serial mode.
[TmSim]: Run in serial mode.
[TmSim]: Run in serial mode.
[SUCCESS][CORE_0][pid 100277] exit success!
[SUCCESS][CORE_1][pid 100278] exit success!
[SUCCESS][CORE_2][pid 100279] exit success!
[SUCCESS][CORE_3][pid 100280] exit success!
[TmSim]: Run in serial mode.
[TmSim]: Run in serial mode.
[TmSim]: Run in serial mode.
[TmSim]: Run in serial mode.
[SUCCESS][CORE_0][pid 100281] exit success!
[SUCCESS][CORE_1][pid 100282] exit success!
[SUCCESS][CORE_2][pid 100283] exit success!
[SUCCESS][CORE_3][pid 100284] exit success!
MTP slot-derived context, duplicate and missing page cases passed
[TmSim]: Run in serial mode.
[TmSim]: Run in serial mode.
[TmSim]: Run in serial mode.
[TmSim]: Run in serial mode.
[SUCCESS][CORE_0][pid 100285] exit success!
[SUCCESS][CORE_1][pid 100286] exit success!
[SUCCESS][CORE_2][pid 100287] exit success!
[SUCCESS][CORE_3][pid 100288] exit success!
[TmSim]: Run in serial mode.
[TmSim]: Run in serial mode.
[TmSim]: Run in serial mode.
[TmSim]: Run in serial mode.
[SUCCESS][AIC_0][pid 100289] exit success!
[TmSim]: Run in serial mode.
[TmSim]: Run in serial mode.
[SUCCESS][AIV_0][pid 100290] exit success!
[SUCCESS][AIV_1][pid 100291] exit success!
[SUCCESS][AIC_1][pid 100292] exit success!
[SUCCESS][AIV_2][pid 100293] exit success!
[SUCCESS][AIV_3][pid 100294] exit success!
splits=1 empty_segments=0
[TmSim]: Run in serial mode.
[TmSim]: Run in serial mode.
[TmSim]: Run in serial mode.
[TmSim]: Run in serial mode.
[SUCCESS][CORE_0][pid 100296] exit success!
[SUCCESS][CORE_1][pid 100297] exit success!
[SUCCESS][CORE_2][pid 100298] exit success!
[SUCCESS][CORE_3][pid 100299] exit success!
max_abs=4.17233e-07 file=/home/sunao2000.linux/gpt_new_oscar/artifacts/cv_cpu_cases/d64_q4_c65/expected_output.bin
max_abs=4.76837e-07 file=/home/sunao2000.linux/gpt_new_oscar/artifacts/cv_cpu_cases/d64_q4_c65/expected_lse.bin
{"backend":"ascendc_cpu_debug","op":"attention_cv","status":"passed"}
RESULT {"phase": "001-attention_cv", "command": ["/home/sunao2000.linux/gpt_new_oscar/build/cpu/oscar_cv_cpu", "attention_cv", "/home/sunao2000.linux/gpt_new_oscar/artifacts/cv_cpu_cases/d64_q4_c65"], "returncode": 0, "elapsed_seconds": 1.028878, "timed_out": false, "interrupted": false, "log": "/home/sunao2000.linux/gpt_new_oscar/logs/vm-cv/001-attention_cv.log", "cleanup_complete": true}
[oscar] PASSED phase=001-attention_cv rc=0 log=logs/vm-cv/001-attention_cv.log
START phase=002-attention_cv cwd=/home/sunao2000.linux/gpt_new_oscar command=["/home/sunao2000.linux/gpt_new_oscar/build/cpu/oscar_cv_cpu", "attention_cv", "/home/sunao2000.linux/gpt_new_oscar/artifacts/cv_cpu_cases/d64_q4_c0"]
[TmSim]: Run in serial mode.
[TmSim]: Run in serial mode.
[TmSim]: Run in serial mode.
[TmSim]: Run in serial mode.
[SUCCESS][CORE_0][pid 100302] exit success!
[SUCCESS][CORE_1][pid 100303] exit success!
[SUCCESS][CORE_2][pid 100304] exit success!
[SUCCESS][CORE_3][pid 100305] exit success!
[TmSim]: Run in serial mode.
[TmSim]: Run in serial mode.
[TmSim]: Run in serial mode.
[TmSim]: Run in serial mode.
[SUCCESS][CORE_0][pid 100306] exit success!
[SUCCESS][CORE_1][pid 100307] exit success!
[SUCCESS][CORE_2][pid 100308] exit success!
[SUCCESS][CORE_3][pid 100309] exit success!
metadata padded request and changed-slot cases passed
[TmSim]: Run in serial mode.
[TmSim]: Run in serial mode.
[TmSim]: Run in serial mode.
[TmSim]: Run in serial mode.
[SUCCESS][CORE_0][pid 100310] exit success!
[SUCCESS][CORE_1][pid 100311] exit success!
[SUCCESS][CORE_2][pid 100312] exit success!
[SUCCESS][CORE_3][pid 100313] exit success!
[TmSim]: Run in serial mode.
[TmSim]: Run in serial mode.
[TmSim]: Run in serial mode.
[TmSim]: Run in serial mode.
[SUCCESS][CORE_0][pid 100314] exit success!
[SUCCESS][CORE_1][pid 100315] exit success!
[SUCCESS][CORE_2][pid 100316] exit success!
[SUCCESS][CORE_3][pid 100317] exit success!
[TmSim]: Run in serial mode.
[TmSim]: Run in serial mode.
[TmSim]: Run in serial mode.
[TmSim]: Run in serial mode.
[SUCCESS][CORE_0][pid 100318] exit success!
[SUCCESS][CORE_1][pid 100319] exit success!
[SUCCESS][CORE_2][pid 100320] exit success!
[SUCCESS][CORE_3][pid 100321] exit success!
MTP slot-derived context, duplicate and missing page cases passed
[TmSim]: Run in serial mode.
[TmSim]: Run in serial mode.
[TmSim]: Run in serial mode.
[TmSim]: Run in serial mode.
[SUCCESS][CORE_0][pid 100322] exit success!
[SUCCESS][CORE_1][pid 100323] exit success!
[SUCCESS][CORE_2][pid 100324] exit success!
[SUCCESS][CORE_3][pid 100325] exit success!
[TmSim]: Run in serial mode.
[TmSim]: Run in serial mode.
[TmSim]: Run in serial mode.
[TmSim]: Run in serial mode.
[SUCCESS][AIC_0][pid 100326] exit success!
[TmSim]: Run in serial mode.
[TmSim]: Run in serial mode.
[SUCCESS][AIV_0][pid 100327] exit success!
[SUCCESS][AIV_1][pid 100328] exit success!
[SUCCESS][AIC_1][pid 100329] exit success!
[SUCCESS][AIV_2][pid 100330] exit success!
[SUCCESS][AIV_3][pid 100331] exit success!
splits=1 empty_segments=2
[TmSim]: Run in serial mode.
[TmSim]: Run in serial mode.
[TmSim]: Run in serial mode.
[TmSim]: Run in serial mode.
[SUCCESS][CORE_0][pid 100332] exit success!
[SUCCESS][CORE_1][pid 100333] exit success!
[SUCCESS][CORE_2][pid 100334] exit success!
[SUCCESS][CORE_3][pid 100335] exit success!
max_abs=2.38419e-07 file=/home/sunao2000.linux/gpt_new_oscar/artifacts/cv_cpu_cases/d64_q4_c0/expected_output.bin
max_abs=2.38419e-07 file=/home/sunao2000.linux/gpt_new_oscar/artifacts/cv_cpu_cases/d64_q4_c0/expected_lse.bin
{"backend":"ascendc_cpu_debug","op":"attention_cv","status":"passed"}
RESULT {"phase": "002-attention_cv", "command": ["/home/sunao2000.linux/gpt_new_oscar/build/cpu/oscar_cv_cpu", "attention_cv", "/home/sunao2000.linux/gpt_new_oscar/artifacts/cv_cpu_cases/d64_q4_c0"], "returncode": 0, "elapsed_seconds": 0.615087, "timed_out": false, "interrupted": false, "log": "/home/sunao2000.linux/gpt_new_oscar/logs/vm-cv/002-attention_cv.log", "cleanup_complete": true}
[oscar] PASSED phase=002-attention_cv rc=0 log=logs/vm-cv/002-attention_cv.log
START phase=003-attention_cv cwd=/home/sunao2000.linux/gpt_new_oscar command=["/home/sunao2000.linux/gpt_new_oscar/build/cpu/oscar_cv_cpu", "attention_cv", "/home/sunao2000.linux/gpt_new_oscar/artifacts/cv_cpu_cases/d128_q4_c129"]
[TmSim]: Run in serial mode.
[TmSim]: Run in serial mode.
[TmSim]: Run in serial mode.
[TmSim]: Run in serial mode.
[SUCCESS][CORE_0][pid 100338] exit success!
[SUCCESS][CORE_1][pid 100339] exit success!
[SUCCESS][CORE_2][pid 100340] exit success!
[SUCCESS][CORE_3][pid 100341] exit success!
[TmSim]: Run in serial mode.
[TmSim]: Run in serial mode.
[TmSim]: Run in serial mode.
[TmSim]: Run in serial mode.
[SUCCESS][CORE_0][pid 100342] exit success!
[SUCCESS][CORE_1][pid 100343] exit success!
[SUCCESS][CORE_2][pid 100344] exit success!
[SUCCESS][CORE_3][pid 100345] exit success!
metadata padded request and changed-slot cases passed
[TmSim]: Run in serial mode.
[TmSim]: Run in serial mode.
[TmSim]: Run in serial mode.
[TmSim]: Run in serial mode.
[SUCCESS][CORE_0][pid 100346] exit success!
[SUCCESS][CORE_1][pid 100347] exit success!
[SUCCESS][CORE_2][pid 100348] exit success!
[SUCCESS][CORE_3][pid 100349] exit success!
[TmSim]: Run in serial mode.
[TmSim]: Run in serial mode.
[TmSim]: Run in serial mode.
[TmSim]: Run in serial mode.
[SUCCESS][CORE_0][pid 100350] exit success!
[SUCCESS][CORE_1][pid 100351] exit success!
[SUCCESS][CORE_2][pid 100352] exit success!
[SUCCESS][CORE_3][pid 100353] exit success!
[TmSim]: Run in serial mode.
[TmSim]: Run in serial mode.
[TmSim]: Run in serial mode.
[TmSim]: Run in serial mode.
[SUCCESS][CORE_0][pid 100354] exit success!
[SUCCESS][CORE_1][pid 100355] exit success!
[SUCCESS][CORE_2][pid 100356] exit success!
[SUCCESS][CORE_3][pid 100357] exit success!
MTP slot-derived context, duplicate and missing page cases passed
[TmSim]: Run in serial mode.
[TmSim]: Run in serial mode.
[TmSim]: Run in serial mode.
[TmSim]: Run in serial mode.
[SUCCESS][CORE_0][pid 100358] exit success!
[SUCCESS][CORE_1][pid 100359] exit success!
[SUCCESS][CORE_2][pid 100360] exit success!
[SUCCESS][CORE_3][pid 100361] exit success!
[TmSim]: Run in serial mode.
[TmSim]: Run in serial mode.
[TmSim]: Run in serial mode.
[TmSim]: Run in serial mode.
[SUCCESS][AIC_0][pid 100362] exit success!
[TmSim]: Run in serial mode.
[TmSim]: Run in serial mode.
[SUCCESS][AIV_0][pid 100363] exit success!
[SUCCESS][AIV_1][pid 100364] exit success!
[SUCCESS][AIC_1][pid 100365] exit success!
[SUCCESS][AIV_2][pid 100366] exit success!
[SUCCESS][AIV_3][pid 100367] exit success!
splits=1 empty_segments=0
[TmSim]: Run in serial mode.
[TmSim]: Run in serial mode.
[TmSim]: Run in serial mode.
[SUCCESS][CORE_0][pid 100368] exit success!
[SUCCESS][CORE_1][pid 100369] exit success!
[TmSim]: Run in serial mode.
[SUCCESS][CORE_2][pid 100370] exit success!
[SUCCESS][CORE_3][pid 100371] exit success!
max_abs=6.55651e-07 file=/home/sunao2000.linux/gpt_new_oscar/artifacts/cv_cpu_cases/d128_q4_c129/expected_output.bin
max_abs=4.76837e-07 file=/home/sunao2000.linux/gpt_new_oscar/artifacts/cv_cpu_cases/d128_q4_c129/expected_lse.bin
{"backend":"ascendc_cpu_debug","op":"attention_cv","status":"passed"}
RESULT {"phase": "003-attention_cv", "command": ["/home/sunao2000.linux/gpt_new_oscar/build/cpu/oscar_cv_cpu", "attention_cv", "/home/sunao2000.linux/gpt_new_oscar/artifacts/cv_cpu_cases/d128_q4_c129"], "returncode": 0, "elapsed_seconds": 1.656607, "timed_out": false, "interrupted": false, "log": "/home/sunao2000.linux/gpt_new_oscar/logs/vm-cv/003-attention_cv.log", "cleanup_complete": true}
[oscar] PASSED phase=003-attention_cv rc=0 log=logs/vm-cv/003-attention_cv.log
START phase=004-attention_cv cwd=/home/sunao2000.linux/gpt_new_oscar command=["/home/sunao2000.linux/gpt_new_oscar/build/cpu/oscar_cv_cpu", "attention_cv", "/home/sunao2000.linux/gpt_new_oscar/artifacts/cv_cpu_cases/d256_q4_c511"]
[TmSim]: Run in serial mode.
[TmSim]: Run in serial mode.
[TmSim]: Run in serial mode.
[TmSim]: Run in serial mode.
[SUCCESS][CORE_0][pid 100374] exit success!
[SUCCESS][CORE_1][pid 100375] exit success!
[SUCCESS][CORE_2][pid 100376] exit success!
[SUCCESS][CORE_3][pid 100377] exit success!
[TmSim]: Run in serial mode.
[TmSim]: Run in serial mode.
[TmSim]: Run in serial mode.
[TmSim]: Run in serial mode.
[SUCCESS][CORE_0][pid 100378] exit success!
[SUCCESS][CORE_1][pid 100379] exit success!
[SUCCESS][CORE_2][pid 100380] exit success!
[SUCCESS][CORE_3][pid 100381] exit success!
metadata padded request and changed-slot cases passed
[TmSim]: Run in serial mode.
[TmSim]: Run in serial mode.
[TmSim]: Run in serial mode.
[TmSim]: Run in serial mode.
[SUCCESS][CORE_0][pid 100382] exit success!
[SUCCESS][CORE_1][pid 100383] exit success!
[SUCCESS][CORE_2][pid 100384] exit success!
[SUCCESS][CORE_3][pid 100385] exit success!
[TmSim]: Run in serial mode.
[TmSim]: Run in serial mode.
[TmSim]: Run in serial mode.
[TmSim]: Run in serial mode.
[SUCCESS][CORE_0][pid 100386] exit success!
[SUCCESS][CORE_1][pid 100387] exit success!
[SUCCESS][CORE_2][pid 100388] exit success!
[SUCCESS][CORE_3][pid 100389] exit success!
[TmSim]: Run in serial mode.
[TmSim]: Run in serial mode.
[TmSim]: Run in serial mode.
[TmSim]: Run in serial mode.
[SUCCESS][CORE_0][pid 100390] exit success!
[SUCCESS][CORE_1][pid 100391] exit success!
[SUCCESS][CORE_2][pid 100392] exit success!
[SUCCESS][CORE_3][pid 100393] exit success!
MTP slot-derived context, duplicate and missing page cases passed
[TmSim]: Run in serial mode.
[TmSim]: Run in serial mode.
[TmSim]: Run in serial mode.
[TmSim]: Run in serial mode.
[SUCCESS][CORE_0][pid 100394] exit success!
[SUCCESS][CORE_1][pid 100395] exit success!
[SUCCESS][CORE_2][pid 100396] exit success!
[SUCCESS][CORE_3][pid 100397] exit success!
[TmSim]: Run in serial mode.
[TmSim]: Run in serial mode.
[TmSim]: Run in serial mode.
[TmSim]: Run in serial mode.
[SUCCESS][AIC_0][pid 100398] exit success!
[TmSim]: Run in serial mode.
[TmSim]: Run in serial mode.
[SUCCESS][AIV_0][pid 100399] exit success!
[SUCCESS][AIV_1][pid 100400] exit success!
[SUCCESS][AIC_1][pid 100401] exit success!
[SUCCESS][AIV_2][pid 100402] exit success!
[SUCCESS][AIV_3][pid 100403] exit success!
splits=1 empty_segments=0
[TmSim]: Run in serial mode.
[TmSim]: Run in serial mode.
[TmSim]: Run in serial mode.
[TmSim]: Run in serial mode.
[SUCCESS][CORE_0][pid 100406] exit success!
[SUCCESS][CORE_1][pid 100407] exit success!
[SUCCESS][CORE_2][pid 100408] exit success!
[SUCCESS][CORE_3][pid 100409] exit success!
max_abs=8.34465e-07 file=/home/sunao2000.linux/gpt_new_oscar/artifacts/cv_cpu_cases/d256_q4_c511/expected_output.bin
max_abs=4.76837e-07 file=/home/sunao2000.linux/gpt_new_oscar/artifacts/cv_cpu_cases/d256_q4_c511/expected_lse.bin
{"backend":"ascendc_cpu_debug","op":"attention_cv","status":"passed"}
RESULT {"phase": "004-attention_cv", "command": ["/home/sunao2000.linux/gpt_new_oscar/build/cpu/oscar_cv_cpu", "attention_cv", "/home/sunao2000.linux/gpt_new_oscar/artifacts/cv_cpu_cases/d256_q4_c511"], "returncode": 0, "elapsed_seconds": 6.007149, "timed_out": false, "interrupted": false, "log": "/home/sunao2000.linux/gpt_new_oscar/logs/vm-cv/004-attention_cv.log", "cleanup_complete": true}
[oscar] PASSED phase=004-attention_cv rc=0 log=logs/vm-cv/004-attention_cv.log
START phase=005-attention_cv cwd=/home/sunao2000.linux/gpt_new_oscar command=["/home/sunao2000.linux/gpt_new_oscar/build/cpu/oscar_cv_cpu", "attention_cv", "/home/sunao2000.linux/gpt_new_oscar/artifacts/cv_cpu_cases/d64_q17_c65"]
[TmSim]: Run in serial mode.
[TmSim]: Run in serial mode.
[TmSim]: Run in serial mode.
[TmSim]: Run in serial mode.
[SUCCESS][CORE_0][pid 100412] exit success!
[SUCCESS][CORE_1][pid 100413] exit success!
[SUCCESS][CORE_2][pid 100414] exit success!
[SUCCESS][CORE_3][pid 100415] exit success!
[TmSim]: Run in serial mode.
[TmSim]: Run in serial mode.
[TmSim]: Run in serial mode.
[TmSim]: Run in serial mode.
[SUCCESS][CORE_0][pid 100416] exit success!
[SUCCESS][CORE_1][pid 100417] exit success!
[SUCCESS][CORE_2][pid 100418] exit success!
[SUCCESS][CORE_3][pid 100419] exit success!
metadata padded request and changed-slot cases passed
[TmSim]: Run in serial mode.
[TmSim]: Run in serial mode.
[TmSim]: Run in serial mode.
[SUCCESS][CORE_0][pid 100420] exit success!
[TmSim]: Run in serial mode.
[SUCCESS][CORE_1][pid 100421] exit success!
[SUCCESS][CORE_2][pid 100422] exit success!
[SUCCESS][CORE_3][pid 100423] exit success!
[TmSim]: Run in serial mode.
[TmSim]: Run in serial mode.
[TmSim]: Run in serial mode.
[TmSim]: Run in serial mode.
[SUCCESS][CORE_0][pid 100424] exit success!
[SUCCESS][CORE_1][pid 100425] exit success!
[SUCCESS][CORE_2][pid 100426] exit success!
[SUCCESS][CORE_3][pid 100427] exit success!
[TmSim]: Run in serial mode.
[TmSim]: Run in serial mode.
[TmSim]: Run in serial mode.
[TmSim]: Run in serial mode.
[SUCCESS][CORE_0][pid 100428] exit success!
[SUCCESS][CORE_1][pid 100429] exit success!
[SUCCESS][CORE_2][pid 100430] exit success!
[SUCCESS][CORE_3][pid 100431] exit success!
MTP slot-derived context, duplicate and missing page cases passed
[TmSim]: Run in serial mode.
[TmSim]: Run in serial mode.
[TmSim]: Run in serial mode.
[TmSim]: Run in serial mode.
[SUCCESS][CORE_0][pid 100432] exit success!
[SUCCESS][CORE_1][pid 100433] exit success!
[SUCCESS][CORE_2][pid 100434] exit success!
[SUCCESS][CORE_3][pid 100435] exit success!
[TmSim]: Run in serial mode.
[TmSim]: Run in serial mode.
[TmSim]: Run in serial mode.
[TmSim]: Run in serial mode.
[SUCCESS][AIC_0][pid 100436] exit success!
[TmSim]: Run in serial mode.
[TmSim]: Run in serial mode.
[SUCCESS][AIV_0][pid 100437] exit success!
[SUCCESS][AIV_1][pid 100438] exit success!
[SUCCESS][AIC_1][pid 100439] exit success!
[SUCCESS][AIV_2][pid 100440] exit success!
[SUCCESS][AIV_3][pid 100441] exit success!
splits=1 empty_segments=0
[TmSim]: Run in serial mode.
[TmSim]: Run in serial mode.
[TmSim]: Run in serial mode.
[TmSim]: Run in serial mode.
[SUCCESS][CORE_0][pid 100443] exit success!
[SUCCESS][CORE_1][pid 100444] exit success!
[SUCCESS][CORE_2][pid 100445] exit success!
[SUCCESS][CORE_3][pid 100446] exit success!
max_abs=9.53674e-07 file=/home/sunao2000.linux/gpt_new_oscar/artifacts/cv_cpu_cases/d64_q17_c65/expected_output.bin
max_abs=4.76837e-07 file=/home/sunao2000.linux/gpt_new_oscar/artifacts/cv_cpu_cases/d64_q17_c65/expected_lse.bin
{"backend":"ascendc_cpu_debug","op":"attention_cv","status":"passed"}
RESULT {"phase": "005-attention_cv", "command": ["/home/sunao2000.linux/gpt_new_oscar/build/cpu/oscar_cv_cpu", "attention_cv", "/home/sunao2000.linux/gpt_new_oscar/artifacts/cv_cpu_cases/d64_q17_c65"], "returncode": 0, "elapsed_seconds": 2.26579, "timed_out": false, "interrupted": false, "log": "/home/sunao2000.linux/gpt_new_oscar/logs/vm-cv/005-attention_cv.log", "cleanup_complete": true}
[oscar] PASSED phase=005-attention_cv rc=0 log=logs/vm-cv/005-attention_cv.log
START phase=006-attention_cv cwd=/home/sunao2000.linux/gpt_new_oscar command=["/home/sunao2000.linux/gpt_new_oscar/build/cpu/oscar_cv_cpu", "attention_cv", "/home/sunao2000.linux/gpt_new_oscar/artifacts/cv_cpu_cases/d64_q4_c65_hk2"]
[TmSim]: Run in serial mode.
[TmSim]: Run in serial mode.
[TmSim]: Run in serial mode.
[TmSim]: Run in serial mode.
[SUCCESS][CORE_0][pid 100449] exit success!
[SUCCESS][CORE_1][pid 100450] exit success!
[SUCCESS][CORE_2][pid 100451] exit success!
[SUCCESS][CORE_3][pid 100452] exit success!
[TmSim]: Run in serial mode.
[TmSim]: Run in serial mode.
[TmSim]: Run in serial mode.
[TmSim]: Run in serial mode.
[SUCCESS][CORE_0][pid 100453] exit success!
[SUCCESS][CORE_1][pid 100454] exit success!
[SUCCESS][CORE_2][pid 100455] exit success!
[SUCCESS][CORE_3][pid 100456] exit success!
metadata padded request and changed-slot cases passed
[TmSim]: Run in serial mode.
[TmSim]: Run in serial mode.
[TmSim]: Run in serial mode.
[TmSim]: Run in serial mode.
[SUCCESS][CORE_0][pid 100457] exit success!
[SUCCESS][CORE_1][pid 100458] exit success!
[SUCCESS][CORE_2][pid 100459] exit success!
[SUCCESS][CORE_3][pid 100460] exit success!
[TmSim]: Run in serial mode.
[TmSim]: Run in serial mode.
[TmSim]: Run in serial mode.
[TmSim]: Run in serial mode.
[SUCCESS][CORE_0][pid 100461] exit success!
[SUCCESS][CORE_1][pid 100462] exit success!
[SUCCESS][CORE_2][pid 100463] exit success!
[SUCCESS][CORE_3][pid 100464] exit success!
[TmSim]: Run in serial mode.
[TmSim]: Run in serial mode.
[TmSim]: Run in serial mode.
[TmSim]: Run in serial mode.
[SUCCESS][CORE_0][pid 100465] exit success!
[SUCCESS][CORE_1][pid 100466] exit success!
[SUCCESS][CORE_2][pid 100467] exit success!
[SUCCESS][CORE_3][pid 100468] exit success!
MTP slot-derived context, duplicate and missing page cases passed
[TmSim]: Run in serial mode.
[TmSim]: Run in serial mode.
[SUCCESS][CORE_0][pid 100469] exit success!
[TmSim]: Run in serial mode.
[TmSim]: Run in serial mode.
[SUCCESS][CORE_1][pid 100470] exit success!
[SUCCESS][CORE_2][pid 100471] exit success!
[SUCCESS][CORE_3][pid 100472] exit success!
[TmSim]: Run in serial mode.
[TmSim]: Run in serial mode.
[TmSim]: Run in serial mode.
[SUCCESS][AIC_0][pid 100473] exit success!
[TmSim]: Run in serial mode.
[TmSim]: Run in serial mode.
[TmSim]: Run in serial mode.
[SUCCESS][AIV_0][pid 100474] exit success!
[SUCCESS][AIV_1][pid 100475] exit success!
[SUCCESS][AIC_1][pid 100476] exit success!
[SUCCESS][AIV_2][pid 100477] exit success!
[SUCCESS][AIV_3][pid 100478] exit success!
splits=1 empty_segments=0
[TmSim]: Run in serial mode.
[TmSim]: Run in serial mode.
[TmSim]: Run in serial mode.
[TmSim]: Run in serial mode.
[SUCCESS][CORE_0][pid 100480] exit success!
[SUCCESS][CORE_1][pid 100481] exit success!
[SUCCESS][CORE_2][pid 100482] exit success!
[SUCCESS][CORE_3][pid 100483] exit success!
max_abs=5.36442e-07 file=/home/sunao2000.linux/gpt_new_oscar/artifacts/cv_cpu_cases/d64_q4_c65_hk2/expected_output.bin
max_abs=4.76837e-07 file=/home/sunao2000.linux/gpt_new_oscar/artifacts/cv_cpu_cases/d64_q4_c65_hk2/expected_lse.bin
{"backend":"ascendc_cpu_debug","op":"attention_cv","status":"passed"}
RESULT {"phase": "006-attention_cv", "command": ["/home/sunao2000.linux/gpt_new_oscar/build/cpu/oscar_cv_cpu", "attention_cv", "/home/sunao2000.linux/gpt_new_oscar/artifacts/cv_cpu_cases/d64_q4_c65_hk2"], "returncode": 0, "elapsed_seconds": 1.444486, "timed_out": false, "interrupted": false, "log": "/home/sunao2000.linux/gpt_new_oscar/logs/vm-cv/006-attention_cv.log", "cleanup_complete": true}
[oscar] PASSED phase=006-attention_cv rc=0 log=logs/vm-cv/006-attention_cv.log
START phase=007-attention_cv cwd=/home/sunao2000.linux/gpt_new_oscar command=["/home/sunao2000.linux/gpt_new_oscar/build/cpu/oscar_cv_cpu", "attention_cv", "/home/sunao2000.linux/gpt_new_oscar/artifacts/cv_cpu_cases/d64_q2_c320"]
[TmSim]: Run in serial mode.
[TmSim]: Run in serial mode.
[TmSim]: Run in serial mode.
[TmSim]: Run in serial mode.
[SUCCESS][CORE_0][pid 100486] exit success!
[SUCCESS][CORE_1][pid 100487] exit success!
[SUCCESS][CORE_2][pid 100488] exit success!
[SUCCESS][CORE_3][pid 100489] exit success!
[TmSim]: Run in serial mode.
[SUCCESS][CORE_0][pid 100490] exit success!
[TmSim]: Run in serial mode.
[TmSim]: Run in serial mode.
[TmSim]: Run in serial mode.
[SUCCESS][CORE_1][pid 100491] exit success!
[SUCCESS][CORE_2][pid 100492] exit success!
[SUCCESS][CORE_3][pid 100493] exit success!
metadata padded request and changed-slot cases passed
[TmSim]: Run in serial mode.
[TmSim]: Run in serial mode.
[TmSim]: Run in serial mode.
[TmSim]: Run in serial mode.
[SUCCESS][CORE_0][pid 100494] exit success!
[SUCCESS][CORE_1][pid 100495] exit success!
[SUCCESS][CORE_2][pid 100496] exit success!
[SUCCESS][CORE_3][pid 100497] exit success!
[TmSim]: Run in serial mode.
[TmSim]: Run in serial mode.
[TmSim]: Run in serial mode.
[TmSim]: Run in serial mode.
[SUCCESS][CORE_0][pid 100498] exit success!
[SUCCESS][CORE_1][pid 100499] exit success!
[SUCCESS][CORE_2][pid 100500] exit success!
[SUCCESS][CORE_3][pid 100501] exit success!
[TmSim]: Run in serial mode.
[TmSim]: Run in serial mode.
[TmSim]: Run in serial mode.
[TmSim]: Run in serial mode.
[SUCCESS][CORE_0][pid 100502] exit success!
[SUCCESS][CORE_1][pid 100503] exit success!
[SUCCESS][CORE_2][pid 100504] exit success!
[SUCCESS][CORE_3][pid 100505] exit success!
MTP slot-derived context, duplicate and missing page cases passed
[TmSim]: Run in serial mode.
[TmSim]: Run in serial mode.
[TmSim]: Run in serial mode.
[TmSim]: Run in serial mode.
[SUCCESS][CORE_0][pid 100506] exit success!
[SUCCESS][CORE_1][pid 100507] exit success!
[SUCCESS][CORE_2][pid 100508] exit success!
[SUCCESS][CORE_3][pid 100509] exit success!
[TmSim]: Run in serial mode.
[TmSim]: Run in serial mode.
[TmSim]: Run in serial mode.
[oscar] phase=cv-debug running seconds=15.1 log=/Users/sunao2000/gpt_new_oscar/reports/vm/logs/cv-debug.log
[TmSim]: Run in serial mode.
[SUCCESS][AIC_0][pid 100510] exit success!
[TmSim]: Run in serial mode.
[TmSim]: Run in serial mode.
[SUCCESS][AIV_0][pid 100511] exit success!
[SUCCESS][AIV_1][pid 100512] exit success!
[SUCCESS][AIC_1][pid 100513] exit success!
[SUCCESS][AIV_2][pid 100514] exit success!
[SUCCESS][AIV_3][pid 100515] exit success!
splits=1 empty_segments=0
[TmSim]: Run in serial mode.
[TmSim]: Run in serial mode.
[TmSim]: Run in serial mode.
[TmSim]: Run in serial mode.
[SUCCESS][CORE_0][pid 100516] exit success!
[SUCCESS][CORE_1][pid 100517] exit success!
[SUCCESS][CORE_2][pid 100518] exit success!
[SUCCESS][CORE_3][pid 100519] exit success!
max_abs=2.23517e-07 file=/home/sunao2000.linux/gpt_new_oscar/artifacts/cv_cpu_cases/d64_q2_c320/expected_output.bin
max_abs=4.76837e-07 file=/home/sunao2000.linux/gpt_new_oscar/artifacts/cv_cpu_cases/d64_q2_c320/expected_lse.bin
{"backend":"ascendc_cpu_debug","op":"attention_cv","status":"passed"}
RESULT {"phase": "007-attention_cv", "command": ["/home/sunao2000.linux/gpt_new_oscar/build/cpu/oscar_cv_cpu", "attention_cv", "/home/sunao2000.linux/gpt_new_oscar/artifacts/cv_cpu_cases/d64_q2_c320"], "returncode": 0, "elapsed_seconds": 1.861951, "timed_out": false, "interrupted": false, "log": "/home/sunao2000.linux/gpt_new_oscar/logs/vm-cv/007-attention_cv.log", "cleanup_complete": true}
[oscar] PASSED phase=007-attention_cv rc=0 log=logs/vm-cv/007-attention_cv.log
START phase=008-attention_cv cwd=/home/sunao2000.linux/gpt_new_oscar command=["/home/sunao2000.linux/gpt_new_oscar/build/cpu/oscar_cv_cpu", "attention_cv", "/home/sunao2000.linux/gpt_new_oscar/artifacts/cv_cpu_cases/d128_q3_c511"]
[TmSim]: Run in serial mode.
[TmSim]: Run in serial mode.
[TmSim]: Run in serial mode.
[TmSim]: Run in serial mode.
[SUCCESS][CORE_0][pid 100522] exit success!
[SUCCESS][CORE_1][pid 100523] exit success!
[SUCCESS][CORE_2][pid 100524] exit success!
[SUCCESS][CORE_3][pid 100525] exit success!
[TmSim]: Run in serial mode.
[TmSim]: Run in serial mode.
[TmSim]: Run in serial mode.
[TmSim]: Run in serial mode.
[SUCCESS][CORE_0][pid 100526] exit success!
[SUCCESS][CORE_1][pid 100527] exit success!
[SUCCESS][CORE_2][pid 100528] exit success!
[SUCCESS][CORE_3][pid 100529] exit success!
metadata padded request and changed-slot cases passed
[TmSim]: Run in serial mode.
[TmSim]: Run in serial mode.
[TmSim]: Run in serial mode.
[TmSim]: Run in serial mode.
[SUCCESS][CORE_0][pid 100530] exit success!
[SUCCESS][CORE_1][pid 100531] exit success!
[SUCCESS][CORE_2][pid 100532] exit success!
[SUCCESS][CORE_3][pid 100533] exit success!
[TmSim]: Run in serial mode.
[TmSim]: Run in serial mode.
[TmSim]: Run in serial mode.
[TmSim]: Run in serial mode.
[SUCCESS][CORE_0][pid 100534] exit success!
[SUCCESS][CORE_1][pid 100535] exit success!
[SUCCESS][CORE_2][pid 100536] exit success!
[SUCCESS][CORE_3][pid 100537] exit success!
[TmSim]: Run in serial mode.
[TmSim]: Run in serial mode.
[TmSim]: Run in serial mode.
[TmSim]: Run in serial mode.
[SUCCESS][CORE_0][pid 100538] exit success!
[SUCCESS][CORE_1][pid 100539] exit success!
[SUCCESS][CORE_2][pid 100540] exit success!
[SUCCESS][CORE_3][pid 100541] exit success!
MTP slot-derived context, duplicate and missing page cases passed
[TmSim]: Run in serial mode.
[TmSim]: Run in serial mode.
[TmSim]: Run in serial mode.
[TmSim]: Run in serial mode.
[SUCCESS][CORE_0][pid 100542] exit success!
[SUCCESS][CORE_1][pid 100543] exit success!
[SUCCESS][CORE_2][pid 100544] exit success!
[SUCCESS][CORE_3][pid 100545] exit success!
[TmSim]: Run in serial mode.
[TmSim]: Run in serial mode.
[TmSim]: Run in serial mode.
[TmSim]: Run in serial mode.
[SUCCESS][AIC_0][pid 100546] exit success!
[TmSim]: Run in serial mode.
[TmSim]: Run in serial mode.
[SUCCESS][AIV_0][pid 100547] exit success!
[SUCCESS][AIV_1][pid 100548] exit success!
[SUCCESS][AIC_1][pid 100549] exit success!
[SUCCESS][AIV_2][pid 100550] exit success!
[SUCCESS][AIV_3][pid 100551] exit success!
splits=1 empty_segments=0
[TmSim]: Run in serial mode.
[TmSim]: Run in serial mode.
[TmSim]: Run in serial mode.
[TmSim]: Run in serial mode.
[SUCCESS][CORE_0][pid 100553] exit success!
[SUCCESS][CORE_1][pid 100554] exit success!
[SUCCESS][CORE_2][pid 100555] exit success!
[SUCCESS][CORE_3][pid 100556] exit success!
max_abs=3.8743e-07 file=/home/sunao2000.linux/gpt_new_oscar/artifacts/cv_cpu_cases/d128_q3_c511/expected_output.bin
max_abs=4.76837e-07 file=/home/sunao2000.linux/gpt_new_oscar/artifacts/cv_cpu_cases/d128_q3_c511/expected_lse.bin
{"backend":"ascendc_cpu_debug","op":"attention_cv","status":"passed"}
RESULT {"phase": "008-attention_cv", "command": ["/home/sunao2000.linux/gpt_new_oscar/build/cpu/oscar_cv_cpu", "attention_cv", "/home/sunao2000.linux/gpt_new_oscar/artifacts/cv_cpu_cases/d128_q3_c511"], "returncode": 0, "elapsed_seconds": 3.95263, "timed_out": false, "interrupted": false, "log": "/home/sunao2000.linux/gpt_new_oscar/logs/vm-cv/008-attention_cv.log", "cleanup_complete": true}
[oscar] PASSED phase=008-attention_cv rc=0 log=logs/vm-cv/008-attention_cv.log
START phase=009-attention_cv cwd=/home/sunao2000.linux/gpt_new_oscar command=["/home/sunao2000.linux/gpt_new_oscar/build/cpu/oscar_cv_cpu", "attention_cv", "/home/sunao2000.linux/gpt_new_oscar/artifacts/cv_cpu_cases/d64_q4_c65_s2"]
[TmSim]: Run in serial mode.
[TmSim]: Run in serial mode.
[TmSim]: Run in serial mode.
[TmSim]: Run in serial mode.
[SUCCESS][CORE_0][pid 100560] exit success!
[SUCCESS][CORE_1][pid 100561] exit success!
[SUCCESS][CORE_2][pid 100562] exit success!
[SUCCESS][CORE_3][pid 100563] exit success!
[TmSim]: Run in serial mode.
[TmSim]: Run in serial mode.
[TmSim]: Run in serial mode.
[TmSim]: Run in serial mode.
[SUCCESS][CORE_0][pid 100564] exit success!
[SUCCESS][CORE_1][pid 100565] exit success!
[SUCCESS][CORE_2][pid 100566] exit success!
[SUCCESS][CORE_3][pid 100567] exit success!
metadata padded request and changed-slot cases passed
[TmSim]: Run in serial mode.
[TmSim]: Run in serial mode.
[TmSim]: Run in serial mode.
[TmSim]: Run in serial mode.
[SUCCESS][CORE_0][pid 100568] exit success!
[SUCCESS][CORE_1][pid 100569] exit success!
[SUCCESS][CORE_2][pid 100570] exit success!
[SUCCESS][CORE_3][pid 100571] exit success!
[TmSim]: Run in serial mode.
[TmSim]: Run in serial mode.
[TmSim]: Run in serial mode.
[TmSim]: Run in serial mode.
[SUCCESS][CORE_0][pid 100572] exit success!
[SUCCESS][CORE_1][pid 100573] exit success!
[SUCCESS][CORE_2][pid 100574] exit success!
[SUCCESS][CORE_3][pid 100575] exit success!
[TmSim]: Run in serial mode.
[TmSim]: Run in serial mode.
[TmSim]: Run in serial mode.
[TmSim]: Run in serial mode.
[SUCCESS][CORE_0][pid 100576] exit success!
[SUCCESS][CORE_1][pid 100577] exit success!
[SUCCESS][CORE_2][pid 100578] exit success!
[SUCCESS][CORE_3][pid 100579] exit success!
MTP slot-derived context, duplicate and missing page cases passed
[TmSim]: Run in serial mode.
[TmSim]: Run in serial mode.
[TmSim]: Run in serial mode.
[TmSim]: Run in serial mode.
[SUCCESS][CORE_0][pid 100580] exit success!
[SUCCESS][CORE_1][pid 100581] exit success!
[SUCCESS][CORE_2][pid 100582] exit success!
[SUCCESS][CORE_3][pid 100583] exit success!
[TmSim]: Run in serial mode.
[TmSim]: Run in serial mode.
[TmSim]: Run in serial mode.
[TmSim]: Run in serial mode.
[TmSim]: Run in serial mode.
[TmSim]: Run in serial mode.
[TmSim]: Run in serial mode.
[TmSim]: Run in serial mode.
[TmSim]: Run in serial mode.
[TmSim]: Run in serial mode.
[TmSim]: Run in serial mode.
[TmSim]: Run in serial mode.
[TmSim]: Run in serial mode.
[TmSim]: Run in serial mode.
[TmSim]: Run in serial mode.
[TmSim]: Run in serial mode.
[TmSim]: Run in serial mode.
[TmSim]: Run in serial mode.
[TmSim]: Run in serial mode.
[TmSim]: Run in serial mode.
[TmSim]: Run in serial mode.
[TmSim]: Run in serial mode.
[TmSim]: Run in serial mode.
[TmSim]: Run in serial mode.
[TmSim]: Run in serial mode.
[TmSim]: Run in serial mode.
[TmSim]: Run in serial mode.
[TmSim]: Run in serial mode.
[TmSim]: Run in serial mode.
[TmSim]: Run in serial mode.
[TmSim]: Run in serial mode.
[TmSim]: Run in serial mode.
[TmSim]: Run in serial mode.
[TmSim]: Run in serial mode.
[TmSim]: Run in serial mode.
[TmSim]: Run in serial mode.
[TmSim]: Run in serial mode.
[TmSim]: Run in serial mode.
[TmSim]: Run in serial mode.
[TmSim]: Run in serial mode.
[TmSim]: Run in serial mode.
[TmSim]: Run in serial mode.
[TmSim]: Run in serial mode.
[TmSim]: Run in serial mode.
[TmSim]: Run in serial mode.
[TmSim]: Run in serial mode.
[TmSim]: Run in serial mode.
[TmSim]: Run in serial mode.
[TmSim]: Run in serial mode.
[TmSim]: Run in serial mode.
[TmSim]: Run in serial mode.
[TmSim]: Run in serial mode.
[TmSim]: Run in serial mode.
[TmSim]: Run in serial mode.
[TmSim]: Run in serial mode.
[TmSim]: Run in serial mode.
[TmSim]: Run in serial mode.
[TmSim]: Run in serial mode.
[SUCCESS][AIC_0][pid 100584] exit success!
[TmSim]: Run in serial mode.
[TmSim]: Run in serial mode.
[SUCCESS][AIV_0][pid 100585] exit success!
[SUCCESS][AIV_1][pid 100586] exit success!
[SUCCESS][AIC_1][pid 100587] exit success!
[SUCCESS][AIV_2][pid 100588] exit success!
[SUCCESS][AIV_3][pid 100589] exit success!
[SUCCESS][AIC_2][pid 100590] exit success!
[SUCCESS][AIV_4][pid 100591] exit success!
[SUCCESS][AIV_5][pid 100592] exit success!
[SUCCESS][AIC_3][pid 100593] exit success!
[SUCCESS][AIV_6][pid 100594] exit success!
[SUCCESS][AIV_7][pid 100595] exit success!
[SUCCESS][AIC_4][pid 100596] exit success!
[SUCCESS][AIV_8][pid 100597] exit success!
[SUCCESS][AIV_9][pid 100598] exit success!
[SUCCESS][AIC_5][pid 100599] exit success!
[SUCCESS][AIV_10][pid 100600] exit success!
[SUCCESS][AIV_11][pid 100601] exit success!
[SUCCESS][AIC_6][pid 100602] exit success!
[SUCCESS][AIV_12][pid 100603] exit success!
[SUCCESS][AIV_13][pid 100604] exit success!
[SUCCESS][AIC_7][pid 100605] exit success!
[SUCCESS][AIV_14][pid 100606] exit success!
[SUCCESS][AIV_15][pid 100607] exit success!
[SUCCESS][AIC_8][pid 100608] exit success!
[SUCCESS][AIV_16][pid 100609] exit success!
[SUCCESS][AIV_17][pid 100610] exit success!
[SUCCESS][AIC_9][pid 100611] exit success!
[SUCCESS][AIV_18][pid 100612] exit success!
[SUCCESS][AIV_19][pid 100613] exit success!
[SUCCESS][AIC_10][pid 100614] exit success!
[SUCCESS][AIV_20][pid 100615] exit success!
[SUCCESS][AIV_21][pid 100616] exit success!
[SUCCESS][AIC_11][pid 100617] exit success!
[SUCCESS][AIV_22][pid 100618] exit success!
[SUCCESS][AIV_23][pid 100619] exit success!
[SUCCESS][AIC_12][pid 100620] exit success!
[SUCCESS][AIV_24][pid 100621] exit success!
[SUCCESS][AIV_25][pid 100622] exit success!
[SUCCESS][AIC_13][pid 100623] exit success!
[SUCCESS][AIV_26][pid 100624] exit success!
[SUCCESS][AIV_27][pid 100625] exit success!
[SUCCESS][AIC_14][pid 100626] exit success!
[SUCCESS][AIV_28][pid 100627] exit success!
[SUCCESS][AIV_29][pid 100628] exit success!
[SUCCESS][AIC_15][pid 100629] exit success!
[SUCCESS][AIV_30][pid 100630] exit success!
[SUCCESS][AIV_31][pid 100631] exit success!
[SUCCESS][AIC_16][pid 100632] exit success!
[SUCCESS][AIV_32][pid 100633] exit success!
[SUCCESS][AIV_33][pid 100634] exit success!
[SUCCESS][AIC_17][pid 100635] exit success!
[SUCCESS][AIV_34][pid 100636] exit success!
[SUCCESS][AIV_35][pid 100637] exit success!
[SUCCESS][AIC_18][pid 100638] exit success!
[SUCCESS][AIV_36][pid 100639] exit success!
[SUCCESS][AIV_37][pid 100640] exit success!
[SUCCESS][AIC_19][pid 100641] exit success!
[SUCCESS][AIV_38][pid 100642] exit success!
[SUCCESS][AIV_39][pid 100643] exit success!
splits=2 empty_segments=0
[TmSim]: Run in serial mode.
[SUCCESS][CORE_0][pid 100644] exit success!
[TmSim]: Run in serial mode.
[TmSim]: Run in serial mode.
[TmSim]: Run in serial mode.
[SUCCESS][CORE_1][pid 100645] exit success!
[SUCCESS][CORE_2][pid 100646] exit success!
[SUCCESS][CORE_3][pid 100647] exit success!
max_abs=3.57628e-07 file=/home/sunao2000.linux/gpt_new_oscar/artifacts/cv_cpu_cases/d64_q4_c65_s2/expected_output.bin
max_abs=4.76837e-07 file=/home/sunao2000.linux/gpt_new_oscar/artifacts/cv_cpu_cases/d64_q4_c65_s2/expected_lse.bin
{"backend":"ascendc_cpu_debug","op":"attention_cv","status":"passed"}
RESULT {"phase": "009-attention_cv", "command": ["/home/sunao2000.linux/gpt_new_oscar/build/cpu/oscar_cv_cpu", "attention_cv", "/home/sunao2000.linux/gpt_new_oscar/artifacts/cv_cpu_cases/d64_q4_c65_s2"], "returncode": 0, "elapsed_seconds": 1.018572, "timed_out": false, "interrupted": false, "log": "/home/sunao2000.linux/gpt_new_oscar/logs/vm-cv/009-attention_cv.log", "cleanup_complete": true}
[oscar] PASSED phase=009-attention_cv rc=0 log=logs/vm-cv/009-attention_cv.log
START phase=010-attention_cv cwd=/home/sunao2000.linux/gpt_new_oscar command=["/home/sunao2000.linux/gpt_new_oscar/build/cpu/oscar_cv_cpu", "attention_cv", "/home/sunao2000.linux/gpt_new_oscar/artifacts/cv_cpu_cases/d64_q4_c65_s20"]
[TmSim]: Run in serial mode.
[TmSim]: Run in serial mode.
[TmSim]: Run in serial mode.
[TmSim]: Run in serial mode.
[SUCCESS][CORE_0][pid 100650] exit success!
[SUCCESS][CORE_1][pid 100651] exit success!
[SUCCESS][CORE_2][pid 100652] exit success!
[SUCCESS][CORE_3][pid 100653] exit success!
[TmSim]: Run in serial mode.
[TmSim]: Run in serial mode.
[TmSim]: Run in serial mode.
[TmSim]: Run in serial mode.
[SUCCESS][CORE_0][pid 100654] exit success!
[SUCCESS][CORE_1][pid 100655] exit success!
[SUCCESS][CORE_2][pid 100656] exit success!
[SUCCESS][CORE_3][pid 100657] exit success!
metadata padded request and changed-slot cases passed
[TmSim]: Run in serial mode.
[TmSim]: Run in serial mode.
[TmSim]: Run in serial mode.
[SUCCESS][CORE_0][pid 100658] exit success!
[TmSim]: Run in serial mode.
[SUCCESS][CORE_1][pid 100659] exit success!
[SUCCESS][CORE_2][pid 100660] exit success!
[SUCCESS][CORE_3][pid 100661] exit success!
[TmSim]: Run in serial mode.
[TmSim]: Run in serial mode.
[TmSim]: Run in serial mode.
[TmSim]: Run in serial mode.
[SUCCESS][CORE_0][pid 100662] exit success!
[SUCCESS][CORE_1][pid 100663] exit success!
[SUCCESS][CORE_2][pid 100664] exit success!
[SUCCESS][CORE_3][pid 100665] exit success!
[TmSim]: Run in serial mode.
[TmSim]: Run in serial mode.
[TmSim]: Run in serial mode.
[TmSim]: Run in serial mode.
[SUCCESS][CORE_0][pid 100666] exit success!
[SUCCESS][CORE_1][pid 100667] exit success!
[SUCCESS][CORE_2][pid 100668] exit success!
[SUCCESS][CORE_3][pid 100669] exit success!
MTP slot-derived context, duplicate and missing page cases passed
[TmSim]: Run in serial mode.
[TmSim]: Run in serial mode.
[TmSim]: Run in serial mode.
[SUCCESS][CORE_0][pid 100670] exit success!
[SUCCESS][CORE_1][pid 100671] exit success!
[TmSim]: Run in serial mode.
[SUCCESS][CORE_2][pid 100672] exit success!
[SUCCESS][CORE_3][pid 100673] exit success!
[TmSim]: Run in serial mode.
[TmSim]: Run in serial mode.
[TmSim]: Run in serial mode.
[TmSim]: Run in serial mode.
[TmSim]: Run in serial mode.
[TmSim]: Run in serial mode.
[TmSim]: Run in serial mode.
[TmSim]: Run in serial mode.
[TmSim]: Run in serial mode.
[TmSim]: Run in serial mode.
[TmSim]: Run in serial mode.
[TmSim]: Run in serial mode.
[TmSim]: Run in serial mode.
[TmSim]: Run in serial mode.
[TmSim]: Run in serial mode.
[TmSim]: Run in serial mode.
[TmSim]: Run in serial mode.
[TmSim]: Run in serial mode.
[TmSim]: Run in serial mode.
[TmSim]: Run in serial mode.
[TmSim]: Run in serial mode.
[TmSim]: Run in serial mode.
[TmSim]: Run in serial mode.
[TmSim]: Run in serial mode.
[TmSim]: Run in serial mode.
[TmSim]: Run in serial mode.
[TmSim]: Run in serial mode.
[TmSim]: Run in serial mode.
[TmSim]: Run in serial mode.
[TmSim]: Run in serial mode.
[TmSim]: Run in serial mode.
[TmSim]: Run in serial mode.
[TmSim]: Run in serial mode.
[TmSim]: Run in serial mode.
[TmSim]: Run in serial mode.
[TmSim]: Run in serial mode.
[TmSim]: Run in serial mode.
[TmSim]: Run in serial mode.
[TmSim]: Run in serial mode.
[TmSim]: Run in serial mode.
[TmSim]: Run in serial mode.
[TmSim]: Run in serial mode.
[TmSim]: Run in serial mode.
[TmSim]: Run in serial mode.
[TmSim]: Run in serial mode.
[TmSim]: Run in serial mode.
[TmSim]: Run in serial mode.
[TmSim]: Run in serial mode.
[TmSim]: Run in serial mode.
[TmSim]: Run in serial mode.
[TmSim]: Run in serial mode.
[TmSim]: Run in serial mode.
[TmSim]: Run in serial mode.
[TmSim]: Run in serial mode.
[TmSim]: Run in serial mode.
[TmSim]: Run in serial mode.
[TmSim]: Run in serial mode.
[TmSim]: Run in serial mode.
[SUCCESS][AIC_0][pid 100674] exit success!
[TmSim]: Run in serial mode.
[TmSim]: Run in serial mode.
[SUCCESS][AIV_0][pid 100675] exit success!
[SUCCESS][AIV_1][pid 100676] exit success!
[SUCCESS][AIC_1][pid 100677] exit success!
[SUCCESS][AIV_2][pid 100678] exit success!
[SUCCESS][AIV_3][pid 100679] exit success!
[SUCCESS][AIC_2][pid 100680] exit success!
[SUCCESS][AIV_4][pid 100681] exit success!
[SUCCESS][AIV_5][pid 100682] exit success!
[SUCCESS][AIC_3][pid 100683] exit success!
[SUCCESS][AIV_6][pid 100684] exit success!
[SUCCESS][AIV_7][pid 100685] exit success!
[SUCCESS][AIC_4][pid 100686] exit success!
[SUCCESS][AIV_8][pid 100687] exit success!
[SUCCESS][AIV_9][pid 100688] exit success!
[SUCCESS][AIC_5][pid 100689] exit success!
[SUCCESS][AIV_10][pid 100690] exit success!
[SUCCESS][AIV_11][pid 100691] exit success!
[SUCCESS][AIC_6][pid 100692] exit success!
[SUCCESS][AIV_12][pid 100693] exit success!
[SUCCESS][AIV_13][pid 100694] exit success!
[SUCCESS][AIC_7][pid 100695] exit success!
[SUCCESS][AIV_14][pid 100696] exit success!
[SUCCESS][AIV_15][pid 100697] exit success!
[SUCCESS][AIC_8][pid 100698] exit success!
[SUCCESS][AIV_16][pid 100699] exit success!
[SUCCESS][AIV_17][pid 100700] exit success!
[SUCCESS][AIC_9][pid 100701] exit success!
[SUCCESS][AIV_18][pid 100702] exit success!
[SUCCESS][AIV_19][pid 100703] exit success!
[SUCCESS][AIC_10][pid 100704] exit success!
[SUCCESS][AIV_20][pid 100705] exit success!
[SUCCESS][AIV_21][pid 100706] exit success!
[SUCCESS][AIC_11][pid 100707] exit success!
[SUCCESS][AIV_22][pid 100708] exit success!
[SUCCESS][AIV_23][pid 100709] exit success!
[SUCCESS][AIC_12][pid 100710] exit success!
[SUCCESS][AIV_24][pid 100711] exit success!
[SUCCESS][AIV_25][pid 100712] exit success!
[SUCCESS][AIC_13][pid 100713] exit success!
[SUCCESS][AIV_26][pid 100714] exit success!
[SUCCESS][AIV_27][pid 100715] exit success!
[SUCCESS][AIC_14][pid 100716] exit success!
[SUCCESS][AIV_28][pid 100717] exit success!
[SUCCESS][AIV_29][pid 100718] exit success!
[SUCCESS][AIC_15][pid 100719] exit success!
[SUCCESS][AIV_30][pid 100720] exit success!
[SUCCESS][AIV_31][pid 100721] exit success!
[SUCCESS][AIC_16][pid 100722] exit success!
[SUCCESS][AIV_32][pid 100723] exit success!
[SUCCESS][AIV_33][pid 100724] exit success!
[SUCCESS][AIC_17][pid 100725] exit success!
[SUCCESS][AIV_34][pid 100726] exit success!
[SUCCESS][AIV_35][pid 100727] exit success!
[SUCCESS][AIC_18][pid 100728] exit success!
[SUCCESS][AIV_36][pid 100729] exit success!
[SUCCESS][AIV_37][pid 100730] exit success!
[SUCCESS][AIC_19][pid 100731] exit success!
[SUCCESS][AIV_38][pid 100732] exit success!
[SUCCESS][AIV_39][pid 100733] exit success!
splits=20 empty_segments=21
[TmSim]: Run in serial mode.
[TmSim]: Run in serial mode.
[TmSim]: Run in serial mode.
[SUCCESS][CORE_0][pid 100735] exit success!
[SUCCESS][CORE_1][pid 100736] exit success!
[TmSim]: Run in serial mode.
[SUCCESS][CORE_2][pid 100737] exit success!
[SUCCESS][CORE_3][pid 100738] exit success!
max_abs=3.57628e-07 file=/home/sunao2000.linux/gpt_new_oscar/artifacts/cv_cpu_cases/d64_q4_c65_s20/expected_output.bin
max_abs=4.76837e-07 file=/home/sunao2000.linux/gpt_new_oscar/artifacts/cv_cpu_cases/d64_q4_c65_s20/expected_lse.bin
{"backend":"ascendc_cpu_debug","op":"attention_cv","status":"passed"}
RESULT {"phase": "010-attention_cv", "command": ["/home/sunao2000.linux/gpt_new_oscar/build/cpu/oscar_cv_cpu", "attention_cv", "/home/sunao2000.linux/gpt_new_oscar/artifacts/cv_cpu_cases/d64_q4_c65_s20"], "returncode": 0, "elapsed_seconds": 3.837643, "timed_out": false, "interrupted": false, "log": "/home/sunao2000.linux/gpt_new_oscar/logs/vm-cv/010-attention_cv.log", "cleanup_complete": true}
[oscar] PASSED phase=010-attention_cv rc=0 log=logs/vm-cv/010-attention_cv.log
START phase=011-attention_cv cwd=/home/sunao2000.linux/gpt_new_oscar command=["/home/sunao2000.linux/gpt_new_oscar/build/cpu/oscar_cv_cpu", "attention_cv", "/home/sunao2000.linux/gpt_new_oscar/artifacts/cv_cpu_cases/d256_q4_c511_s20"]
[TmSim]: Run in serial mode.
[TmSim]: Run in serial mode.
[TmSim]: Run in serial mode.
[TmSim]: Run in serial mode.
[SUCCESS][CORE_0][pid 100741] exit success!
[SUCCESS][CORE_1][pid 100742] exit success!
[SUCCESS][CORE_2][pid 100743] exit success!
[SUCCESS][CORE_3][pid 100744] exit success!
[TmSim]: Run in serial mode.
[TmSim]: Run in serial mode.
[TmSim]: Run in serial mode.
[TmSim]: Run in serial mode.
[SUCCESS][CORE_0][pid 100745] exit success!
[SUCCESS][CORE_1][pid 100746] exit success!
[SUCCESS][CORE_2][pid 100747] exit success!
[SUCCESS][CORE_3][pid 100748] exit success!
metadata padded request and changed-slot cases passed
[TmSim]: Run in serial mode.
[TmSim]: Run in serial mode.
[TmSim]: Run in serial mode.
[TmSim]: Run in serial mode.
[SUCCESS][CORE_0][pid 100749] exit success!
[SUCCESS][CORE_1][pid 100750] exit success!
[SUCCESS][CORE_2][pid 100751] exit success!
[SUCCESS][CORE_3][pid 100752] exit success!
[TmSim]: Run in serial mode.
[SUCCESS][CORE_0][pid 100753] exit success!
[TmSim]: Run in serial mode.
[TmSim]: Run in serial mode.
[TmSim]: Run in serial mode.
[SUCCESS][CORE_1][pid 100754] exit success!
[SUCCESS][CORE_2][pid 100755] exit success!
[SUCCESS][CORE_3][pid 100756] exit success!
[TmSim]: Run in serial mode.
[TmSim]: Run in serial mode.
[TmSim]: Run in serial mode.
[TmSim]: Run in serial mode.
[SUCCESS][CORE_0][pid 100757] exit success!
[SUCCESS][CORE_1][pid 100758] exit success!
[SUCCESS][CORE_2][pid 100759] exit success!
[SUCCESS][CORE_3][pid 100760] exit success!
MTP slot-derived context, duplicate and missing page cases passed
[TmSim]: Run in serial mode.
[TmSim]: Run in serial mode.
[TmSim]: Run in serial mode.
[TmSim]: Run in serial mode.
[SUCCESS][CORE_0][pid 100761] exit success!
[SUCCESS][CORE_1][pid 100762] exit success!
[SUCCESS][CORE_2][pid 100763] exit success!
[SUCCESS][CORE_3][pid 100764] exit success!
[TmSim]: Run in serial mode.
[TmSim]: Run in serial mode.
[TmSim]: Run in serial mode.
[TmSim]: Run in serial mode.
[TmSim]: Run in serial mode.
[TmSim]: Run in serial mode.
[TmSim]: Run in serial mode.
[TmSim]: Run in serial mode.
[TmSim]: Run in serial mode.
[TmSim]: Run in serial mode.
[TmSim]: Run in serial mode.
[TmSim]: Run in serial mode.
[oscar] phase=cv-debug running seconds=30.1 log=/Users/sunao2000/gpt_new_oscar/reports/vm/logs/cv-debug.log
[TmSim]: Run in serial mode.
[TmSim]: Run in serial mode.
[TmSim]: Run in serial mode.
[TmSim]: Run in serial mode.
[TmSim]: Run in serial mode.
[TmSim]: Run in serial mode.
[TmSim]: Run in serial mode.
[TmSim]: Run in serial mode.
[TmSim]: Run in serial mode.
[TmSim]: Run in serial mode.
[TmSim]: Run in serial mode.
[TmSim]: Run in serial mode.
[TmSim]: Run in serial mode.
[TmSim]: Run in serial mode.
[TmSim]: Run in serial mode.
[TmSim]: Run in serial mode.
[TmSim]: Run in serial mode.
[TmSim]: Run in serial mode.
[TmSim]: Run in serial mode.
[TmSim]: Run in serial mode.
[TmSim]: Run in serial mode.
[TmSim]: Run in serial mode.
[TmSim]: Run in serial mode.
[TmSim]: Run in serial mode.
[TmSim]: Run in serial mode.
[TmSim]: Run in serial mode.
[TmSim]: Run in serial mode.
[TmSim]: Run in serial mode.
[TmSim]: Run in serial mode.
[TmSim]: Run in serial mode.
[TmSim]: Run in serial mode.
[TmSim]: Run in serial mode.
[TmSim]: Run in serial mode.
[TmSim]: Run in serial mode.
[TmSim]: Run in serial mode.
[TmSim]: Run in serial mode.
[TmSim]: Run in serial mode.
[TmSim]: Run in serial mode.
[TmSim]: Run in serial mode.
[TmSim]: Run in serial mode.
[TmSim]: Run in serial mode.
[TmSim]: Run in serial mode.
[TmSim]: Run in serial mode.
[TmSim]: Run in serial mode.
[TmSim]: Run in serial mode.
[SUCCESS][AIC_0][pid 100765] exit success!
[TmSim]: Run in serial mode.
[TmSim]: Run in serial mode.
[TmSim]: Run in serial mode.
[SUCCESS][AIV_0][pid 100766] exit success!
[SUCCESS][AIV_1][pid 100767] exit success!
[SUCCESS][AIC_1][pid 100768] exit success!
[SUCCESS][AIV_2][pid 100769] exit success!
[SUCCESS][AIV_3][pid 100770] exit success!
[SUCCESS][AIC_2][pid 100771] exit success!
[SUCCESS][AIV_4][pid 100772] exit success!
[SUCCESS][AIV_5][pid 100773] exit success!
[SUCCESS][AIC_3][pid 100774] exit success!
[SUCCESS][AIV_6][pid 100775] exit success!
[SUCCESS][AIV_7][pid 100776] exit success!
[SUCCESS][AIC_4][pid 100777] exit success!
[SUCCESS][AIV_8][pid 100778] exit success!
[SUCCESS][AIV_9][pid 100779] exit success!
[SUCCESS][AIC_5][pid 100780] exit success!
[SUCCESS][AIV_10][pid 100781] exit success!
[SUCCESS][AIV_11][pid 100782] exit success!
[SUCCESS][AIC_6][pid 100783] exit success!
[SUCCESS][AIV_12][pid 100784] exit success!
[SUCCESS][AIV_13][pid 100785] exit success!
[SUCCESS][AIC_7][pid 100786] exit success!
[SUCCESS][AIV_14][pid 100787] exit success!
[SUCCESS][AIV_15][pid 100788] exit success!
[SUCCESS][AIC_8][pid 100789] exit success!
[SUCCESS][AIV_16][pid 100790] exit success!
[SUCCESS][AIV_17][pid 100791] exit success!
[SUCCESS][AIC_9][pid 100792] exit success!
[SUCCESS][AIV_18][pid 100793] exit success!
[SUCCESS][AIV_19][pid 100794] exit success!
[SUCCESS][AIC_10][pid 100795] exit success!
[SUCCESS][AIV_20][pid 100796] exit success!
[SUCCESS][AIV_21][pid 100797] exit success!
[SUCCESS][AIC_11][pid 100798] exit success!
[SUCCESS][AIV_22][pid 100799] exit success!
[SUCCESS][AIV_23][pid 100800] exit success!
[SUCCESS][AIC_12][pid 100801] exit success!
[SUCCESS][AIV_24][pid 100802] exit success!
[SUCCESS][AIV_25][pid 100803] exit success!
[SUCCESS][AIC_13][pid 100804] exit success!
[SUCCESS][AIV_26][pid 100805] exit success!
[SUCCESS][AIV_27][pid 100806] exit success!
[SUCCESS][AIC_14][pid 100807] exit success!
[SUCCESS][AIV_28][pid 100808] exit success!
[SUCCESS][AIV_29][pid 100809] exit success!
[SUCCESS][AIC_15][pid 100810] exit success!
[SUCCESS][AIV_30][pid 100811] exit success!
[SUCCESS][AIV_31][pid 100812] exit success!
[SUCCESS][AIC_16][pid 100813] exit success!
[SUCCESS][AIV_32][pid 100814] exit success!
[SUCCESS][AIV_33][pid 100815] exit success!
[SUCCESS][AIC_17][pid 100816] exit success!
[SUCCESS][AIV_34][pid 100817] exit success!
[SUCCESS][AIV_35][pid 100818] exit success!
[SUCCESS][AIC_18][pid 100819] exit success!
[SUCCESS][AIV_36][pid 100820] exit success!
[SUCCESS][AIV_37][pid 100821] exit success!
[SUCCESS][AIC_19][pid 100822] exit success!
[SUCCESS][AIV_38][pid 100823] exit success!
[SUCCESS][AIV_39][pid 100824] exit success!
splits=20 empty_segments=18
[TmSim]: Run in serial mode.
[TmSim]: Run in serial mode.
[SUCCESS][CORE_0][pid 100828] exit success!
[SUCCESS][CORE_1][pid 100829] exit success!
[TmSim]: Run in serial mode.
[SUCCESS][CORE_2][pid 100830] exit success!
[TmSim]: Run in serial mode.
[SUCCESS][CORE_3][pid 100831] exit success!
max_abs=8.9407e-07 file=/home/sunao2000.linux/gpt_new_oscar/artifacts/cv_cpu_cases/d256_q4_c511_s20/expected_output.bin
max_abs=4.76837e-07 file=/home/sunao2000.linux/gpt_new_oscar/artifacts/cv_cpu_cases/d256_q4_c511_s20/expected_lse.bin
{"backend":"ascendc_cpu_debug","op":"attention_cv","status":"passed"}
RESULT {"phase": "011-attention_cv", "command": ["/home/sunao2000.linux/gpt_new_oscar/build/cpu/oscar_cv_cpu", "attention_cv", "/home/sunao2000.linux/gpt_new_oscar/artifacts/cv_cpu_cases/d256_q4_c511_s20"], "returncode": 0, "elapsed_seconds": 7.477334, "timed_out": false, "interrupted": false, "log": "/home/sunao2000.linux/gpt_new_oscar/logs/vm-cv/011-attention_cv.log", "cleanup_complete": true}
[oscar] PASSED phase=011-attention_cv rc=0 log=logs/vm-cv/011-attention_cv.log
START phase=012-attention_cv cwd=/home/sunao2000.linux/gpt_new_oscar command=["/home/sunao2000.linux/gpt_new_oscar/build/cpu/oscar_cv_cpu", "attention_cv", "/home/sunao2000.linux/gpt_new_oscar/artifacts/cv_cpu_cases/d64_q4_c0_s20"]
[TmSim]: Run in serial mode.
[TmSim]: Run in serial mode.
[TmSim]: Run in serial mode.
[TmSim]: Run in serial mode.
[SUCCESS][CORE_0][pid 100834] exit success!
[SUCCESS][CORE_1][pid 100835] exit success!
[SUCCESS][CORE_2][pid 100836] exit success!
[SUCCESS][CORE_3][pid 100837] exit success!
[TmSim]: Run in serial mode.
[TmSim]: Run in serial mode.
[TmSim]: Run in serial mode.
[TmSim]: Run in serial mode.
[SUCCESS][CORE_0][pid 100838] exit success!
[SUCCESS][CORE_1][pid 100839] exit success!
[SUCCESS][CORE_2][pid 100840] exit success!
[SUCCESS][CORE_3][pid 100841] exit success!
metadata padded request and changed-slot cases passed
[TmSim]: Run in serial mode.
[TmSim]: Run in serial mode.
[TmSim]: Run in serial mode.
[TmSim]: Run in serial mode.
[SUCCESS][CORE_0][pid 100842] exit success!
[SUCCESS][CORE_1][pid 100843] exit success!
[SUCCESS][CORE_2][pid 100844] exit success!
[SUCCESS][CORE_3][pid 100845] exit success!
[TmSim]: Run in serial mode.
[TmSim]: Run in serial mode.
[TmSim]: Run in serial mode.
[TmSim]: Run in serial mode.
[SUCCESS][CORE_0][pid 100846] exit success!
[SUCCESS][CORE_1][pid 100847] exit success!
[SUCCESS][CORE_2][pid 100848] exit success!
[SUCCESS][CORE_3][pid 100849] exit success!
[TmSim]: Run in serial mode.
[TmSim]: Run in serial mode.
[TmSim]: Run in serial mode.
[TmSim]: Run in serial mode.
[SUCCESS][CORE_0][pid 100850] exit success!
[SUCCESS][CORE_1][pid 100851] exit success!
[SUCCESS][CORE_2][pid 100852] exit success!
[SUCCESS][CORE_3][pid 100853] exit success!
MTP slot-derived context, duplicate and missing page cases passed
[TmSim]: Run in serial mode.
[TmSim]: Run in serial mode.
[TmSim]: Run in serial mode.
[TmSim]: Run in serial mode.
[SUCCESS][CORE_0][pid 100854] exit success!
[SUCCESS][CORE_1][pid 100855] exit success!
[SUCCESS][CORE_2][pid 100856] exit success!
[SUCCESS][CORE_3][pid 100857] exit success!
[TmSim]: Run in serial mode.
[TmSim]: Run in serial mode.
[TmSim]: Run in serial mode.
[TmSim]: Run in serial mode.
[TmSim]: Run in serial mode.
[TmSim]: Run in serial mode.
[TmSim]: Run in serial mode.
[TmSim]: Run in serial mode.
[TmSim]: Run in serial mode.
[TmSim]: Run in serial mode.
[TmSim]: Run in serial mode.
[TmSim]: Run in serial mode.
[TmSim]: Run in serial mode.
[TmSim]: Run in serial mode.
[TmSim]: Run in serial mode.
[TmSim]: Run in serial mode.
[TmSim]: Run in serial mode.
[TmSim]: Run in serial mode.
[TmSim]: Run in serial mode.
[TmSim]: Run in serial mode.
[TmSim]: Run in serial mode.
[TmSim]: Run in serial mode.
[TmSim]: Run in serial mode.
[TmSim]: Run in serial mode.
[TmSim]: Run in serial mode.
[TmSim]: Run in serial mode.
[TmSim]: Run in serial mode.
[TmSim]: Run in serial mode.
[TmSim]: Run in serial mode.
[TmSim]: Run in serial mode.
[TmSim]: Run in serial mode.
[TmSim]: Run in serial mode.
[TmSim]: Run in serial mode.
[TmSim]: Run in serial mode.
[TmSim]: Run in serial mode.
[TmSim]: Run in serial mode.
[TmSim]: Run in serial mode.
[TmSim]: Run in serial mode.
[TmSim]: Run in serial mode.
[TmSim]: Run in serial mode.
[TmSim]: Run in serial mode.
[TmSim]: Run in serial mode.
[TmSim]: Run in serial mode.
[TmSim]: Run in serial mode.
[TmSim]: Run in serial mode.
[TmSim]: Run in serial mode.
[TmSim]: Run in serial mode.
[TmSim]: Run in serial mode.
[TmSim]: Run in serial mode.
[TmSim]: Run in serial mode.
[TmSim]: Run in serial mode.
[SUCCESS][AIC_0][pid 100858] exit success!
[TmSim]: Run in serial mode.
[TmSim]: Run in serial mode.
[TmSim]: Run in serial mode.
[TmSim]: Run in serial mode.
[TmSim]: Run in serial mode.
[TmSim]: Run in serial mode.
[TmSim]: Run in serial mode.
[TmSim]: Run in serial mode.
[SUCCESS][AIV_0][pid 100859] exit success!
[SUCCESS][AIV_1][pid 100860] exit success!
[SUCCESS][AIC_1][pid 100861] exit success!
[TmSim]: Run in serial mode.
[SUCCESS][AIV_2][pid 100862] exit success!
[SUCCESS][AIV_3][pid 100863] exit success!
[SUCCESS][AIC_2][pid 100864] exit success!
[SUCCESS][AIV_4][pid 100865] exit success!
[SUCCESS][AIV_5][pid 100866] exit success!
[SUCCESS][AIC_3][pid 100867] exit success!
[SUCCESS][AIV_6][pid 100868] exit success!
[SUCCESS][AIV_7][pid 100869] exit success!
[SUCCESS][AIC_4][pid 100870] exit success!
[SUCCESS][AIV_8][pid 100871] exit success!
[SUCCESS][AIV_9][pid 100872] exit success!
[SUCCESS][AIC_5][pid 100873] exit success!
[SUCCESS][AIV_10][pid 100874] exit success!
[SUCCESS][AIV_11][pid 100875] exit success!
[SUCCESS][AIC_6][pid 100876] exit success!
[SUCCESS][AIV_12][pid 100877] exit success!
[SUCCESS][AIV_13][pid 100878] exit success!
[SUCCESS][AIC_7][pid 100879] exit success!
[SUCCESS][AIV_14][pid 100880] exit success!
[SUCCESS][AIV_15][pid 100881] exit success!
[SUCCESS][AIC_8][pid 100882] exit success!
[SUCCESS][AIV_16][pid 100883] exit success!
[SUCCESS][AIV_17][pid 100884] exit success!
[SUCCESS][AIC_9][pid 100885] exit success!
[SUCCESS][AIV_18][pid 100886] exit success!
[SUCCESS][AIV_19][pid 100887] exit success!
[SUCCESS][AIC_10][pid 100888] exit success!
[SUCCESS][AIV_20][pid 100889] exit success!
[SUCCESS][AIV_21][pid 100890] exit success!
[SUCCESS][AIC_11][pid 100891] exit success!
[SUCCESS][AIV_22][pid 100892] exit success!
[SUCCESS][AIV_23][pid 100893] exit success!
[SUCCESS][AIC_12][pid 100894] exit success!
[SUCCESS][AIV_24][pid 100895] exit success!
[SUCCESS][AIV_25][pid 100896] exit success!
[SUCCESS][AIC_13][pid 100897] exit success!
[SUCCESS][AIV_26][pid 100898] exit success!
[SUCCESS][AIV_27][pid 100899] exit success!
[SUCCESS][AIC_14][pid 100900] exit success!
[SUCCESS][AIV_28][pid 100901] exit success!
[SUCCESS][AIV_29][pid 100902] exit success!
[SUCCESS][AIC_15][pid 100903] exit success!
[SUCCESS][AIV_30][pid 100904] exit success!
[SUCCESS][AIV_31][pid 100905] exit success!
[SUCCESS][AIC_16][pid 100906] exit success!
[SUCCESS][AIV_32][pid 100907] exit success!
[SUCCESS][AIV_33][pid 100908] exit success!
[SUCCESS][AIC_17][pid 100909] exit success!
[SUCCESS][AIV_34][pid 100910] exit success!
[SUCCESS][AIV_35][pid 100911] exit success!
[SUCCESS][AIC_18][pid 100912] exit success!
[SUCCESS][AIV_36][pid 100913] exit success!
[SUCCESS][AIV_37][pid 100914] exit success!
[SUCCESS][AIC_19][pid 100915] exit success!
[SUCCESS][AIV_38][pid 100916] exit success!
[SUCCESS][AIV_39][pid 100917] exit success!
splits=20 empty_segments=56
[TmSim]: Run in serial mode.
[TmSim]: Run in serial mode.
[SUCCESS][CORE_0][pid 100918] exit success!
[SUCCESS][CORE_1][pid 100919] exit success!
[TmSim]: Run in serial mode.
[SUCCESS][CORE_2][pid 100920] exit success!
[TmSim]: Run in serial mode.
[SUCCESS][CORE_3][pid 100921] exit success!
max_abs=2.38419e-07 file=/home/sunao2000.linux/gpt_new_oscar/artifacts/cv_cpu_cases/d64_q4_c0_s20/expected_output.bin
max_abs=2.38419e-07 file=/home/sunao2000.linux/gpt_new_oscar/artifacts/cv_cpu_cases/d64_q4_c0_s20/expected_lse.bin
{"backend":"ascendc_cpu_debug","op":"attention_cv","status":"passed"}
RESULT {"phase": "012-attention_cv", "command": ["/home/sunao2000.linux/gpt_new_oscar/build/cpu/oscar_cv_cpu", "attention_cv", "/home/sunao2000.linux/gpt_new_oscar/artifacts/cv_cpu_cases/d64_q4_c0_s20"], "returncode": 0, "elapsed_seconds": 1.425257, "timed_out": false, "interrupted": false, "log": "/home/sunao2000.linux/gpt_new_oscar/logs/vm-cv/012-attention_cv.log", "cleanup_complete": true}
[oscar] PASSED phase=012-attention_cv rc=0 log=logs/vm-cv/012-attention_cv.log
START phase=013-attention_cv cwd=/home/sunao2000.linux/gpt_new_oscar command=["/home/sunao2000.linux/gpt_new_oscar/build/cpu/oscar_cv_cpu", "attention_cv", "/home/sunao2000.linux/gpt_new_oscar/artifacts/cv_cpu_cases/d64_mixed_q1q4"]
[TmSim]: Run in serial mode.
[TmSim]: Run in serial mode.
[TmSim]: Run in serial mode.
[TmSim]: Run in serial mode.
[SUCCESS][CORE_0][pid 100924] exit success!
[SUCCESS][CORE_1][pid 100925] exit success!
[SUCCESS][CORE_2][pid 100926] exit success!
[SUCCESS][CORE_3][pid 100927] exit success!
[TmSim]: Run in serial mode.
[TmSim]: Run in serial mode.
[TmSim]: Run in serial mode.
[TmSim]: Run in serial mode.
[SUCCESS][CORE_0][pid 100928] exit success!
[SUCCESS][CORE_1][pid 100929] exit success!
[SUCCESS][CORE_2][pid 100930] exit success!
[SUCCESS][CORE_3][pid 100931] exit success!
metadata padded request and changed-slot cases passed
[TmSim]: Run in serial mode.
[TmSim]: Run in serial mode.
[TmSim]: Run in serial mode.
[TmSim]: Run in serial mode.
[SUCCESS][CORE_0][pid 100932] exit success!
[SUCCESS][CORE_1][pid 100933] exit success!
[SUCCESS][CORE_2][pid 100934] exit success!
[SUCCESS][CORE_3][pid 100935] exit success!
[TmSim]: Run in serial mode.
[TmSim]: Run in serial mode.
[TmSim]: Run in serial mode.
[TmSim]: Run in serial mode.
[SUCCESS][CORE_0][pid 100936] exit success!
[SUCCESS][CORE_1][pid 100937] exit success!
[SUCCESS][CORE_2][pid 100938] exit success!
[SUCCESS][CORE_3][pid 100939] exit success!
[TmSim]: Run in serial mode.
[TmSim]: Run in serial mode.
[TmSim]: Run in serial mode.
[TmSim]: Run in serial mode.
[SUCCESS][CORE_0][pid 100940] exit success!
[SUCCESS][CORE_1][pid 100941] exit success!
[SUCCESS][CORE_2][pid 100942] exit success!
[SUCCESS][CORE_3][pid 100943] exit success!
MTP slot-derived context, duplicate and missing page cases passed
[TmSim]: Run in serial mode.
[TmSim]: Run in serial mode.
[TmSim]: Run in serial mode.
[TmSim]: Run in serial mode.
[SUCCESS][CORE_0][pid 100944] exit success!
[SUCCESS][CORE_1][pid 100945] exit success!
[SUCCESS][CORE_2][pid 100946] exit success!
[SUCCESS][CORE_3][pid 100947] exit success!
[TmSim]: Run in serial mode.
[SUCCESS][AIC_0][pid 100948] exit success!
[TmSim]: Run in serial mode.
[TmSim]: Run in serial mode.
[SUCCESS][AIV_0][pid 100949] exit success!
[SUCCESS][AIV_1][pid 100950] exit success!
[TmSim]: Run in serial mode.
[SUCCESS][AIC_1][pid 100951] exit success!
[TmSim]: Run in serial mode.
[TmSim]: Run in serial mode.
[SUCCESS][AIV_2][pid 100952] exit success!
[SUCCESS][AIV_3][pid 100953] exit success!
splits=1 empty_segments=1
[TmSim]: Run in serial mode.
[TmSim]: Run in serial mode.
[TmSim]: Run in serial mode.
[TmSim]: Run in serial mode.
[SUCCESS][CORE_0][pid 100954] exit success!
[SUCCESS][CORE_1][pid 100955] exit success!
[SUCCESS][CORE_2][pid 100956] exit success!
[SUCCESS][CORE_3][pid 100957] exit success!
max_abs=4.17233e-07 file=/home/sunao2000.linux/gpt_new_oscar/artifacts/cv_cpu_cases/d64_mixed_q1q4/expected_output.bin
max_abs=4.76837e-07 file=/home/sunao2000.linux/gpt_new_oscar/artifacts/cv_cpu_cases/d64_mixed_q1q4/expected_lse.bin
{"backend":"ascendc_cpu_debug","op":"attention_cv","status":"passed"}
RESULT {"phase": "013-attention_cv", "command": ["/home/sunao2000.linux/gpt_new_oscar/build/cpu/oscar_cv_cpu", "attention_cv", "/home/sunao2000.linux/gpt_new_oscar/artifacts/cv_cpu_cases/d64_mixed_q1q4"], "returncode": 0, "elapsed_seconds": 1.23406, "timed_out": false, "interrupted": false, "log": "/home/sunao2000.linux/gpt_new_oscar/logs/vm-cv/013-attention_cv.log", "cleanup_complete": true}
[oscar] PASSED phase=013-attention_cv rc=0 log=logs/vm-cv/013-attention_cv.log
START phase=014-bad_tag cwd=/home/sunao2000.linux/gpt_new_oscar command=["/home/sunao2000.linux/gpt_new_oscar/build/cpu/oscar_cv_cpu", "bad_tag", "/home/sunao2000.linux/gpt_new_oscar/artifacts/cv_cpu_cases/d64_q4_c65"]
[TmSim]: Run in serial mode.
[TmSim]: Run in serial mode.
[TmSim]: Run in serial mode.
[TmSim]: Run in serial mode.
[SUCCESS][CORE_0][pid 100961] exit success!
[SUCCESS][CORE_1][pid 100962] exit success!
[SUCCESS][CORE_2][pid 100963] exit success!
[SUCCESS][CORE_3][pid 100964] exit success!
[TmSim]: Run in serial mode.
[TmSim]: Run in serial mode.
[TmSim]: Run in serial mode.
[TmSim]: Run in serial mode.
[SUCCESS][CORE_0][pid 100965] exit success!
[SUCCESS][CORE_1][pid 100966] exit success!
[SUCCESS][CORE_2][pid 100967] exit success!
[SUCCESS][CORE_3][pid 100968] exit success!
metadata padded request and changed-slot cases passed
[TmSim]: Run in serial mode.
[TmSim]: Run in serial mode.
[TmSim]: Run in serial mode.
[TmSim]: Run in serial mode.
[SUCCESS][CORE_0][pid 100969] exit success!
[SUCCESS][CORE_1][pid 100970] exit success!
[SUCCESS][CORE_2][pid 100971] exit success!
[SUCCESS][CORE_3][pid 100972] exit success!
[TmSim]: Run in serial mode.
[TmSim]: Run in serial mode.
[TmSim]: Run in serial mode.
[TmSim]: Run in serial mode.
[SUCCESS][CORE_0][pid 100973] exit success!
[SUCCESS][CORE_1][pid 100974] exit success!
[SUCCESS][CORE_2][pid 100975] exit success!
[SUCCESS][CORE_3][pid 100976] exit success!
[TmSim]: Run in serial mode.
[TmSim]: Run in serial mode.
[TmSim]: Run in serial mode.
[TmSim]: Run in serial mode.
[SUCCESS][CORE_0][pid 100977] exit success!
[SUCCESS][CORE_1][pid 100978] exit success!
[SUCCESS][CORE_2][pid 100979] exit success!
[SUCCESS][CORE_3][pid 100980] exit success!
MTP slot-derived context, duplicate and missing page cases passed
[TmSim]: Run in serial mode.
[TmSim]: Run in serial mode.
[TmSim]: Run in serial mode.
[TmSim]: Run in serial mode.
[SUCCESS][CORE_0][pid 100981] exit success!
[SUCCESS][CORE_1][pid 100982] exit success!
[SUCCESS][CORE_2][pid 100983] exit success!
[SUCCESS][CORE_3][pid 100984] exit success!
[TmSim]: Run in serial mode.
[TmSim]: Run in serial mode.
[TmSim]: Run in serial mode.
[TmSim]: Run in serial mode.
[SUCCESS][AIC_0][pid 100985] exit success!
[TmSim]: Run in serial mode.
[TmSim]: Run in serial mode.
[SUCCESS][AIV_0][pid 100986] exit success!
[SUCCESS][AIV_1][pid 100987] exit success!
[SUCCESS][AIC_1][pid 100988] exit success!
[SUCCESS][AIV_2][pid 100989] exit success!
[SUCCESS][AIV_3][pid 100990] exit success!
{"backend":"ascendc_cpu_debug","op":"bad_tag","status":"passed"}
RESULT {"phase": "014-bad_tag", "command": ["/home/sunao2000.linux/gpt_new_oscar/build/cpu/oscar_cv_cpu", "bad_tag", "/home/sunao2000.linux/gpt_new_oscar/artifacts/cv_cpu_cases/d64_q4_c65"], "returncode": 0, "elapsed_seconds": 0.93628, "timed_out": false, "interrupted": false, "log": "/home/sunao2000.linux/gpt_new_oscar/logs/vm-cv/014-bad_tag.log", "cleanup_complete": true}
[oscar] PASSED phase=014-bad_tag rc=0 log=logs/vm-cv/014-bad_tag.log
START phase=015-nan_query cwd=/home/sunao2000.linux/gpt_new_oscar command=["/home/sunao2000.linux/gpt_new_oscar/build/cpu/oscar_cv_cpu", "nan_query", "/home/sunao2000.linux/gpt_new_oscar/artifacts/cv_cpu_cases/d64_q4_c65"]
[TmSim]: Run in serial mode.
[TmSim]: Run in serial mode.
[SUCCESS][CORE_0][pid 100993] exit success!
[TmSim]: Run in serial mode.
[SUCCESS][CORE_1][pid 100994] exit success!
[TmSim]: Run in serial mode.
[SUCCESS][CORE_2][pid 100995] exit success!
[SUCCESS][CORE_3][pid 100996] exit success!
[TmSim]: Run in serial mode.
[TmSim]: Run in serial mode.
[TmSim]: Run in serial mode.
[TmSim]: Run in serial mode.
[SUCCESS][CORE_0][pid 100997] exit success!
[SUCCESS][CORE_1][pid 100998] exit success!
[SUCCESS][CORE_2][pid 100999] exit success!
[SUCCESS][CORE_3][pid 101000] exit success!
metadata padded request and changed-slot cases passed
[TmSim]: Run in serial mode.
[TmSim]: Run in serial mode.
[TmSim]: Run in serial mode.
[TmSim]: Run in serial mode.
[SUCCESS][CORE_0][pid 101001] exit success!
[SUCCESS][CORE_1][pid 101002] exit success!
[SUCCESS][CORE_2][pid 101003] exit success!
[SUCCESS][CORE_3][pid 101004] exit success!
[TmSim]: Run in serial mode.
[TmSim]: Run in serial mode.
[TmSim]: Run in serial mode.
[SUCCESS][CORE_0][pid 101005] exit success!
[TmSim]: Run in serial mode.
[SUCCESS][CORE_1][pid 101006] exit success!
[SUCCESS][CORE_2][pid 101007] exit success!
[SUCCESS][CORE_3][pid 101008] exit success!
[TmSim]: Run in serial mode.
[TmSim]: Run in serial mode.
[TmSim]: Run in serial mode.
[TmSim]: Run in serial mode.
[SUCCESS][CORE_0][pid 101009] exit success!
[SUCCESS][CORE_1][pid 101010] exit success!
[SUCCESS][CORE_2][pid 101011] exit success!
[SUCCESS][CORE_3][pid 101012] exit success!
MTP slot-derived context, duplicate and missing page cases passed
[TmSim]: Run in serial mode.
[TmSim]: Run in serial mode.
[SUCCESS][CORE_0][pid 101013] exit success!
[SUCCESS][CORE_1][pid 101014] exit success!
[TmSim]: Run in serial mode.
[TmSim]: Run in serial mode.
[SUCCESS][CORE_2][pid 101015] exit success!
[SUCCESS][CORE_3][pid 101016] exit success!
[TmSim]: Run in serial mode.
[TmSim]: Run in serial mode.
[TmSim]: Run in serial mode.
[TmSim]: Run in serial mode.
[SUCCESS][AIC_0][pid 101017] exit success!
[TmSim]: Run in serial mode.
[TmSim]: Run in serial mode.
[SUCCESS][AIV_0][pid 101018] exit success!
[SUCCESS][AIV_1][pid 101019] exit success!
[SUCCESS][AIC_1][pid 101020] exit success!
[SUCCESS][AIV_2][pid 101021] exit success!
[SUCCESS][AIV_3][pid 101022] exit success!
{"backend":"ascendc_cpu_debug","op":"nan_query","status":"passed"}
RESULT {"phase": "015-nan_query", "command": ["/home/sunao2000.linux/gpt_new_oscar/build/cpu/oscar_cv_cpu", "nan_query", "/home/sunao2000.linux/gpt_new_oscar/artifacts/cv_cpu_cases/d64_q4_c65"], "returncode": 0, "elapsed_seconds": 1.018807, "timed_out": false, "interrupted": false, "log": "/home/sunao2000.linux/gpt_new_oscar/logs/vm-cv/015-nan_query.log", "cleanup_complete": true}
[oscar] PASSED phase=015-nan_query rc=0 log=logs/vm-cv/015-nan_query.log
START phase=016-bad_meta cwd=/home/sunao2000.linux/gpt_new_oscar command=["/home/sunao2000.linux/gpt_new_oscar/build/cpu/oscar_cv_cpu", "bad_meta", "/home/sunao2000.linux/gpt_new_oscar/artifacts/cv_cpu_cases/d64_q4_c65"]
[TmSim]: Run in serial mode.
[TmSim]: Run in serial mode.
[TmSim]: Run in serial mode.
[TmSim]: Run in serial mode.
[SUCCESS][CORE_0][pid 101025] exit success!
[SUCCESS][CORE_1][pid 101026] exit success!
[SUCCESS][CORE_2][pid 101027] exit success!
[SUCCESS][CORE_3][pid 101028] exit success!
[TmSim]: Run in serial mode.
[TmSim]: Run in serial mode.
[TmSim]: Run in serial mode.
[TmSim]: Run in serial mode.
[SUCCESS][CORE_0][pid 101029] exit success!
[SUCCESS][CORE_1][pid 101030] exit success!
[SUCCESS][CORE_2][pid 101031] exit success!
[SUCCESS][CORE_3][pid 101032] exit success!
metadata padded request and changed-slot cases passed
[TmSim]: Run in serial mode.
[TmSim]: Run in serial mode.
[TmSim]: Run in serial mode.
[TmSim]: Run in serial mode.
[SUCCESS][CORE_0][pid 101033] exit success!
[SUCCESS][CORE_1][pid 101034] exit success!
[SUCCESS][CORE_2][pid 101035] exit success!
[SUCCESS][CORE_3][pid 101036] exit success!
[TmSim]: Run in serial mode.
[TmSim]: Run in serial mode.
[TmSim]: Run in serial mode.
[TmSim]: Run in serial mode.
[SUCCESS][CORE_0][pid 101037] exit success!
[SUCCESS][CORE_1][pid 101038] exit success!
[SUCCESS][CORE_2][pid 101039] exit success!
[SUCCESS][CORE_3][pid 101040] exit success!
[TmSim]: Run in serial mode.
[TmSim]: Run in serial mode.
[TmSim]: Run in serial mode.
[TmSim]: Run in serial mode.
[SUCCESS][CORE_0][pid 101041] exit success!
[SUCCESS][CORE_1][pid 101042] exit success!
[SUCCESS][CORE_2][pid 101043] exit success!
[SUCCESS][CORE_3][pid 101044] exit success!
MTP slot-derived context, duplicate and missing page cases passed
[TmSim]: Run in serial mode.
[TmSim]: Run in serial mode.
[TmSim]: Run in serial mode.
[TmSim]: Run in serial mode.
[SUCCESS][CORE_0][pid 101045] exit success!
[SUCCESS][CORE_1][pid 101046] exit success!
[SUCCESS][CORE_2][pid 101047] exit success!
[SUCCESS][CORE_3][pid 101048] exit success!
[TmSim]: Run in serial mode.
[TmSim]: Run in serial mode.
[TmSim]: Run in serial mode.
[TmSim]: Run in serial mode.
[SUCCESS][AIC_0][pid 101049] exit success!
[TmSim]: Run in serial mode.
[TmSim]: Run in serial mode.
[SUCCESS][AIV_0][pid 101050] exit success!
[SUCCESS][AIV_1][pid 101051] exit success!
[SUCCESS][AIC_1][pid 101052] exit success!
[SUCCESS][AIV_2][pid 101053] exit success!
[SUCCESS][AIV_3][pid 101054] exit success!
{"backend":"ascendc_cpu_debug","op":"bad_meta","status":"passed"}
RESULT {"phase": "016-bad_meta", "command": ["/home/sunao2000.linux/gpt_new_oscar/build/cpu/oscar_cv_cpu", "bad_meta", "/home/sunao2000.linux/gpt_new_oscar/artifacts/cv_cpu_cases/d64_q4_c65"], "returncode": 0, "elapsed_seconds": 0.919391, "timed_out": false, "interrupted": false, "log": "/home/sunao2000.linux/gpt_new_oscar/logs/vm-cv/016-bad_meta.log", "cleanup_complete": true}
[oscar] PASSED phase=016-bad_meta rc=0 log=logs/vm-cv/016-bad_meta.log
START phase=017-nan_value cwd=/home/sunao2000.linux/gpt_new_oscar command=["/home/sunao2000.linux/gpt_new_oscar/build/cpu/oscar_cv_cpu", "nan_value", "/home/sunao2000.linux/gpt_new_oscar/artifacts/cv_cpu_cases/d64_q4_c65"]
[TmSim]: Run in serial mode.
[TmSim]: Run in serial mode.
[TmSim]: Run in serial mode.
[TmSim]: Run in serial mode.
[SUCCESS][CORE_0][pid 101057] exit success!
[SUCCESS][CORE_1][pid 101058] exit success!
[SUCCESS][CORE_2][pid 101059] exit success!
[SUCCESS][CORE_3][pid 101060] exit success!
[TmSim]: Run in serial mode.
[TmSim]: Run in serial mode.
[TmSim]: Run in serial mode.
[TmSim]: Run in serial mode.
[SUCCESS][CORE_0][pid 101062] exit success!
[SUCCESS][CORE_1][pid 101063] exit success!
[SUCCESS][CORE_2][pid 101064] exit success!
[SUCCESS][CORE_3][pid 101065] exit success!
metadata padded request and changed-slot cases passed
[TmSim]: Run in serial mode.
[TmSim]: Run in serial mode.
[TmSim]: Run in serial mode.
[TmSim]: Run in serial mode.
[SUCCESS][CORE_0][pid 101066] exit success!
[SUCCESS][CORE_1][pid 101067] exit success!
[SUCCESS][CORE_2][pid 101068] exit success!
[SUCCESS][CORE_3][pid 101069] exit success!
[TmSim]: Run in serial mode.
[TmSim]: Run in serial mode.
[TmSim]: Run in serial mode.
[TmSim]: Run in serial mode.
[SUCCESS][CORE_0][pid 101070] exit success!
[SUCCESS][CORE_1][pid 101071] exit success!
[SUCCESS][CORE_2][pid 101072] exit success!
[SUCCESS][CORE_3][pid 101073] exit success!
[TmSim]: Run in serial mode.
[TmSim]: Run in serial mode.
[TmSim]: Run in serial mode.
[TmSim]: Run in serial mode.
[SUCCESS][CORE_0][pid 101074] exit success!
[SUCCESS][CORE_1][pid 101075] exit success!
[SUCCESS][CORE_2][pid 101076] exit success!
[SUCCESS][CORE_3][pid 101077] exit success!
MTP slot-derived context, duplicate and missing page cases passed
[TmSim]: Run in serial mode.
[TmSim]: Run in serial mode.
[TmSim]: Run in serial mode.
[SUCCESS][CORE_0][pid 101078] exit success!
[TmSim]: Run in serial mode.
[SUCCESS][CORE_1][pid 101079] exit success!
[SUCCESS][CORE_2][pid 101080] exit success!
[SUCCESS][CORE_3][pid 101081] exit success!
[TmSim]: Run in serial mode.
[TmSim]: Run in serial mode.
[TmSim]: Run in serial mode.
[TmSim]: Run in serial mode.
[SUCCESS][AIC_0][pid 101082] exit success!
[TmSim]: Run in serial mode.
[TmSim]: Run in serial mode.
[SUCCESS][AIV_0][pid 101083] exit success!
[SUCCESS][AIV_1][pid 101084] exit success!
[SUCCESS][AIC_1][pid 101085] exit success!
[SUCCESS][AIV_2][pid 101086] exit success!
[SUCCESS][AIV_3][pid 101087] exit success!
{"backend":"ascendc_cpu_debug","op":"nan_value","status":"passed"}
RESULT {"phase": "017-nan_value", "command": ["/home/sunao2000.linux/gpt_new_oscar/build/cpu/oscar_cv_cpu", "nan_value", "/home/sunao2000.linux/gpt_new_oscar/artifacts/cv_cpu_cases/d64_q4_c65"], "returncode": 0, "elapsed_seconds": 1.009623, "timed_out": false, "interrupted": false, "log": "/home/sunao2000.linux/gpt_new_oscar/logs/vm-cv/017-nan_value.log", "cleanup_complete": true}
[oscar] PASSED phase=017-nan_value rc=0 log=logs/vm-cv/017-nan_value.log
{
  "backend": "official_ascendc_cpu_debug",
  "status": "passed",
  "cases": [
    {
      "op": "attention_cv",
      "path": "artifacts/cv_cpu_cases/d64_q1_c17",
      "status": "passed",
      "returncode": 0,
      "log": "/home/sunao2000.linux/gpt_new_oscar/logs/vm-cv/000-attention_cv.log"
    },
    {
      "op": "attention_cv",
      "path": "artifacts/cv_cpu_cases/d64_q4_c65",
      "status": "passed",
      "returncode": 0,
      "log": "/home/sunao2000.linux/gpt_new_oscar/logs/vm-cv/001-attention_cv.log"
    },
    {
      "op": "attention_cv",
      "path": "artifacts/cv_cpu_cases/d64_q4_c0",
      "status": "passed",
      "returncode": 0,
      "log": "/home/sunao2000.linux/gpt_new_oscar/logs/vm-cv/002-attention_cv.log"
    },
    {
      "op": "attention_cv",
      "path": "artifacts/cv_cpu_cases/d128_q4_c129",
      "status": "passed",
      "returncode": 0,
      "log": "/home/sunao2000.linux/gpt_new_oscar/logs/vm-cv/003-attention_cv.log"
    },
    {
      "op": "attention_cv",
      "path": "artifacts/cv_cpu_cases/d256_q4_c511",
      "status": "passed",
      "returncode": 0,
      "log": "/home/sunao2000.linux/gpt_new_oscar/logs/vm-cv/004-attention_cv.log"
    },
    {
      "op": "attention_cv",
      "path": "artifacts/cv_cpu_cases/d64_q17_c65",
      "status": "passed",
      "returncode": 0,
      "log": "/home/sunao2000.linux/gpt_new_oscar/logs/vm-cv/005-attention_cv.log"
    },
    {
      "op": "attention_cv",
      "path": "artifacts/cv_cpu_cases/d64_q4_c65_hk2",
      "status": "passed",
      "returncode": 0,
      "log": "/home/sunao2000.linux/gpt_new_oscar/logs/vm-cv/006-attention_cv.log"
    },
    {
      "op": "attention_cv",
      "path": "artifacts/cv_cpu_cases/d64_q2_c320",
      "status": "passed",
      "returncode": 0,
      "log": "/home/sunao2000.linux/gpt_new_oscar/logs/vm-cv/007-attention_cv.log"
    },
    {
      "op": "attention_cv",
      "path": "artifacts/cv_cpu_cases/d128_q3_c511",
      "status": "passed",
      "returncode": 0,
      "log": "/home/sunao2000.linux/gpt_new_oscar/logs/vm-cv/008-attention_cv.log"
    },
    {
      "op": "attention_cv",
      "path": "artifacts/cv_cpu_cases/d64_q4_c65_s2",
      "status": "passed",
      "returncode": 0,
      "log": "/home/sunao2000.linux/gpt_new_oscar/logs/vm-cv/009-attention_cv.log"
    },
    {
      "op": "attention_cv",
      "path": "artifacts/cv_cpu_cases/d64_q4_c65_s20",
      "status": "passed",
      "returncode": 0,
      "log": "/home/sunao2000.linux/gpt_new_oscar/logs/vm-cv/010-attention_cv.log"
    },
    {
      "op": "attention_cv",
      "path": "artifacts/cv_cpu_cases/d256_q4_c511_s20",
      "status": "passed",
      "returncode": 0,
      "log": "/home/sunao2000.linux/gpt_new_oscar/logs/vm-cv/011-attention_cv.log"
    },
    {
      "op": "attention_cv",
      "path": "artifacts/cv_cpu_cases/d64_q4_c0_s20",
      "status": "passed",
      "returncode": 0,
      "log": "/home/sunao2000.linux/gpt_new_oscar/logs/vm-cv/012-attention_cv.log"
    },
    {
      "op": "attention_cv",
      "path": "artifacts/cv_cpu_cases/d64_mixed_q1q4",
      "status": "passed",
      "returncode": 0,
      "log": "/home/sunao2000.linux/gpt_new_oscar/logs/vm-cv/013-attention_cv.log"
    },
    {
      "op": "bad_tag",
      "path": "artifacts/cv_cpu_cases/d64_q4_c65",
      "status": "passed",
      "returncode": 0,
      "log": "/home/sunao2000.linux/gpt_new_oscar/logs/vm-cv/014-bad_tag.log"
    },
    {
      "op": "nan_query",
      "path": "artifacts/cv_cpu_cases/d64_q4_c65",
      "status": "passed",
      "returncode": 0,
      "log": "/home/sunao2000.linux/gpt_new_oscar/logs/vm-cv/015-nan_query.log"
    },
    {
      "op": "bad_meta",
      "path": "artifacts/cv_cpu_cases/d64_q4_c65",
      "status": "passed",
      "returncode": 0,
      "log": "/home/sunao2000.linux/gpt_new_oscar/logs/vm-cv/016-bad_meta.log"
    },
    {
      "op": "nan_value",
      "path": "artifacts/cv_cpu_cases/d64_q4_c65",
      "status": "passed",
      "returncode": 0,
      "log": "/home/sunao2000.linux/gpt_new_oscar/logs/vm-cv/017-nan_value.log"
    }
  ],
  "npu_acceptance": "not_run"
}
RESULT {"phase": "cv-debug", "command": ["limactl", "shell", "--workdir", "/home/sunao2000.linux/gpt_new_oscar", "oscar", "--", "timeout", "--signal=TERM", "--kill-after=10s", "1900", "bash", "-lc", "source /usr/local/Ascend/cann-9.1.0/set_env.sh; export TORCH_DEVICE_BACKEND_AUTOLOAD=0; .venv/bin/python -m tools.run_cpu_debug --executable build/cpu/oscar_cv_cpu --cases artifacts/cv_cpu_cases/cases.json --output reports/cv_cpu_debug.json --log-dir logs/vm-cv"], "returncode": 0, "elapsed_seconds": 38.330124, "timed_out": false, "interrupted": false, "log": "/Users/sunao2000/gpt_new_oscar/reports/vm/logs/cv-debug.log", "cleanup_complete": true}
[oscar] PASSED phase=cv-debug rc=0 log=/Users/sunao2000/gpt_new_oscar/reports/vm/logs/cv-debug.log
