START phase=install cwd=/Users/sunao2000/gpt_new_oscar command=["limactl", "shell", "--workdir", "/home/sunao2000.linux/gpt_new_oscar", "oscar", "--", "timeout", "--signal=TERM", "--kill-after=10s", "1900", "bash", "-lc", "source /usr/local/Ascend/cann-9.1.0/set_env.sh; export TORCH_DEVICE_BACKEND_AUTOLOAD=0; .venv/bin/python -m pip install --no-build-isolation --no-deps -e ."]
Obtaining file:///home/sunao2000.linux/gpt_new_oscar
  Checking if build backend supports build_editable: started
  Checking if build backend supports build_editable: finished with status 'done'
  Preparing editable metadata (pyproject.toml): started
  Preparing editable metadata (pyproject.toml): finished with status 'done'
Building wheels for collected packages: oscar-ascend-external
  Building editable for oscar-ascend-external (pyproject.toml): started
  Building editable for oscar-ascend-external (pyproject.toml): finished with status 'done'
  Created wheel for oscar-ascend-external: filename=oscar_ascend_external-0.1.0-0.editable-py3-none-any.whl size=3301 sha256=d6a3de34015572527a6ded5140dcc103a4ff81206329405bf916c9d07ec2b5c1
  Stored in directory: /tmp/pip-ephem-wheel-cache-3jzozzpu/wheels/02/cd/80/1e1853719533a3016144b42cef34e511abab4432a6701f8f94
Successfully built oscar-ascend-external
Installing collected packages: oscar-ascend-external
  Attempting uninstall: oscar-ascend-external
    Found existing installation: oscar-ascend-external 0.1.0
    Uninstalling oscar-ascend-external-0.1.0:
      Successfully uninstalled oscar-ascend-external-0.1.0
Successfully installed oscar-ascend-external-0.1.0
RESULT {"phase": "install", "command": ["limactl", "shell", "--workdir", "/home/sunao2000.linux/gpt_new_oscar", "oscar", "--", "timeout", "--signal=TERM", "--kill-after=10s", "1900", "bash", "-lc", "source /usr/local/Ascend/cann-9.1.0/set_env.sh; export TORCH_DEVICE_BACKEND_AUTOLOAD=0; .venv/bin/python -m pip install --no-build-isolation --no-deps -e ."], "returncode": 0, "elapsed_seconds": 1.031182, "timed_out": false, "interrupted": false, "log": "/Users/sunao2000/gpt_new_oscar/reports/vm/logs/install.log", "cleanup_complete": true}
[oscar] PASSED phase=install rc=0 log=/Users/sunao2000/gpt_new_oscar/reports/vm/logs/install.log
START phase=device-build cwd=/Users/sunao2000/gpt_new_oscar command=["limactl", "shell", "--workdir", "/home/sunao2000.linux/gpt_new_oscar", "oscar", "--", "timeout", "--signal=TERM", "--kill-after=10s", "1900", "bash", "-lc", "source /usr/local/Ascend/cann-9.1.0/set_env.sh; export TORCH_DEVICE_BACKEND_AUTOLOAD=0; .venv/bin/python -m tools.build_ops --soc ascend910b4 --log-dir logs/vm-verify-device"]
START phase=configure-1 cwd=/home/sunao2000.linux/gpt_new_oscar command=["cmake", "-S", "/home/sunao2000.linux/gpt_new_oscar/csrc", "-B", "/home/sunao2000.linux/gpt_new_oscar/build/ascendc", "-DASCEND_HOME_PATH=/usr/local/Ascend/cann-9.1.0", "-DASCEND_CANN_PACKAGE_PATH=/usr/local/Ascend/cann-9.1.0", "-DASCEND_TOOLKIT_HOME=/usr/local/Ascend/cann-9.1.0", "-DSOC_VERSION=ascend910b4", "-DASCEND_COMPUTE_UNIT=ascend910b4", "-DTORCH_NPU_PATH=/home/sunao2000.linux/.local/lib/python3.12/site-packages/torch_npu", "-DOSCAR_BUILD_SIGNATURE=d822252e169cca9c67631a55425fcda5c91ea25c31dbe623b271f954d6532f53", "-DPython3_EXECUTABLE=/home/sunao2000.linux/gpt_new_oscar/.venv/bin/python", "-DCMAKE_BUILD_TYPE=Release"]
-- The CXX compiler identification is GNU 13.3.0
-- Detecting CXX compiler ABI info
-- Detecting CXX compiler ABI info - done
-- Check for working CXX compiler: /usr/bin/c++ - skipped
-- Detecting CXX compile features
-- Detecting CXX compile features - done
-- Found Python3: /home/sunao2000.linux/gpt_new_oscar/.venv/bin/python (found version "3.12.3") found components: Interpreter Development.Module 
-- Performing Test HAS_FLTO_AUTO
-- Performing Test HAS_FLTO_AUTO - Success
-- Found pybind11: /home/sunao2000.linux/gpt_new_oscar/.venv/lib/python3.12/site-packages/pybind11/include (found version "3.1.0")
CMake Warning at /home/sunao2000.linux/gpt_new_oscar/.venv/lib/python3.12/site-packages/torch/share/cmake/Torch/TorchConfig.cmake:22 (message):
  library kineto not found.
Call Stack (most recent call first):
  /home/sunao2000.linux/gpt_new_oscar/.venv/lib/python3.12/site-packages/torch/share/cmake/Torch/TorchConfig.cmake:119 (append_torchlib_if_found)
  CMakeLists.txt:19 (find_package)


-- Found Torch: /home/sunao2000.linux/gpt_new_oscar/.venv/lib/python3.12/site-packages/torch/lib/libtorch.so  
-- Configuring done (1.7s)
-- Generating done (0.0s)
CMake Warning:
  Manually-specified variables were not used by the project:

    ASCEND_TOOLKIT_HOME


-- Build files have been written to: /home/sunao2000.linux/gpt_new_oscar/build/ascendc
RESULT {"phase": "configure-1", "command": ["cmake", "-S", "/home/sunao2000.linux/gpt_new_oscar/csrc", "-B", "/home/sunao2000.linux/gpt_new_oscar/build/ascendc", "-DASCEND_HOME_PATH=/usr/local/Ascend/cann-9.1.0", "-DASCEND_CANN_PACKAGE_PATH=/usr/local/Ascend/cann-9.1.0", "-DASCEND_TOOLKIT_HOME=/usr/local/Ascend/cann-9.1.0", "-DSOC_VERSION=ascend910b4", "-DASCEND_COMPUTE_UNIT=ascend910b4", "-DTORCH_NPU_PATH=/home/sunao2000.linux/.local/lib/python3.12/site-packages/torch_npu", "-DOSCAR_BUILD_SIGNATURE=d822252e169cca9c67631a55425fcda5c91ea25c31dbe623b271f954d6532f53", "-DPython3_EXECUTABLE=/home/sunao2000.linux/gpt_new_oscar/.venv/bin/python", "-DCMAKE_BUILD_TYPE=Release"], "returncode": 0, "elapsed_seconds": 1.852807, "timed_out": false, "interrupted": false, "log": "/home/sunao2000.linux/gpt_new_oscar/logs/vm-verify-device/configure-1.log", "cleanup_complete": true}
[oscar] PASSED phase=configure-1 rc=0 log=logs/vm-verify-device/configure-1.log
START phase=compile-1 cwd=/home/sunao2000.linux/gpt_new_oscar command=["cmake", "--build", "/home/sunao2000.linux/gpt_new_oscar/build/ascendc", "--parallel", "8"]
[  2%] Creating directories for 'oscar_ascend_kernels_precompile'
[  4%] No download step for 'oscar_ascend_kernels_precompile'
[  6%] No update step for 'oscar_ascend_kernels_precompile'
[  8%] No patch step for 'oscar_ascend_kernels_precompile'
[ 10%] Performing configure step for 'oscar_ascend_kernels_precompile'
-- The C compiler identification is GNU 13.3.0
-- The CXX compiler identification is GNU 13.3.0
-- Detecting C compiler ABI info
-- Detecting C compiler ABI info - done
-- Check for working C compiler: /usr/bin/cc - skipped
-- Detecting C compile features
-- Detecting C compile features - done
-- Detecting CXX compiler ABI info
-- Detecting CXX compiler ABI info - done
-- Check for working CXX compiler: /usr/bin/c++ - skipped
-- Detecting CXX compile features
-- Detecting CXX compile features - done
-- Configuring done (0.2s)
-- Generating done (0.0s)
CMake Warning:
  Manually-specified variables were not used by the project:

    DYNAMIC_MODE
    INCLUDE_DIR


-- Build files have been written to: /home/sunao2000.linux/gpt_new_oscar/build/ascendc/oscar_ascend_kernels_precompile-prefix/src/oscar_ascend_kernels_precompile-build
[ 12%] Performing build step for 'oscar_ascend_kernels_precompile'
[ 33%] Building CXX object CMakeFiles/precompile_obj.dir/home/sunao2000.linux/gpt_new_oscar/csrc/kernels/attention_tasks.cpp.o
[ 66%] Building CXX object CMakeFiles/precompile_obj.dir/home/sunao2000.linux/gpt_new_oscar/csrc/kernels/store_int2.cpp.o
[ 66%] Building CXX object CMakeFiles/precompile_obj.dir/home/sunao2000.linux/gpt_new_oscar/csrc/kernels/merge_lse.cpp.o
[ 50%] Building CXX object CMakeFiles/precompile_obj.dir/home/sunao2000.linux/gpt_new_oscar/csrc/kernels/attention_cv.cpp.o
[ 83%] Building CXX object CMakeFiles/precompile_obj.dir/home/sunao2000.linux/gpt_new_oscar/csrc/kernels/rotate_clip_store.cpp.o
[100%] Building CXX object CMakeFiles/precompile_obj.dir/home/sunao2000.linux/gpt_new_oscar/csrc/kernels/status_guard.cpp.o
[100%] Built target precompile_obj
[100%] Built target check_src_template
[ 14%] No install step for 'oscar_ascend_kernels_precompile'
[ 17%] Completed 'oscar_ascend_kernels_precompile'
[ 17%] Built target oscar_ascend_kernels_precompile
[ 19%] Creating directories for 'oscar_ascend_kernels_preprocess'
[ 21%] No download step for 'oscar_ascend_kernels_preprocess'
[ 23%] No update step for 'oscar_ascend_kernels_preprocess'
[ 25%] No patch step for 'oscar_ascend_kernels_preprocess'
[ 27%] Performing configure step for 'oscar_ascend_kernels_preprocess'
-- The C compiler identification is GNU 13.3.0
-- The CXX compiler identification is GNU 13.3.0
-- Detecting C compiler ABI info
-- Detecting C compiler ABI info - done
-- Check for working C compiler: /usr/bin/cc - skipped
-- Detecting C compile features
-- Detecting C compile features - done
-- Detecting CXX compiler ABI info
-- Detecting CXX compiler ABI info - done
-- Check for working CXX compiler: /usr/bin/c++ - skipped
-- Detecting CXX compile features
-- Detecting CXX compile features - done
-- Configuring done (0.2s)
-- Generating done (0.0s)
-- Build files have been written to: /home/sunao2000.linux/gpt_new_oscar/build/ascendc/oscar_ascend_kernels_preprocess-prefix/src/oscar_ascend_kernels_preprocess-build
[ 29%] Performing build step for 'oscar_ascend_kernels_preprocess'
[ 22%] Building CXX object CMakeFiles/aic_obj.dir/home/sunao2000.linux/gpt_new_oscar/csrc/kernels/store_int2.cpp.o
[ 22%] Building CXX object CMakeFiles/aiv_obj.dir/home/sunao2000.linux/gpt_new_oscar/csrc/kernels/store_int2.cpp.o
[ 22%] Building CXX object CMakeFiles/preprocess_obj.dir/home/sunao2000.linux/gpt_new_oscar/csrc/kernels/attention_cv.cpp.o
[ 38%] Building CXX object CMakeFiles/preprocess_obj.dir/home/sunao2000.linux/gpt_new_oscar/csrc/kernels/merge_lse.cpp.o
[ 38%] Building CXX object CMakeFiles/preprocess_obj.dir/home/sunao2000.linux/gpt_new_oscar/csrc/kernels/rotate_clip_store.cpp.o
[ 22%] Building CXX object CMakeFiles/preprocess_obj.dir/home/sunao2000.linux/gpt_new_oscar/csrc/kernels/attention_tasks.cpp.o
[ 38%] Building CXX object CMakeFiles/preprocess_obj.dir/home/sunao2000.linux/gpt_new_oscar/csrc/kernels/store_int2.cpp.o
[ 44%] Building CXX object CMakeFiles/aiv_obj.dir/home/sunao2000.linux/gpt_new_oscar/csrc/kernels/merge_lse.cpp.o
[ 50%] Building CXX object CMakeFiles/preprocess_obj.dir/home/sunao2000.linux/gpt_new_oscar/csrc/kernels/status_guard.cpp.o
[ 55%] Building CXX object CMakeFiles/aiv_obj.dir/home/sunao2000.linux/gpt_new_oscar/csrc/kernels/rotate_clip_store.cpp.o
[ 61%] Building CXX object CMakeFiles/aic_obj.dir/home/sunao2000.linux/gpt_new_oscar/csrc/kernels/merge_lse.cpp.o
[ 66%] Building CXX object CMakeFiles/aiv_obj.dir/home/sunao2000.linux/gpt_new_oscar/csrc/kernels/attention_cv.cpp.o
[ 72%] Building CXX object CMakeFiles/aic_obj.dir/home/sunao2000.linux/gpt_new_oscar/csrc/kernels/rotate_clip_store.cpp.o
[ 72%] Built target preprocess_obj
[ 77%] Building CXX object CMakeFiles/aic_obj.dir/home/sunao2000.linux/gpt_new_oscar/csrc/kernels/attention_cv.cpp.o
[ 83%] Building CXX object CMakeFiles/aiv_obj.dir/home/sunao2000.linux/gpt_new_oscar/csrc/kernels/attention_tasks.cpp.o
[ 88%] Building CXX object CMakeFiles/aic_obj.dir/home/sunao2000.linux/gpt_new_oscar/csrc/kernels/attention_tasks.cpp.o
[ 94%] Building CXX object CMakeFiles/aic_obj.dir/home/sunao2000.linux/gpt_new_oscar/csrc/kernels/status_guard.cpp.o
[100%] Building CXX object CMakeFiles/aiv_obj.dir/home/sunao2000.linux/gpt_new_oscar/csrc/kernels/status_guard.cpp.o
[100%] Built target aic_obj
/usr/local/Ascend/cann-9.1.0/aarch64-linux/ccec_compiler/bin/ld.lld -m aicorelinux -Ttext=0 /home/sunao2000.linux/gpt_new_oscar/build/ascendc/oscar_ascend_kernels_preprocess-prefix/src/oscar_ascend_kernels_preprocess-build/CMakeFiles/aic_obj.dir/home/sunao2000.linux/gpt_new_oscar/csrc/kernels/store_int2.cpp.o -o /home/sunao2000.linux/gpt_new_oscar/build/ascendc/oscar_ascend_kernels_preprocess-prefix/src/oscar_ascend_kernels_preprocess-build/CMakeFiles/aic_obj.dir/home/sunao2000.linux/gpt_new_oscar/csrc/kernels/store_int2.cpp.o/usr/local/Ascend/cann-9.1.0/aarch64-linux/ccec_compiler/bin/ld.lld -m aicorelinux -Ttext=0 /home/sunao2000.linux/gpt_new_oscar/build/ascendc/oscar_ascend_kernels_preprocess-prefix/src/oscar_ascend_kernels_preprocess-build/CMakeFiles/aic_obj.dir/home/sunao2000.linux/gpt_new_oscar/csrc/kernels/merge_lse.cpp.o -o /home/sunao2000.linux/gpt_new_oscar/build/ascendc/oscar_ascend_kernels_preprocess-prefix/src/oscar_ascend_kernels_preprocess-build/CMakeFiles/aic_obj.dir/home/sunao2000.linux/gpt_new_oscar/csrc/kernels/merge_lse.cpp.o/usr/local/Ascend/cann-9.1.0/aarch64-linux/ccec_compiler/bin/ld.lld -m aicorelinux -Ttext=0 /home/sunao2000.linux/gpt_new_oscar/build/ascendc/oscar_ascend_kernels_preprocess-prefix/src/oscar_ascend_kernels_preprocess-build/CMakeFiles/aic_obj.dir/home/sunao2000.linux/gpt_new_oscar/csrc/kernels/rotate_clip_store.cpp.o -o /home/sunao2000.linux/gpt_new_oscar/build/ascendc/oscar_ascend_kernels_preprocess-prefix/src/oscar_ascend_kernels_preprocess-build/CMakeFiles/aic_obj.dir/home/sunao2000.linux/gpt_new_oscar/csrc/kernels/rotate_clip_store.cpp.o/usr/local/Ascend/cann-9.1.0/aarch64-linux/ccec_compiler/bin/ld.lld -m aicorelinux -Ttext=0 /home/sunao2000.linux/gpt_new_oscar/build/ascendc/oscar_ascend_kernels_preprocess-prefix/src/oscar_ascend_kernels_preprocess-build/CMakeFiles/aic_obj.dir/home/sunao2000.linux/gpt_new_oscar/csrc/kernels/attention_cv.cpp.o -o /home/sunao2000.linux/gpt_new_oscar/build/ascendc/oscar_ascend_kernels_preprocess-prefix/src/oscar_ascend_kernels_preprocess-build/CMakeFiles/aic_obj.dir/home/sunao2000.linux/gpt_new_oscar/csrc/kernels/attention_cv.cpp.o/usr/local/Ascend/cann-9.1.0/aarch64-linux/ccec_compiler/bin/ld.lld -m aicorelinux -Ttext=0 /home/sunao2000.linux/gpt_new_oscar/build/ascendc/oscar_ascend_kernels_preprocess-prefix/src/oscar_ascend_kernels_preprocess-build/CMakeFiles/aic_obj.dir/home/sunao2000.linux/gpt_new_oscar/csrc/kernels/attention_tasks.cpp.o -o /home/sunao2000.linux/gpt_new_oscar/build/ascendc/oscar_ascend_kernels_preprocess-prefix/src/oscar_ascend_kernels_preprocess-build/CMakeFiles/aic_obj.dir/home/sunao2000.linux/gpt_new_oscar/csrc/kernels/attention_tasks.cpp.o/usr/local/Ascend/cann-9.1.0/aarch64-linux/ccec_compiler/bin/ld.lld -m aicorelinux -Ttext=0 /home/sunao2000.linux/gpt_new_oscar/build/ascendc/oscar_ascend_kernels_preprocess-prefix/src/oscar_ascend_kernels_preprocess-build/CMakeFiles/aic_obj.dir/home/sunao2000.linux/gpt_new_oscar/csrc/kernels/status_guard.cpp.o -o /home/sunao2000.linux/gpt_new_oscar/build/ascendc/oscar_ascend_kernels_preprocess-prefix/src/oscar_ascend_kernels_preprocess-build/CMakeFiles/aic_obj.dir/home/sunao2000.linux/gpt_new_oscar/csrc/kernels/status_guard.cpp.o[100%] Built target merge_aic_obj_text
[100%] Built target aiv_obj
/usr/local/Ascend/cann-9.1.0/aarch64-linux/ccec_compiler/bin/ld.lld -m aicorelinux -Ttext=0 /home/sunao2000.linux/gpt_new_oscar/build/ascendc/oscar_ascend_kernels_preprocess-prefix/src/oscar_ascend_kernels_preprocess-build/CMakeFiles/aiv_obj.dir/home/sunao2000.linux/gpt_new_oscar/csrc/kernels/store_int2.cpp.o -o /home/sunao2000.linux/gpt_new_oscar/build/ascendc/oscar_ascend_kernels_preprocess-prefix/src/oscar_ascend_kernels_preprocess-build/CMakeFiles/aiv_obj.dir/home/sunao2000.linux/gpt_new_oscar/csrc/kernels/store_int2.cpp.o/usr/local/Ascend/cann-9.1.0/aarch64-linux/ccec_compiler/bin/ld.lld -m aicorelinux -Ttext=0 /home/sunao2000.linux/gpt_new_oscar/build/ascendc/oscar_ascend_kernels_preprocess-prefix/src/oscar_ascend_kernels_preprocess-build/CMakeFiles/aiv_obj.dir/home/sunao2000.linux/gpt_new_oscar/csrc/kernels/merge_lse.cpp.o -o /home/sunao2000.linux/gpt_new_oscar/build/ascendc/oscar_ascend_kernels_preprocess-prefix/src/oscar_ascend_kernels_preprocess-build/CMakeFiles/aiv_obj.dir/home/sunao2000.linux/gpt_new_oscar/csrc/kernels/merge_lse.cpp.o/usr/local/Ascend/cann-9.1.0/aarch64-linux/ccec_compiler/bin/ld.lld -m aicorelinux -Ttext=0 /home/sunao2000.linux/gpt_new_oscar/build/ascendc/oscar_ascend_kernels_preprocess-prefix/src/oscar_ascend_kernels_preprocess-build/CMakeFiles/aiv_obj.dir/home/sunao2000.linux/gpt_new_oscar/csrc/kernels/rotate_clip_store.cpp.o -o /home/sunao2000.linux/gpt_new_oscar/build/ascendc/oscar_ascend_kernels_preprocess-prefix/src/oscar_ascend_kernels_preprocess-build/CMakeFiles/aiv_obj.dir/home/sunao2000.linux/gpt_new_oscar/csrc/kernels/rotate_clip_store.cpp.o/usr/local/Ascend/cann-9.1.0/aarch64-linux/ccec_compiler/bin/ld.lld -m aicorelinux -Ttext=0 /home/sunao2000.linux/gpt_new_oscar/build/ascendc/oscar_ascend_kernels_preprocess-prefix/src/oscar_ascend_kernels_preprocess-build/CMakeFiles/aiv_obj.dir/home/sunao2000.linux/gpt_new_oscar/csrc/kernels/attention_cv.cpp.o -o /home/sunao2000.linux/gpt_new_oscar/build/ascendc/oscar_ascend_kernels_preprocess-prefix/src/oscar_ascend_kernels_preprocess-build/CMakeFiles/aiv_obj.dir/home/sunao2000.linux/gpt_new_oscar/csrc/kernels/attention_cv.cpp.o/usr/local/Ascend/cann-9.1.0/aarch64-linux/ccec_compiler/bin/ld.lld -m aicorelinux -Ttext=0 /home/sunao2000.linux/gpt_new_oscar/build/ascendc/oscar_ascend_kernels_preprocess-prefix/src/oscar_ascend_kernels_preprocess-build/CMakeFiles/aiv_obj.dir/home/sunao2000.linux/gpt_new_oscar/csrc/kernels/attention_tasks.cpp.o -o /home/sunao2000.linux/gpt_new_oscar/build/ascendc/oscar_ascend_kernels_preprocess-prefix/src/oscar_ascend_kernels_preprocess-build/CMakeFiles/aiv_obj.dir/home/sunao2000.linux/gpt_new_oscar/csrc/kernels/attention_tasks.cpp.o/usr/local/Ascend/cann-9.1.0/aarch64-linux/ccec_compiler/bin/ld.lld -m aicorelinux -Ttext=0 /home/sunao2000.linux/gpt_new_oscar/build/ascendc/oscar_ascend_kernels_preprocess-prefix/src/oscar_ascend_kernels_preprocess-build/CMakeFiles/aiv_obj.dir/home/sunao2000.linux/gpt_new_oscar/csrc/kernels/status_guard.cpp.o -o /home/sunao2000.linux/gpt_new_oscar/build/ascendc/oscar_ascend_kernels_preprocess-prefix/src/oscar_ascend_kernels_preprocess-build/CMakeFiles/aiv_obj.dir/home/sunao2000.linux/gpt_new_oscar/csrc/kernels/status_guard.cpp.o[100%] Built target merge_aiv_obj_text
[WARNING]: Multiple kernel functions are detected. It is recommended to define only one kernel function per file.
[100%] Built target _host_cpp
[ 31%] No install step for 'oscar_ascend_kernels_preprocess'
[ 34%] Completed 'oscar_ascend_kernels_preprocess'
[ 34%] Built target oscar_ascend_kernels_preprocess
[ 36%] Creating directories for 'oscar_ascend_kernels_aic_device'
[ 38%] Creating directories for 'oscar_ascend_kernels_aiv_device'
[ 40%] Creating directories for 'oscar_ascend_kernels_host'
[ 42%] No download step for 'oscar_ascend_kernels_host'
[ 44%] No download step for 'oscar_ascend_kernels_aic_device'
[ 46%] No download step for 'oscar_ascend_kernels_aiv_device'
[ 51%] No update step for 'oscar_ascend_kernels_host'
[ 51%] No update step for 'oscar_ascend_kernels_aic_device'
[ 53%] No update step for 'oscar_ascend_kernels_aiv_device'
[ 55%] No patch step for 'oscar_ascend_kernels_aic_device'
[ 57%] No patch step for 'oscar_ascend_kernels_aiv_device'
[ 59%] No patch step for 'oscar_ascend_kernels_host'
[ 61%] Performing configure step for 'oscar_ascend_kernels_aic_device'
[ 63%] Performing configure step for 'oscar_ascend_kernels_host'
[ 65%] Performing configure step for 'oscar_ascend_kernels_aiv_device'
-- The C compiler identification is GNU 13.3.0
-- The C compiler identification is GNU 13.3.0
-- The C compiler identification is GNU 13.3.0
-- The CXX compiler identification is GNU 13.3.0
-- The CXX compiler identification is GNU 13.3.0
-- The CXX compiler identification is GNU 13.3.0
-- Detecting C compiler ABI info
-- Detecting C compiler ABI info
-- Detecting C compiler ABI info
-- Detecting C compiler ABI info - done
-- Detecting C compiler ABI info - done
-- Detecting C compiler ABI info - done
-- Check for working C compiler: /usr/bin/cc - skipped
-- Check for working C compiler: /usr/bin/cc - skipped
-- Detecting C compile features
-- Detecting C compile features
-- Detecting C compile features - done
-- Detecting C compile features - done
-- Check for working C compiler: /usr/bin/cc - skipped
-- Detecting C compile features
-- Detecting C compile features - done
-- Detecting CXX compiler ABI info
-- Detecting CXX compiler ABI info
-- Detecting CXX compiler ABI info
-- Detecting CXX compiler ABI info - done
-- Detecting CXX compiler ABI info - done
-- Detecting CXX compiler ABI info - done
-- Check for working CXX compiler: /usr/bin/c++ - skipped
-- Check for working CXX compiler: /usr/bin/c++ - skipped
-- Detecting CXX compile features
-- Detecting CXX compile features
-- Detecting CXX compile features - done
-- Detecting CXX compile features - done
-- Configuring done (0.2s)
-- Configuring done (0.2s)
-- Generating done (0.0s)
-- Generating done (0.0s)
-- Build files have been written to: /home/sunao2000.linux/gpt_new_oscar/build/ascendc/oscar_ascend_kernels_aic_device-prefix/src/oscar_ascend_kernels_aic_device-build
CMake Warning:
  Manually-specified variables were not used by the project:

    ASCEND_PYTHON_EXECUTABLE


-- Build files have been written to: /home/sunao2000.linux/gpt_new_oscar/build/ascendc/oscar_ascend_kernels_host-prefix/src/oscar_ascend_kernels_host-build
-- Check for working CXX compiler: /usr/bin/c++ - skipped
-- Detecting CXX compile features
-- Detecting CXX compile features - done
-- Configuring done (0.2s)
-- Generating done (0.0s)
-- Build files have been written to: /home/sunao2000.linux/gpt_new_oscar/build/ascendc/oscar_ascend_kernels_aiv_device-prefix/src/oscar_ascend_kernels_aiv_device-build
[ 70%] Performing build step for 'oscar_ascend_kernels_host'
[ 70%] Performing build step for 'oscar_ascend_kernels_aic_device'
[ 72%] Performing build step for 'oscar_ascend_kernels_aiv_device'
[ 50%] Building CXX object CMakeFiles/host_bisheng_obj.dir/home/sunao2000.linux/gpt_new_oscar/csrc/kernels/merge_lse.cpp.o
[ 50%] Building CXX object CMakeFiles/host_bisheng_obj.dir/home/sunao2000.linux/gpt_new_oscar/csrc/kernels/attention_cv.cpp.o
[ 50%] Building CXX object CMakeFiles/host_bisheng_obj.dir/home/sunao2000.linux/gpt_new_oscar/csrc/kernels/rotate_clip_store.cpp.o
[ 66%] Building CXX object CMakeFiles/host_bisheng_obj.dir/home/sunao2000.linux/gpt_new_oscar/csrc/kernels/store_int2.cpp.o
[ 83%] Building CXX object CMakeFiles/host_bisheng_obj.dir/home/sunao2000.linux/gpt_new_oscar/csrc/kernels/attention_tasks.cpp.o
[100%] Building CXX object CMakeFiles/device_obj.dir/home/sunao2000.linux/gpt_new_oscar/build/ascendc/auto_gen/oscar_ascend_kernels/auto_gen_attention_cv.cpp.o
[ 16%] Building CXX object CMakeFiles/device_obj.dir/home/sunao2000.linux/gpt_new_oscar/build/ascendc/auto_gen/oscar_ascend_kernels/auto_gen_attention_cv.cpp.o
[ 33%] Building CXX object CMakeFiles/device_aiv_obj.dir/home/sunao2000.linux/gpt_new_oscar/build/ascendc/auto_gen/oscar_ascend_kernels/auto_gen_store_int2.cpp.o
[100%] Building CXX object CMakeFiles/host_bisheng_obj.dir/home/sunao2000.linux/gpt_new_oscar/csrc/kernels/status_guard.cpp.o
[ 50%] Building CXX object CMakeFiles/device_aiv_obj.dir/home/sunao2000.linux/gpt_new_oscar/build/ascendc/auto_gen/oscar_ascend_kernels/auto_gen_merge_lse.cpp.o
[ 66%] Building CXX object CMakeFiles/device_aiv_obj.dir/home/sunao2000.linux/gpt_new_oscar/build/ascendc/auto_gen/oscar_ascend_kernels/auto_gen_rotate_clip_store.cpp.o
[ 83%] Building CXX object CMakeFiles/device_aiv_obj.dir/home/sunao2000.linux/gpt_new_oscar/build/ascendc/auto_gen/oscar_ascend_kernels/auto_gen_attention_tasks.cpp.o
[100%] Building CXX object CMakeFiles/device_aiv_obj.dir/home/sunao2000.linux/gpt_new_oscar/build/ascendc/auto_gen/oscar_ascend_kernels/auto_gen_status_guard.cpp.o
[100%] Built target host_bisheng_obj
[ 74%] Performing install step for 'oscar_ascend_kernels_host'
[100%] Built target host_bisheng_obj
Install the project...
-- Install configuration: "Release"
-- Installing: /home/sunao2000.linux/gpt_new_oscar/build/ascendc/oscar_ascend_kernels_host_dir/./objects-Release/host_bisheng_obj/home/sunao2000.linux/gpt_new_oscar/csrc/kernels/store_int2.cpp.o
-- Installing: /home/sunao2000.linux/gpt_new_oscar/build/ascendc/oscar_ascend_kernels_host_dir/./objects-Release/host_bisheng_obj/home/sunao2000.linux/gpt_new_oscar/csrc/kernels/merge_lse.cpp.o
-- Installing: /home/sunao2000.linux/gpt_new_oscar/build/ascendc/oscar_ascend_kernels_host_dir/./objects-Release/host_bisheng_obj/home/sunao2000.linux/gpt_new_oscar/csrc/kernels/rotate_clip_store.cpp.o
-- Installing: /home/sunao2000.linux/gpt_new_oscar/build/ascendc/oscar_ascend_kernels_host_dir/./objects-Release/host_bisheng_obj/home/sunao2000.linux/gpt_new_oscar/csrc/kernels/attention_cv.cpp.o
-- Installing: /home/sunao2000.linux/gpt_new_oscar/build/ascendc/oscar_ascend_kernels_host_dir/./objects-Release/host_bisheng_obj/home/sunao2000.linux/gpt_new_oscar/csrc/kernels/attention_tasks.cpp.o
-- Installing: /home/sunao2000.linux/gpt_new_oscar/build/ascendc/oscar_ascend_kernels_host_dir/./objects-Release/host_bisheng_obj/home/sunao2000.linux/gpt_new_oscar/csrc/kernels/status_guard.cpp.o
[ 76%] Completed 'oscar_ascend_kernels_host'
[ 76%] Built target oscar_ascend_kernels_host
[100%] Built target device_obj
/usr/local/Ascend/cann-9.1.0/aarch64-linux/ccec_compiler/bin/ld.lld  -m aicorelinux -r  -Ttext=0 /home/sunao2000.linux/gpt_new_oscar/build/ascendc/oscar_ascend_kernels_aic_device-prefix/src/oscar_ascend_kernels_aic_device-build/CMakeFiles/device_obj.dir/home/sunao2000.linux/gpt_new_oscar/build/ascendc/auto_gen/oscar_ascend_kernels/auto_gen_attention_cv.cpp.o -static -o /home/sunao2000.linux/gpt_new_oscar/build/ascendc/oscar_ascend_kernels_aic_device_dir/device.o
[100%] Built target merge_device_obj
[ 78%] No install step for 'oscar_ascend_kernels_aic_device'
[ 80%] Completed 'oscar_ascend_kernels_aic_device'
[ 80%] Built target oscar_ascend_kernels_aic_device
[100%] Built target device_obj
/usr/local/Ascend/cann-9.1.0/aarch64-linux/ccec_compiler/bin/ld.lld  -m aicorelinux -r  -Ttext=0 /home/sunao2000.linux/gpt_new_oscar/build/ascendc/oscar_ascend_kernels_aiv_device-prefix/src/oscar_ascend_kernels_aiv_device-build/CMakeFiles/device_obj.dir/home/sunao2000.linux/gpt_new_oscar/build/ascendc/auto_gen/oscar_ascend_kernels/auto_gen_attention_cv.cpp.o -static -o /home/sunao2000.linux/gpt_new_oscar/build/ascendc/oscar_ascend_kernels_aiv_device_dir/device.o
[100%] Built target merge_device_obj
[100%] Built target device_aiv_obj
/usr/local/Ascend/cann-9.1.0/aarch64-linux/ccec_compiler/bin/ld.lld  -m aicorelinux -r  -Ttext=0 /home/sunao2000.linux/gpt_new_oscar/build/ascendc/oscar_ascend_kernels_aiv_device-prefix/src/oscar_ascend_kernels_aiv_device-build/CMakeFiles/device_aiv_obj.dir/home/sunao2000.linux/gpt_new_oscar/build/ascendc/auto_gen/oscar_ascend_kernels/auto_gen_store_int2.cpp.o /home/sunao2000.linux/gpt_new_oscar/build/ascendc/oscar_ascend_kernels_aiv_device-prefix/src/oscar_ascend_kernels_aiv_device-build/CMakeFiles/device_aiv_obj.dir/home/sunao2000.linux/gpt_new_oscar/build/ascendc/auto_gen/oscar_ascend_kernels/auto_gen_merge_lse.cpp.o /home/sunao2000.linux/gpt_new_oscar/build/ascendc/oscar_ascend_kernels_aiv_device-prefix/src/oscar_ascend_kernels_aiv_device-build/CMakeFiles/device_aiv_obj.dir/home/sunao2000.linux/gpt_new_oscar/build/ascendc/auto_gen/oscar_ascend_kernels/auto_gen_rotate_clip_store.cpp.o /home/sunao2000.linux/gpt_new_oscar/build/ascendc/oscar_ascend_kernels_aiv_device-prefix/src/oscar_ascend_kernels_aiv_device-build/CMakeFiles/device_aiv_obj.dir/home/sunao2000.linux/gpt_new_oscar/build/ascendc/auto_gen/oscar_ascend_kernels/auto_gen_attention_tasks.cpp.o /home/sunao2000.linux/gpt_new_oscar/build/ascendc/oscar_ascend_kernels_aiv_device-prefix/src/oscar_ascend_kernels_aiv_device-build/CMakeFiles/device_aiv_obj.dir/home/sunao2000.linux/gpt_new_oscar/build/ascendc/auto_gen/oscar_ascend_kernels/auto_gen_status_guard.cpp.o -static -o /home/sunao2000.linux/gpt_new_oscar/build/ascendc/oscar_ascend_kernels_aiv_device_dir/device_aiv.o
[100%] Built target merge_aiv_device_obj
[ 82%] No install step for 'oscar_ascend_kernels_aiv_device'
[ 85%] Completed 'oscar_ascend_kernels_aiv_device'
[ 85%] Built target oscar_ascend_kernels_aiv_device
/usr/local/Ascend/cann-9.1.0/aarch64-linux/ccec_compiler/bin/ld.lld -x -m aicorelinux   -Ttext=0 /home/sunao2000.linux/gpt_new_oscar/build/ascendc/oscar_ascend_kernels_aic_device_dir/device.o /home/sunao2000.linux/gpt_new_oscar/build/ascendc/oscar_ascend_kernels_aiv_device_dir/device.o -static -o /home/sunao2000.linux/gpt_new_oscar/build/ascendc/oscar_ascend_kernels_merge_obj_dir/device.o
/usr/local/Ascend/cann-9.1.0/aarch64-linux/ccec_compiler/bin/ld.lld -x -m aicorelinux   -Ttext=0 /home/sunao2000.linux/gpt_new_oscar/build/ascendc/oscar_ascend_kernels_aiv_device_dir/device_aiv.o -static -o /home/sunao2000.linux/gpt_new_oscar/build/ascendc/oscar_ascend_kernels_merge_obj_dir/device_aiv.o
[ 85%] Built target oscar_ascend_kernels_merge_obj
[ 87%] Building CXX object CMakeFiles/oscar_ascend_kernels_host_stub_obj.dir/auto_gen/oscar_ascend_kernels/host_stub.cpp.o
[ 87%] Built target oscar_ascend_kernels_host_stub_obj
[ 89%] Linking CXX shared library lib/liboscar_ascend_kernels_d822252e169cca9c.so
/usr/local/Ascend/cann-9.1.0/bin/ascendc_pack_kernel /home/sunao2000.linux/gpt_new_oscar/build/ascendc/CMakeFiles/oscar_ascend_kernels_host_stub_obj.dir/auto_gen/oscar_ascend_kernels/host_stub.cpp.o /home/sunao2000.linux/gpt_new_oscar/build/ascendc/oscar_ascend_kernels_merge_obj_dir/device.o 0 /home/sunao2000.linux/gpt_new_oscar/build/ascendc/CMakeFiles/oscar_ascend_kernels_host_stub_obj.dir/auto_gen/oscar_ascend_kernels/host_stub.cpp.o
/usr/local/Ascend/cann-9.1.0/bin/ascendc_pack_kernel /home/sunao2000.linux/gpt_new_oscar/build/ascendc/CMakeFiles/oscar_ascend_kernels_host_stub_obj.dir/auto_gen/oscar_ascend_kernels/host_stub.cpp.o /home/sunao2000.linux/gpt_new_oscar/build/ascendc/oscar_ascend_kernels_merge_obj_dir/device_aiv.o 1 /home/sunao2000.linux/gpt_new_oscar/build/ascendc/CMakeFiles/oscar_ascend_kernels_host_stub_obj.dir/auto_gen/oscar_ascend_kernels/host_stub.cpp.o
recompile: /usr/bin/c++ -fPIC -O3 -DNDEBUG -Wl,-z,defs -Wl,-z,relro -Wl,-z,now -Wl,-z,noexecstack -s -shared -Wl,-soname,liboscar_ascend_kernels_d822252e169cca9c.so -o lib/liboscar_ascend_kernels_d822252e169cca9c.so CMakeFiles/oscar_ascend_kernels_host_stub_obj.dir/auto_gen/oscar_ascend_kernels/host_stub.cpp.o /home/sunao2000.linux/gpt_new_oscar/build/ascendc/oscar_ascend_kernels_host_dir/objects-Release/host_bisheng_obj/home/sunao2000.linux/gpt_new_oscar/csrc/kernels/attention_cv.cpp.o /home/sunao2000.linux/gpt_new_oscar/build/ascendc/oscar_ascend_kernels_host_dir/objects-Release/host_bisheng_obj/home/sunao2000.linux/gpt_new_oscar/csrc/kernels/attention_tasks.cpp.o /home/sunao2000.linux/gpt_new_oscar/build/ascendc/oscar_ascend_kernels_host_dir/objects-Release/host_bisheng_obj/home/sunao2000.linux/gpt_new_oscar/csrc/kernels/merge_lse.cpp.o /home/sunao2000.linux/gpt_new_oscar/build/ascendc/oscar_ascend_kernels_host_dir/objects-Release/host_bisheng_obj/home/sunao2000.linux/gpt_new_oscar/csrc/kernels/rotate_clip_store.cpp.o /home/sunao2000.linux/gpt_new_oscar/build/ascendc/oscar_ascend_kernels_host_dir/objects-Release/host_bisheng_obj/home/sunao2000.linux/gpt_new_oscar/csrc/kernels/status_guard.cpp.o /home/sunao2000.linux/gpt_new_oscar/build/ascendc/oscar_ascend_kernels_host_dir/objects-Release/host_bisheng_obj/home/sunao2000.linux/gpt_new_oscar/csrc/kernels/store_int2.cpp.o    -L/usr/local/Ascend/cann-9.1.0/lib64  -L/usr/local/Ascend/cann-9.1.0/tools/simulator/ascend910b4/lib  -Wl,-rpath,/usr/local/Ascend/cann-9.1.0/lib64 /usr/local/Ascend/cann-9.1.0/lib64/libascendc_runtime.a -lascend_dump -lc_sec -lascendcl -lruntime -lprofapi -lunified_dlog -lmmpa
[ 89%] Built target oscar_ascend_kernels
[ 97%] Building CXX object CMakeFiles/_oscar_ascend_ops.dir/status_bindings.cpp.o
[ 97%] Building CXX object CMakeFiles/_oscar_ascend_ops.dir/rotation_bindings.cpp.o
[ 97%] Building CXX object CMakeFiles/_oscar_ascend_ops.dir/attention_bindings.cpp.o
[ 97%] Building CXX object CMakeFiles/_oscar_ascend_ops.dir/torch_bindings.cpp.o
[oscar] phase=device-build running seconds=15.1 log=/Users/sunao2000/gpt_new_oscar/reports/vm/logs/device-build.log
[oscar] phase=compile-1 running seconds=15.0 log=logs/vm-verify-device/compile-1.log
[100%] Linking CXX shared module _oscar_ascend_ops.cpython-312-aarch64-linux-gnu.so
[100%] Built target _oscar_ascend_ops
RESULT {"phase": "compile-1", "command": ["cmake", "--build", "/home/sunao2000.linux/gpt_new_oscar/build/ascendc", "--parallel", "8"], "returncode": 0, "elapsed_seconds": 20.202472, "timed_out": false, "interrupted": false, "log": "/home/sunao2000.linux/gpt_new_oscar/logs/vm-verify-device/compile-1.log", "cleanup_complete": true}
[oscar] PASSED phase=compile-1 rc=0 log=logs/vm-verify-device/compile-1.log
{
  "signature": "d822252e169cca9c67631a55425fcda5c91ea25c31dbe623b271f954d6532f53",
  "configuration": {
    "source": {
      "CMakeLists.txt": "3eff29d9c530a3d29d609f15c9c28b0bb3c35a1491aee25d2cee833deb1fbb09",
      "attention_bindings.cpp": "a3f23dee8aa33f2e58becfc32442e8c3e8ca024d499ccefde8fe0b65db0f8d3f",
      "rotation_bindings.cpp": "48af05b40ad563e2d3b1fe36737e8a54b78906cd9141f2451cc3358126787a5d",
      "status_bindings.cpp": "2912ac6aa6be89eb0e6b8507b16c10a3ac8c996182bc52ed0afc87c45d3b2c40",
      "torch_bindings.cpp": "9ce12c775f9bab5331fbd2b4704b960c2d6ea575e1beb858f15eff1caac3cd17",
      "cpu/CMakeLists.txt": "1e7d67f47b4f330f1fa6c59a083246c6672105f81f1538fded57593a5eb819bb",
      "cpu/cv_probe.cpp": "e32a97163557f3d38a1515b9f065ed2f75de9fdb9fa232d48ae3cfce49a263d3",
      "cpu/primitive_probe.cpp": "f1cd3c8fca22d4b03d175762025e8446d6bc937324ccc9441b543a281005a453",
      "cpu/rotation_probe.cpp": "02245026bd7561568e12f58c54225f083f1f8e0d91bc9393c0e661e83ad91c2a",
      "include/oscar_attention_launch.h": "1283c6086b387c167a6ec26f9994c6385fe082bfc82862a0f386bf0ec16f6fd2",
      "include/oscar_cv_schedule.h": "36c9bb6276e2ac066057d3d30be0f22f83bc65d6b3aef9497f6ceca946313db8",
      "include/oscar_launch.h": "c8b51d610755a8053455757ce9a921aa401e756edc6234318edcf2b7d422bbe9",
      "include/oscar_rotation_launch.h": "f231519ac7fd73b1e2316947e75d3c3351c00e095ccf16aa67df944d42ffe180",
      "kernels/attention_cv.cpp": "a53f5b874ca956831fada7ac94c6a055656c46b4620059cc548e274d1e45f539",
      "kernels/attention_tasks.cpp": "82290f1831064bbc6f58011a0dd9a826ae7ffc368da4b3ab43f8a5d5133589df",
      "kernels/merge_lse.cpp": "8b32602f0efa94e5e1ec23ec03471e17b53c94fb4b45b867aca7e4f1c9af1723",
      "kernels/oscar_common.h": "20574a83f919df5bd6450cd581d1dba5a5a6f169768e7e237ba62f51b7499964",
      "kernels/rotate_clip_store.cpp": "e18bfc08673b3f5a49d24029c9ad34797e0d5b9114e79639ac01310658982748",
      "kernels/status_guard.cpp": "01cbbcfdf99d41daf0ac1372e2ebaa8549380d543bc7c29b426814c96eb593ab",
      "kernels/store_int2.cpp": "5a6fa9619e399bb80bc0455c4426396d98510326bb899900b4b96c65d2b58506"
    },
    "cann": "/usr/local/Ascend/cann-9.1.0",
    "cann_versions": {
      "/usr/local/Ascend/cann-9.1.0/compiler/version.info": "f20359296d5a7127f841aa35f4a788137f444dc36d72641e948cb9e39e47e4f4"
    },
    "soc": "ascend910b4",
    "package_versions": {
      "torch": "2.12.0+cpu",
      "torch_npu": "2.12.0",
      "pybind11": "3.1.0"
    },
    "python": "/home/sunao2000.linux/gpt_new_oscar/.venv/bin/python",
    "torch_npu": "/home/sunao2000.linux/.local/lib/python3.12/site-packages/torch_npu",
    "flags": {
      "CXX": null,
      "CC": null,
      "CXXFLAGS": null
    }
  },
  "extension": "/home/sunao2000.linux/gpt_new_oscar/build/ascendc/_oscar_ascend_ops.cpython-312-aarch64-linux-gnu.so",
  "kernel_library": "/home/sunao2000.linux/gpt_new_oscar/build/ascendc/lib/liboscar_ascend_kernels_d822252e169cca9c.so",
  "sha256": {
    "/home/sunao2000.linux/gpt_new_oscar/build/ascendc/_oscar_ascend_ops.cpython-312-aarch64-linux-gnu.so": "445193eac80826b83bc5896a608e3e6f8ed0135116944465ade6ba5c8550bcb5",
    "/home/sunao2000.linux/gpt_new_oscar/build/ascendc/lib/liboscar_ascend_kernels_d822252e169cca9c.so": "595c0beb30a14a7b9caca70449563584bc7a0845f1d0b522b2e8f1354811f29d"
  },
  "build": "passed",
  "device_completion": "not_run",
  "reused": false
}
RESULT {"phase": "device-build", "command": ["limactl", "shell", "--workdir", "/home/sunao2000.linux/gpt_new_oscar", "oscar", "--", "timeout", "--signal=TERM", "--kill-after=10s", "1900", "bash", "-lc", "source /usr/local/Ascend/cann-9.1.0/set_env.sh; export TORCH_DEVICE_BACKEND_AUTOLOAD=0; .venv/bin/python -m tools.build_ops --soc ascend910b4 --log-dir logs/vm-verify-device"], "returncode": 0, "elapsed_seconds": 22.259477, "timed_out": false, "interrupted": false, "log": "/Users/sunao2000/gpt_new_oscar/reports/vm/logs/device-build.log", "cleanup_complete": true}
[oscar] PASSED phase=device-build rc=0 log=/Users/sunao2000/gpt_new_oscar/reports/vm/logs/device-build.log
START phase=cpu-build cwd=/Users/sunao2000/gpt_new_oscar command=["limactl", "shell", "--workdir", "/home/sunao2000.linux/gpt_new_oscar", "oscar", "--", "timeout", "--signal=TERM", "--kill-after=10s", "1900", "bash", "-lc", "source /usr/local/Ascend/cann-9.1.0/set_env.sh; export TORCH_DEVICE_BACKEND_AUTOLOAD=0; cmake -S csrc/cpu -B build/cpu -DASCEND_HOME_PATH=/usr/local/Ascend/cann-9.1.0 -Dtikicpulib_DIR=/usr/local/Ascend/cann-9.1.0/tools/tikicpulib/lib/cmake && cmake --build build/cpu --parallel 4"]
-- Configuring done (0.0s)
-- Generating done (0.0s)
-- Build files have been written to: /home/sunao2000.linux/gpt_new_oscar/build/cpu
[ 23%] Built target oscar_rotation_cpu
[ 61%] Built target oscar_primitive_cpu
[100%] Built target oscar_cv_cpu
RESULT {"phase": "cpu-build", "command": ["limactl", "shell", "--workdir", "/home/sunao2000.linux/gpt_new_oscar", "oscar", "--", "timeout", "--signal=TERM", "--kill-after=10s", "1900", "bash", "-lc", "source /usr/local/Ascend/cann-9.1.0/set_env.sh; export TORCH_DEVICE_BACKEND_AUTOLOAD=0; cmake -S csrc/cpu -B build/cpu -DASCEND_HOME_PATH=/usr/local/Ascend/cann-9.1.0 -Dtikicpulib_DIR=/usr/local/Ascend/cann-9.1.0/tools/tikicpulib/lib/cmake && cmake --build build/cpu --parallel 4"], "returncode": 0, "elapsed_seconds": 0.208721, "timed_out": false, "interrupted": false, "log": "/Users/sunao2000/gpt_new_oscar/reports/vm/logs/cpu-build.log", "cleanup_complete": true}
[oscar] PASSED phase=cpu-build rc=0 log=/Users/sunao2000/gpt_new_oscar/reports/vm/logs/cpu-build.log
START phase=primitive-goldens cwd=/Users/sunao2000/gpt_new_oscar command=["limactl", "shell", "--workdir", "/home/sunao2000.linux/gpt_new_oscar", "oscar", "--", "timeout", "--signal=TERM", "--kill-after=10s", "1900", "bash", "-lc", "source /usr/local/Ascend/cann-9.1.0/set_env.sh; export TORCH_DEVICE_BACKEND_AUTOLOAD=0; .venv/bin/python -m tools.generate_cpu_cases --output artifacts/cpu_cases"]
[
  {
    "op": "store",
    "path": "artifacts/cpu_cases/store_64_0"
  },
  {
    "op": "store",
    "path": "artifacts/cpu_cases/store_64_1"
  },
  {
    "op": "merge",
    "path": "artifacts/cpu_cases/merge_64_1"
  },
  {
    "op": "merge",
    "path": "artifacts/cpu_cases/merge_64_3"
  },
  {
    "op": "merge",
    "path": "artifacts/cpu_cases/merge_64_128"
  },
  {
    "op": "store",
    "path": "artifacts/cpu_cases/store_128_0"
  },
  {
    "op": "store",
    "path": "artifacts/cpu_cases/store_128_1"
  },
  {
    "op": "merge",
    "path": "artifacts/cpu_cases/merge_128_1"
  },
  {
    "op": "merge",
    "path": "artifacts/cpu_cases/merge_128_3"
  },
  {
    "op": "merge",
    "path": "artifacts/cpu_cases/merge_128_128"
  },
  {
    "op": "store",
    "path": "artifacts/cpu_cases/store_256_0"
  },
  {
    "op": "store",
    "path": "artifacts/cpu_cases/store_256_1"
  },
  {
    "op": "merge",
    "path": "artifacts/cpu_cases/merge_256_1"
  },
  {
    "op": "merge",
    "path": "artifacts/cpu_cases/merge_256_3"
  },
  {
    "op": "merge",
    "path": "artifacts/cpu_cases/merge_256_128"
  },
  {
    "op": "guard",
    "path": "artifacts/cpu_cases/guard_zero",
    "expect_kernel_error": false
  },
  {
    "op": "guard",
    "path": "artifacts/cpu_cases/guard_error",
    "expect_kernel_error": true
  }
]
RESULT {"phase": "primitive-goldens", "command": ["limactl", "shell", "--workdir", "/home/sunao2000.linux/gpt_new_oscar", "oscar", "--", "timeout", "--signal=TERM", "--kill-after=10s", "1900", "bash", "-lc", "source /usr/local/Ascend/cann-9.1.0/set_env.sh; export TORCH_DEVICE_BACKEND_AUTOLOAD=0; .venv/bin/python -m tools.generate_cpu_cases --output artifacts/cpu_cases"], "returncode": 0, "elapsed_seconds": 1.231153, "timed_out": false, "interrupted": false, "log": "/Users/sunao2000/gpt_new_oscar/reports/vm/logs/primitive-goldens.log", "cleanup_complete": true}
[oscar] PASSED phase=primitive-goldens rc=0 log=/Users/sunao2000/gpt_new_oscar/reports/vm/logs/primitive-goldens.log
START phase=primitive-debug cwd=/Users/sunao2000/gpt_new_oscar command=["limactl", "shell", "--workdir", "/home/sunao2000.linux/gpt_new_oscar", "oscar", "--", "timeout", "--signal=TERM", "--kill-after=10s", "1900", "bash", "-lc", "source /usr/local/Ascend/cann-9.1.0/set_env.sh; export TORCH_DEVICE_BACKEND_AUTOLOAD=0; .venv/bin/python -m tools.run_cpu_debug --log-dir logs/vm-primitives"]
START phase=000-store cwd=/home/sunao2000.linux/gpt_new_oscar command=["/home/sunao2000.linux/gpt_new_oscar/build/cpu/oscar_primitive_cpu", "store", "/home/sunao2000.linux/gpt_new_oscar/artifacts/cpu_cases/store_64_0"]
[TmSim]: Run in serial mode.
[TmSim]: Run in serial mode.
[TmSim]: Run in serial mode.
[SUCCESS][CORE_0][pid 109598] exit success!
[TmSim]: Run in serial mode.
[SUCCESS][CORE_1][pid 109599] exit success!
[SUCCESS][CORE_2][pid 109600] exit success!
[SUCCESS][CORE_3][pid 109601] exit success!
{"backend":"ascendc_cpu_debug","status":"passed","op":"store"}
RESULT {"phase": "000-store", "command": ["/home/sunao2000.linux/gpt_new_oscar/build/cpu/oscar_primitive_cpu", "store", "/home/sunao2000.linux/gpt_new_oscar/artifacts/cpu_cases/store_64_0"], "returncode": 0, "elapsed_seconds": 0.20625, "timed_out": false, "interrupted": false, "log": "/home/sunao2000.linux/gpt_new_oscar/logs/vm-primitives/000-store.log", "cleanup_complete": true}
[oscar] PASSED phase=000-store rc=0 log=logs/vm-primitives/000-store.log
START phase=001-store cwd=/home/sunao2000.linux/gpt_new_oscar command=["/home/sunao2000.linux/gpt_new_oscar/build/cpu/oscar_primitive_cpu", "store", "/home/sunao2000.linux/gpt_new_oscar/artifacts/cpu_cases/store_64_1"]
[TmSim]: Run in serial mode.
[TmSim]: Run in serial mode.
[TmSim]: Run in serial mode.
[TmSim]: Run in serial mode.
[SUCCESS][CORE_0][pid 109604] exit success!
[SUCCESS][CORE_1][pid 109605] exit success!
[SUCCESS][CORE_2][pid 109606] exit success!
[SUCCESS][CORE_3][pid 109607] exit success!
{"backend":"ascendc_cpu_debug","status":"passed","op":"store"}
RESULT {"phase": "001-store", "command": ["/home/sunao2000.linux/gpt_new_oscar/build/cpu/oscar_primitive_cpu", "store", "/home/sunao2000.linux/gpt_new_oscar/artifacts/cpu_cases/store_64_1"], "returncode": 0, "elapsed_seconds": 0.207707, "timed_out": false, "interrupted": false, "log": "/home/sunao2000.linux/gpt_new_oscar/logs/vm-primitives/001-store.log", "cleanup_complete": true}
[oscar] PASSED phase=001-store rc=0 log=logs/vm-primitives/001-store.log
START phase=002-merge cwd=/home/sunao2000.linux/gpt_new_oscar command=["/home/sunao2000.linux/gpt_new_oscar/build/cpu/oscar_primitive_cpu", "merge", "/home/sunao2000.linux/gpt_new_oscar/artifacts/cpu_cases/merge_64_1"]
[TmSim]: Run in serial mode.
[TmSim]: Run in serial mode.
[TmSim]: Run in serial mode.
[TmSim]: Run in serial mode.
[SUCCESS][CORE_0][pid 109610] exit success!
[SUCCESS][CORE_1][pid 109611] exit success!
[SUCCESS][CORE_2][pid 109612] exit success!
[SUCCESS][CORE_3][pid 109613] exit success!
{"backend":"ascendc_cpu_debug","status":"passed","op":"merge"}
RESULT {"phase": "002-merge", "command": ["/home/sunao2000.linux/gpt_new_oscar/build/cpu/oscar_primitive_cpu", "merge", "/home/sunao2000.linux/gpt_new_oscar/artifacts/cpu_cases/merge_64_1"], "returncode": 0, "elapsed_seconds": 0.105854, "timed_out": false, "interrupted": false, "log": "/home/sunao2000.linux/gpt_new_oscar/logs/vm-primitives/002-merge.log", "cleanup_complete": true}
[oscar] PASSED phase=002-merge rc=0 log=logs/vm-primitives/002-merge.log
START phase=003-merge cwd=/home/sunao2000.linux/gpt_new_oscar command=["/home/sunao2000.linux/gpt_new_oscar/build/cpu/oscar_primitive_cpu", "merge", "/home/sunao2000.linux/gpt_new_oscar/artifacts/cpu_cases/merge_64_3"]
[TmSim]: Run in serial mode.
[TmSim]: Run in serial mode.
[TmSim]: Run in serial mode.
[TmSim]: Run in serial mode.
[SUCCESS][CORE_0][pid 109616] exit success!
[SUCCESS][CORE_1][pid 109617] exit success!
[SUCCESS][CORE_2][pid 109618] exit success!
[SUCCESS][CORE_3][pid 109619] exit success!
{"backend":"ascendc_cpu_debug","status":"passed","op":"merge"}
RESULT {"phase": "003-merge", "command": ["/home/sunao2000.linux/gpt_new_oscar/build/cpu/oscar_primitive_cpu", "merge", "/home/sunao2000.linux/gpt_new_oscar/artifacts/cpu_cases/merge_64_3"], "returncode": 0, "elapsed_seconds": 0.105709, "timed_out": false, "interrupted": false, "log": "/home/sunao2000.linux/gpt_new_oscar/logs/vm-primitives/003-merge.log", "cleanup_complete": true}
[oscar] PASSED phase=003-merge rc=0 log=logs/vm-primitives/003-merge.log
START phase=004-merge cwd=/home/sunao2000.linux/gpt_new_oscar command=["/home/sunao2000.linux/gpt_new_oscar/build/cpu/oscar_primitive_cpu", "merge", "/home/sunao2000.linux/gpt_new_oscar/artifacts/cpu_cases/merge_64_128"]
[TmSim]: Run in serial mode.
[TmSim]: Run in serial mode.
[TmSim]: Run in serial mode.
[TmSim]: Run in serial mode.
[SUCCESS][CORE_0][pid 109622] exit success!
[SUCCESS][CORE_1][pid 109623] exit success!
[SUCCESS][CORE_2][pid 109624] exit success!
[SUCCESS][CORE_3][pid 109625] exit success!
{"backend":"ascendc_cpu_debug","status":"passed","op":"merge"}
RESULT {"phase": "004-merge", "command": ["/home/sunao2000.linux/gpt_new_oscar/build/cpu/oscar_primitive_cpu", "merge", "/home/sunao2000.linux/gpt_new_oscar/artifacts/cpu_cases/merge_64_128"], "returncode": 0, "elapsed_seconds": 0.20892, "timed_out": false, "interrupted": false, "log": "/home/sunao2000.linux/gpt_new_oscar/logs/vm-primitives/004-merge.log", "cleanup_complete": true}
[oscar] PASSED phase=004-merge rc=0 log=logs/vm-primitives/004-merge.log
START phase=005-store cwd=/home/sunao2000.linux/gpt_new_oscar command=["/home/sunao2000.linux/gpt_new_oscar/build/cpu/oscar_primitive_cpu", "store", "/home/sunao2000.linux/gpt_new_oscar/artifacts/cpu_cases/store_128_0"]
[TmSim]: Run in serial mode.
[TmSim]: Run in serial mode.
[TmSim]: Run in serial mode.
[TmSim]: Run in serial mode.
[SUCCESS][CORE_0][pid 109628] exit success!
[SUCCESS][CORE_1][pid 109629] exit success!
[SUCCESS][CORE_2][pid 109630] exit success!
[SUCCESS][CORE_3][pid 109631] exit success!
{"backend":"ascendc_cpu_debug","status":"passed","op":"store"}
RESULT {"phase": "005-store", "command": ["/home/sunao2000.linux/gpt_new_oscar/build/cpu/oscar_primitive_cpu", "store", "/home/sunao2000.linux/gpt_new_oscar/artifacts/cpu_cases/store_128_0"], "returncode": 0, "elapsed_seconds": 0.206725, "timed_out": false, "interrupted": false, "log": "/home/sunao2000.linux/gpt_new_oscar/logs/vm-primitives/005-store.log", "cleanup_complete": true}
[oscar] PASSED phase=005-store rc=0 log=logs/vm-primitives/005-store.log
START phase=006-store cwd=/home/sunao2000.linux/gpt_new_oscar command=["/home/sunao2000.linux/gpt_new_oscar/build/cpu/oscar_primitive_cpu", "store", "/home/sunao2000.linux/gpt_new_oscar/artifacts/cpu_cases/store_128_1"]
[TmSim]: Run in serial mode.
[TmSim]: Run in serial mode.
[SUCCESS][CORE_0][pid 109634] exit success!
[TmSim]: Run in serial mode.
[TmSim]: Run in serial mode.
[SUCCESS][CORE_1][pid 109635] exit success!
[SUCCESS][CORE_2][pid 109636] exit success!
[SUCCESS][CORE_3][pid 109637] exit success!
{"backend":"ascendc_cpu_debug","status":"passed","op":"store"}
RESULT {"phase": "006-store", "command": ["/home/sunao2000.linux/gpt_new_oscar/build/cpu/oscar_primitive_cpu", "store", "/home/sunao2000.linux/gpt_new_oscar/artifacts/cpu_cases/store_128_1"], "returncode": 0, "elapsed_seconds": 0.207091, "timed_out": false, "interrupted": false, "log": "/home/sunao2000.linux/gpt_new_oscar/logs/vm-primitives/006-store.log", "cleanup_complete": true}
[oscar] PASSED phase=006-store rc=0 log=logs/vm-primitives/006-store.log
START phase=007-merge cwd=/home/sunao2000.linux/gpt_new_oscar command=["/home/sunao2000.linux/gpt_new_oscar/build/cpu/oscar_primitive_cpu", "merge", "/home/sunao2000.linux/gpt_new_oscar/artifacts/cpu_cases/merge_128_1"]
[TmSim]: Run in serial mode.
[TmSim]: Run in serial mode.
[TmSim]: Run in serial mode.
[SUCCESS][CORE_0][pid 109640] exit success!
[SUCCESS][CORE_1][pid 109641] exit success!
[SUCCESS][CORE_2][pid 109642] exit success!
[TmSim]: Run in serial mode.
[SUCCESS][CORE_3][pid 109643] exit success!
{"backend":"ascendc_cpu_debug","status":"passed","op":"merge"}
RESULT {"phase": "007-merge", "command": ["/home/sunao2000.linux/gpt_new_oscar/build/cpu/oscar_primitive_cpu", "merge", "/home/sunao2000.linux/gpt_new_oscar/artifacts/cpu_cases/merge_128_1"], "returncode": 0, "elapsed_seconds": 0.104847, "timed_out": false, "interrupted": false, "log": "/home/sunao2000.linux/gpt_new_oscar/logs/vm-primitives/007-merge.log", "cleanup_complete": true}
[oscar] PASSED phase=007-merge rc=0 log=logs/vm-primitives/007-merge.log
START phase=008-merge cwd=/home/sunao2000.linux/gpt_new_oscar command=["/home/sunao2000.linux/gpt_new_oscar/build/cpu/oscar_primitive_cpu", "merge", "/home/sunao2000.linux/gpt_new_oscar/artifacts/cpu_cases/merge_128_3"]
[TmSim]: Run in serial mode.
[TmSim]: Run in serial mode.
[TmSim]: Run in serial mode.
[TmSim]: Run in serial mode.
[SUCCESS][CORE_0][pid 109646] exit success!
[SUCCESS][CORE_1][pid 109647] exit success!
[SUCCESS][CORE_2][pid 109648] exit success!
[SUCCESS][CORE_3][pid 109649] exit success!
{"backend":"ascendc_cpu_debug","status":"passed","op":"merge"}
RESULT {"phase": "008-merge", "command": ["/home/sunao2000.linux/gpt_new_oscar/build/cpu/oscar_primitive_cpu", "merge", "/home/sunao2000.linux/gpt_new_oscar/artifacts/cpu_cases/merge_128_3"], "returncode": 0, "elapsed_seconds": 0.212023, "timed_out": false, "interrupted": false, "log": "/home/sunao2000.linux/gpt_new_oscar/logs/vm-primitives/008-merge.log", "cleanup_complete": true}
[oscar] PASSED phase=008-merge rc=0 log=logs/vm-primitives/008-merge.log
START phase=009-merge cwd=/home/sunao2000.linux/gpt_new_oscar command=["/home/sunao2000.linux/gpt_new_oscar/build/cpu/oscar_primitive_cpu", "merge", "/home/sunao2000.linux/gpt_new_oscar/artifacts/cpu_cases/merge_128_128"]
[TmSim]: Run in serial mode.
[TmSim]: Run in serial mode.
[TmSim]: Run in serial mode.
[TmSim]: Run in serial mode.
[SUCCESS][CORE_0][pid 109652] exit success!
[SUCCESS][CORE_1][pid 109653] exit success!
[SUCCESS][CORE_2][pid 109654] exit success!
[SUCCESS][CORE_3][pid 109655] exit success!
{"backend":"ascendc_cpu_debug","status":"passed","op":"merge"}
RESULT {"phase": "009-merge", "command": ["/home/sunao2000.linux/gpt_new_oscar/build/cpu/oscar_primitive_cpu", "merge", "/home/sunao2000.linux/gpt_new_oscar/artifacts/cpu_cases/merge_128_128"], "returncode": 0, "elapsed_seconds": 0.310933, "timed_out": false, "interrupted": false, "log": "/home/sunao2000.linux/gpt_new_oscar/logs/vm-primitives/009-merge.log", "cleanup_complete": true}
[oscar] PASSED phase=009-merge rc=0 log=logs/vm-primitives/009-merge.log
START phase=010-store cwd=/home/sunao2000.linux/gpt_new_oscar command=["/home/sunao2000.linux/gpt_new_oscar/build/cpu/oscar_primitive_cpu", "store", "/home/sunao2000.linux/gpt_new_oscar/artifacts/cpu_cases/store_256_0"]
[TmSim]: Run in serial mode.
[TmSim]: Run in serial mode.
[TmSim]: Run in serial mode.
[TmSim]: Run in serial mode.
[SUCCESS][CORE_0][pid 109658] exit success!
[SUCCESS][CORE_1][pid 109659] exit success!
[SUCCESS][CORE_2][pid 109660] exit success!
[SUCCESS][CORE_3][pid 109661] exit success!
{"backend":"ascendc_cpu_debug","status":"passed","op":"store"}
RESULT {"phase": "010-store", "command": ["/home/sunao2000.linux/gpt_new_oscar/build/cpu/oscar_primitive_cpu", "store", "/home/sunao2000.linux/gpt_new_oscar/artifacts/cpu_cases/store_256_0"], "returncode": 0, "elapsed_seconds": 0.20617, "timed_out": false, "interrupted": false, "log": "/home/sunao2000.linux/gpt_new_oscar/logs/vm-primitives/010-store.log", "cleanup_complete": true}
[oscar] PASSED phase=010-store rc=0 log=logs/vm-primitives/010-store.log
START phase=011-store cwd=/home/sunao2000.linux/gpt_new_oscar command=["/home/sunao2000.linux/gpt_new_oscar/build/cpu/oscar_primitive_cpu", "store", "/home/sunao2000.linux/gpt_new_oscar/artifacts/cpu_cases/store_256_1"]
[TmSim]: Run in serial mode.
[TmSim]: Run in serial mode.
[TmSim]: Run in serial mode.
[TmSim]: Run in serial mode.
[SUCCESS][CORE_0][pid 109664] exit success!
[SUCCESS][CORE_1][pid 109665] exit success!
[SUCCESS][CORE_2][pid 109666] exit success!
[SUCCESS][CORE_3][pid 109667] exit success!
{"backend":"ascendc_cpu_debug","status":"passed","op":"store"}
RESULT {"phase": "011-store", "command": ["/home/sunao2000.linux/gpt_new_oscar/build/cpu/oscar_primitive_cpu", "store", "/home/sunao2000.linux/gpt_new_oscar/artifacts/cpu_cases/store_256_1"], "returncode": 0, "elapsed_seconds": 0.206664, "timed_out": false, "interrupted": false, "log": "/home/sunao2000.linux/gpt_new_oscar/logs/vm-primitives/011-store.log", "cleanup_complete": true}
[oscar] PASSED phase=011-store rc=0 log=logs/vm-primitives/011-store.log
START phase=012-merge cwd=/home/sunao2000.linux/gpt_new_oscar command=["/home/sunao2000.linux/gpt_new_oscar/build/cpu/oscar_primitive_cpu", "merge", "/home/sunao2000.linux/gpt_new_oscar/artifacts/cpu_cases/merge_256_1"]
[TmSim]: Run in serial mode.
[TmSim]: Run in serial mode.
[TmSim]: Run in serial mode.
[TmSim]: Run in serial mode.
[SUCCESS][CORE_0][pid 109670] exit success!
[SUCCESS][CORE_1][pid 109671] exit success!
[SUCCESS][CORE_2][pid 109672] exit success!
[SUCCESS][CORE_3][pid 109673] exit success!
{"backend":"ascendc_cpu_debug","status":"passed","op":"merge"}
RESULT {"phase": "012-merge", "command": ["/home/sunao2000.linux/gpt_new_oscar/build/cpu/oscar_primitive_cpu", "merge", "/home/sunao2000.linux/gpt_new_oscar/artifacts/cpu_cases/merge_256_1"], "returncode": 0, "elapsed_seconds": 0.103496, "timed_out": false, "interrupted": false, "log": "/home/sunao2000.linux/gpt_new_oscar/logs/vm-primitives/012-merge.log", "cleanup_complete": true}
[oscar] PASSED phase=012-merge rc=0 log=logs/vm-primitives/012-merge.log
START phase=013-merge cwd=/home/sunao2000.linux/gpt_new_oscar command=["/home/sunao2000.linux/gpt_new_oscar/build/cpu/oscar_primitive_cpu", "merge", "/home/sunao2000.linux/gpt_new_oscar/artifacts/cpu_cases/merge_256_3"]
[TmSim]: Run in serial mode.
[TmSim]: Run in serial mode.
[TmSim]: Run in serial mode.
[TmSim]: Run in serial mode.
[SUCCESS][CORE_0][pid 109676] exit success!
[SUCCESS][CORE_1][pid 109677] exit success!
[SUCCESS][CORE_2][pid 109678] exit success!
[SUCCESS][CORE_3][pid 109679] exit success!
{"backend":"ascendc_cpu_debug","status":"passed","op":"merge"}
RESULT {"phase": "013-merge", "command": ["/home/sunao2000.linux/gpt_new_oscar/build/cpu/oscar_primitive_cpu", "merge", "/home/sunao2000.linux/gpt_new_oscar/artifacts/cpu_cases/merge_256_3"], "returncode": 0, "elapsed_seconds": 0.101513, "timed_out": false, "interrupted": false, "log": "/home/sunao2000.linux/gpt_new_oscar/logs/vm-primitives/013-merge.log", "cleanup_complete": true}
[oscar] PASSED phase=013-merge rc=0 log=logs/vm-primitives/013-merge.log
START phase=014-merge cwd=/home/sunao2000.linux/gpt_new_oscar command=["/home/sunao2000.linux/gpt_new_oscar/build/cpu/oscar_primitive_cpu", "merge", "/home/sunao2000.linux/gpt_new_oscar/artifacts/cpu_cases/merge_256_128"]
[TmSim]: Run in serial mode.
[TmSim]: Run in serial mode.
[TmSim]: Run in serial mode.
[TmSim]: Run in serial mode.
[SUCCESS][CORE_0][pid 109682] exit success!
[SUCCESS][CORE_1][pid 109683] exit success!
[SUCCESS][CORE_2][pid 109684] exit success!
[SUCCESS][CORE_3][pid 109685] exit success!
{"backend":"ascendc_cpu_debug","status":"passed","op":"merge"}
RESULT {"phase": "014-merge", "command": ["/home/sunao2000.linux/gpt_new_oscar/build/cpu/oscar_primitive_cpu", "merge", "/home/sunao2000.linux/gpt_new_oscar/artifacts/cpu_cases/merge_256_128"], "returncode": 0, "elapsed_seconds": 0.312327, "timed_out": false, "interrupted": false, "log": "/home/sunao2000.linux/gpt_new_oscar/logs/vm-primitives/014-merge.log", "cleanup_complete": true}
[oscar] PASSED phase=014-merge rc=0 log=logs/vm-primitives/014-merge.log
START phase=015-guard cwd=/home/sunao2000.linux/gpt_new_oscar command=["/home/sunao2000.linux/gpt_new_oscar/build/cpu/oscar_primitive_cpu", "guard", "/home/sunao2000.linux/gpt_new_oscar/artifacts/cpu_cases/guard_zero"]
[TmSim]: Run in serial mode.
[TmSim]: Run in serial mode.
[TmSim]: Run in serial mode.
[TmSim]: Run in serial mode.
[SUCCESS][CORE_0][pid 109689] exit success!
[SUCCESS][CORE_1][pid 109690] exit success!
[SUCCESS][CORE_2][pid 109691] exit success!
[SUCCESS][CORE_3][pid 109692] exit success!
{"backend":"ascendc_cpu_debug","status":"passed","op":"guard"}
RESULT {"phase": "015-guard", "command": ["/home/sunao2000.linux/gpt_new_oscar/build/cpu/oscar_primitive_cpu", "guard", "/home/sunao2000.linux/gpt_new_oscar/artifacts/cpu_cases/guard_zero"], "returncode": 0, "elapsed_seconds": 0.105742, "timed_out": false, "interrupted": false, "log": "/home/sunao2000.linux/gpt_new_oscar/logs/vm-primitives/015-guard.log", "cleanup_complete": true}
[oscar] PASSED phase=015-guard rc=0 log=logs/vm-primitives/015-guard.log
START phase=016-guard cwd=/home/sunao2000.linux/gpt_new_oscar command=["/home/sunao2000.linux/gpt_new_oscar/build/cpu/oscar_primitive_cpu", "guard", "/home/sunao2000.linux/gpt_new_oscar/artifacts/cpu_cases/guard_error"]
[TmSim]: Run in serial mode.
[TmSim]: Run in serial mode.
OSCAR_GUARD segment=3 index=1024 status=3
[TmSim]: Run in serial mode.
[SUCCESS][CORE_0][pid 109695] exit success!
[TmSim]: Run in serial mode.
[ERROR][Block_1][AIV_0][kernel_utils.cpp:1216][trap][109696] Aicore error exception, triggered by trap();
[ERROR][CORE_1][pid 109696] error happened! ========= 
SIGABRT Signal (Abort Signal from abort) catched, backtrace info:
[#0] 0x00000000000bc8af: AscendC::StackTrace() at ??:?
[#1] 0x00000000000bcc93: AscendC::BacktracePrint(int) at ??:?
[#2] 0x0000000000022143: Handler(int) at /usr/local/Ascend/cann-9.1.0/tools/cpudebug/include/kern_fwk.h:43
[#3] 0x000000000015e9b7: AscendC::trap() at ??:?
[#4] 0x00000000000603f3: AscendC::TrapImpl() at /usr/local/Ascend/cann-9.1.0/aarch64-linux/asc/impl/basic_api/dav_c220/kernel_operator_sys_var_impl.h:116
[#5] 0x000000000006040b: AscendC::Trap() at /usr/local/Ascend/cann-9.1.0/aarch64-linux/asc/impl/basic_api/kernel_operator_sys_var_intf_impl.h:123
[#6] 0x000000000005fe23: oscar_status_guard_kernel at /home/sunao2000.linux/gpt_new_oscar/csrc/kernels/status_guard.cpp:39
[#7] 0x000000000002653f: void AscendC::RunKernelFunctionOnCpu<void (*)(unsigned char*, unsigned char*, unsigned char*, unsigned char*, long, long, long, long), unsigned char*, unsigned char*, unsigned char*, unsigned char*, long, long, long, long>(void (*)(unsigned char*, unsigned char*, unsigned char*, unsigned char*, long, long, long, long), char const*, unsigned int, unsigned char*, unsigned char*, unsigned char*, unsigned char*, long, long, long, long) at /usr/local/Ascend/cann-9.1.0/tools/cpudebug/include/kern_fwk.h:142
[#8] 0x000000000001dd27: main at /home/sunao2000.linux/gpt_new_oscar/csrc/cpu/primitive_probe.cpp:73
[#9] 0x000000000001c8ef: _start at ??:?

[SUCCESS][CORE_2][pid 109697] exit success!
[SUCCESS][CORE_3][pid 109698] exit success!
{"backend":"ascendc_cpu_debug","status":"passed","op":"guard"}
RESULT {"phase": "016-guard", "command": ["/home/sunao2000.linux/gpt_new_oscar/build/cpu/oscar_primitive_cpu", "guard", "/home/sunao2000.linux/gpt_new_oscar/artifacts/cpu_cases/guard_error"], "returncode": 0, "elapsed_seconds": 0.208591, "timed_out": false, "interrupted": false, "log": "/home/sunao2000.linux/gpt_new_oscar/logs/vm-primitives/016-guard.log", "cleanup_complete": true}
[oscar] PASSED phase=016-guard rc=0 log=logs/vm-primitives/016-guard.log
{
  "backend": "official_ascendc_cpu_debug",
  "status": "passed",
  "cases": [
    {
      "op": "store",
      "path": "artifacts/cpu_cases/store_64_0",
      "status": "passed",
      "returncode": 0,
      "log": "/home/sunao2000.linux/gpt_new_oscar/logs/vm-primitives/000-store.log"
    },
    {
      "op": "store",
      "path": "artifacts/cpu_cases/store_64_1",
      "status": "passed",
      "returncode": 0,
      "log": "/home/sunao2000.linux/gpt_new_oscar/logs/vm-primitives/001-store.log"
    },
    {
      "op": "merge",
      "path": "artifacts/cpu_cases/merge_64_1",
      "status": "passed",
      "returncode": 0,
      "log": "/home/sunao2000.linux/gpt_new_oscar/logs/vm-primitives/002-merge.log"
    },
    {
      "op": "merge",
      "path": "artifacts/cpu_cases/merge_64_3",
      "status": "passed",
      "returncode": 0,
      "log": "/home/sunao2000.linux/gpt_new_oscar/logs/vm-primitives/003-merge.log"
    },
    {
      "op": "merge",
      "path": "artifacts/cpu_cases/merge_64_128",
      "status": "passed",
      "returncode": 0,
      "log": "/home/sunao2000.linux/gpt_new_oscar/logs/vm-primitives/004-merge.log"
    },
    {
      "op": "store",
      "path": "artifacts/cpu_cases/store_128_0",
      "status": "passed",
      "returncode": 0,
      "log": "/home/sunao2000.linux/gpt_new_oscar/logs/vm-primitives/005-store.log"
    },
    {
      "op": "store",
      "path": "artifacts/cpu_cases/store_128_1",
      "status": "passed",
      "returncode": 0,
      "log": "/home/sunao2000.linux/gpt_new_oscar/logs/vm-primitives/006-store.log"
    },
    {
      "op": "merge",
      "path": "artifacts/cpu_cases/merge_128_1",
      "status": "passed",
      "returncode": 0,
      "log": "/home/sunao2000.linux/gpt_new_oscar/logs/vm-primitives/007-merge.log"
    },
    {
      "op": "merge",
      "path": "artifacts/cpu_cases/merge_128_3",
      "status": "passed",
      "returncode": 0,
      "log": "/home/sunao2000.linux/gpt_new_oscar/logs/vm-primitives/008-merge.log"
    },
    {
      "op": "merge",
      "path": "artifacts/cpu_cases/merge_128_128",
      "status": "passed",
      "returncode": 0,
      "log": "/home/sunao2000.linux/gpt_new_oscar/logs/vm-primitives/009-merge.log"
    },
    {
      "op": "store",
      "path": "artifacts/cpu_cases/store_256_0",
      "status": "passed",
      "returncode": 0,
      "log": "/home/sunao2000.linux/gpt_new_oscar/logs/vm-primitives/010-store.log"
    },
    {
      "op": "store",
      "path": "artifacts/cpu_cases/store_256_1",
      "status": "passed",
      "returncode": 0,
      "log": "/home/sunao2000.linux/gpt_new_oscar/logs/vm-primitives/011-store.log"
    },
    {
      "op": "merge",
      "path": "artifacts/cpu_cases/merge_256_1",
      "status": "passed",
      "returncode": 0,
      "log": "/home/sunao2000.linux/gpt_new_oscar/logs/vm-primitives/012-merge.log"
    },
    {
      "op": "merge",
      "path": "artifacts/cpu_cases/merge_256_3",
      "status": "passed",
      "returncode": 0,
      "log": "/home/sunao2000.linux/gpt_new_oscar/logs/vm-primitives/013-merge.log"
    },
    {
      "op": "merge",
      "path": "artifacts/cpu_cases/merge_256_128",
      "status": "passed",
      "returncode": 0,
      "log": "/home/sunao2000.linux/gpt_new_oscar/logs/vm-primitives/014-merge.log"
    },
    {
      "op": "guard",
      "path": "artifacts/cpu_cases/guard_zero",
      "expect_kernel_error": false,
      "status": "passed",
      "returncode": 0,
      "log": "/home/sunao2000.linux/gpt_new_oscar/logs/vm-primitives/015-guard.log"
    },
    {
      "op": "guard",
      "path": "artifacts/cpu_cases/guard_error",
      "expect_kernel_error": true,
      "status": "passed",
      "returncode": 0,
      "log": "/home/sunao2000.linux/gpt_new_oscar/logs/vm-primitives/016-guard.log"
    }
  ],
  "npu_acceptance": "not_run"
}
RESULT {"phase": "primitive-debug", "command": ["limactl", "shell", "--workdir", "/home/sunao2000.linux/gpt_new_oscar", "oscar", "--", "timeout", "--signal=TERM", "--kill-after=10s", "1900", "bash", "-lc", "source /usr/local/Ascend/cann-9.1.0/set_env.sh; export TORCH_DEVICE_BACKEND_AUTOLOAD=0; .venv/bin/python -m tools.run_cpu_debug --log-dir logs/vm-primitives"], "returncode": 0, "elapsed_seconds": 3.321423, "timed_out": false, "interrupted": false, "log": "/Users/sunao2000/gpt_new_oscar/reports/vm/logs/primitive-debug.log", "cleanup_complete": true}
[oscar] PASSED phase=primitive-debug rc=0 log=/Users/sunao2000/gpt_new_oscar/reports/vm/logs/primitive-debug.log
START phase=rotation-goldens cwd=/Users/sunao2000/gpt_new_oscar command=["limactl", "shell", "--workdir", "/home/sunao2000.linux/gpt_new_oscar", "oscar", "--", "timeout", "--signal=TERM", "--kill-after=10s", "1900", "bash", "-lc", "source /usr/local/Ascend/cann-9.1.0/set_env.sh; export TORCH_DEVICE_BACKEND_AUTOLOAD=0; .venv/bin/python -m tools.generate_rotation_cpu_cases --output artifacts/rotation_cpu_cases"]
[
  {
    "op": "rotate",
    "path": "artifacts/rotation_cpu_cases/rotate_64_0"
  },
  {
    "op": "rotate",
    "path": "artifacts/rotation_cpu_cases/rotate_masked_64_0"
  },
  {
    "op": "rotate_store",
    "path": "artifacts/rotation_cpu_cases/rotate_store_64_0_0.00"
  },
  {
    "op": "rotate_store",
    "path": "artifacts/rotation_cpu_cases/rotate_store_64_0_0.95"
  },
  {
    "op": "rotate",
    "path": "artifacts/rotation_cpu_cases/rotate_64_1"
  },
  {
    "op": "rotate",
    "path": "artifacts/rotation_cpu_cases/rotate_masked_64_1"
  },
  {
    "op": "rotate_store",
    "path": "artifacts/rotation_cpu_cases/rotate_store_64_1_0.00"
  },
  {
    "op": "rotate_store",
    "path": "artifacts/rotation_cpu_cases/rotate_store_64_1_0.95"
  },
  {
    "op": "rotate",
    "path": "artifacts/rotation_cpu_cases/rotate_128_0"
  },
  {
    "op": "rotate",
    "path": "artifacts/rotation_cpu_cases/rotate_masked_128_0"
  },
  {
    "op": "rotate_store",
    "path": "artifacts/rotation_cpu_cases/rotate_store_128_0_0.00"
  },
  {
    "op": "rotate_store",
    "path": "artifacts/rotation_cpu_cases/rotate_store_128_0_0.95"
  },
  {
    "op": "rotate",
    "path": "artifacts/rotation_cpu_cases/rotate_128_1"
  },
  {
    "op": "rotate",
    "path": "artifacts/rotation_cpu_cases/rotate_masked_128_1"
  },
  {
    "op": "rotate_store",
    "path": "artifacts/rotation_cpu_cases/rotate_store_128_1_0.00"
  },
  {
    "op": "rotate_store",
    "path": "artifacts/rotation_cpu_cases/rotate_store_128_1_0.95"
  },
  {
    "op": "rotate",
    "path": "artifacts/rotation_cpu_cases/rotate_256_0"
  },
  {
    "op": "rotate",
    "path": "artifacts/rotation_cpu_cases/rotate_masked_256_0"
  },
  {
    "op": "rotate_store",
    "path": "artifacts/rotation_cpu_cases/rotate_store_256_0_0.00"
  },
  {
    "op": "rotate_store",
    "path": "artifacts/rotation_cpu_cases/rotate_store_256_0_0.95"
  },
  {
    "op": "rotate",
    "path": "artifacts/rotation_cpu_cases/rotate_256_1"
  },
  {
    "op": "rotate",
    "path": "artifacts/rotation_cpu_cases/rotate_masked_256_1"
  },
  {
    "op": "rotate_store",
    "path": "artifacts/rotation_cpu_cases/rotate_store_256_1_0.00"
  },
  {
    "op": "rotate_store",
    "path": "artifacts/rotation_cpu_cases/rotate_store_256_1_0.95"
  },
  {
    "op": "rotate_store",
    "path": "artifacts/rotation_cpu_cases/rotate_store_errors"
  },
  {
    "op": "rotate_store",
    "path": "artifacts/rotation_cpu_cases/rotate_store_sink_only"
  }
]
RESULT {"phase": "rotation-goldens", "command": ["limactl", "shell", "--workdir", "/home/sunao2000.linux/gpt_new_oscar", "oscar", "--", "timeout", "--signal=TERM", "--kill-after=10s", "1900", "bash", "-lc", "source /usr/local/Ascend/cann-9.1.0/set_env.sh; export TORCH_DEVICE_BACKEND_AUTOLOAD=0; .venv/bin/python -m tools.generate_rotation_cpu_cases --output artifacts/rotation_cpu_cases"], "returncode": 0, "elapsed_seconds": 1.029202, "timed_out": false, "interrupted": false, "log": "/Users/sunao2000/gpt_new_oscar/reports/vm/logs/rotation-goldens.log", "cleanup_complete": true}
[oscar] PASSED phase=rotation-goldens rc=0 log=/Users/sunao2000/gpt_new_oscar/reports/vm/logs/rotation-goldens.log
START phase=rotation-debug cwd=/Users/sunao2000/gpt_new_oscar command=["limactl", "shell", "--workdir", "/home/sunao2000.linux/gpt_new_oscar", "oscar", "--", "timeout", "--signal=TERM", "--kill-after=10s", "1900", "bash", "-lc", "source /usr/local/Ascend/cann-9.1.0/set_env.sh; export TORCH_DEVICE_BACKEND_AUTOLOAD=0; .venv/bin/python -m tools.run_cpu_debug --executable build/cpu/oscar_rotation_cpu --cases artifacts/rotation_cpu_cases/cases.json --output reports/rotation_cpu_debug.json --log-dir logs/vm-rotation"]
START phase=000-rotate cwd=/home/sunao2000.linux/gpt_new_oscar command=["/home/sunao2000.linux/gpt_new_oscar/build/cpu/oscar_rotation_cpu", "rotate", "/home/sunao2000.linux/gpt_new_oscar/artifacts/rotation_cpu_cases/rotate_64_0"]
[TmSim]: Run in serial mode.
[TmSim]: Run in serial mode.
[TmSim]: Run in serial mode.
[TmSim]: Run in serial mode.
[SUCCESS][CORE_0][pid 109824] exit success!
[SUCCESS][CORE_1][pid 109825] exit success!
[SUCCESS][CORE_2][pid 109826] exit success!
[SUCCESS][CORE_3][pid 109827] exit success!
max_abs_error=1.19209e-06
{"backend":"ascendc_cpu_debug","status":"passed","op":"rotate"}
RESULT {"phase": "000-rotate", "command": ["/home/sunao2000.linux/gpt_new_oscar/build/cpu/oscar_rotation_cpu", "rotate", "/home/sunao2000.linux/gpt_new_oscar/artifacts/rotation_cpu_cases/rotate_64_0"], "returncode": 0, "elapsed_seconds": 0.411803, "timed_out": false, "interrupted": false, "log": "/home/sunao2000.linux/gpt_new_oscar/logs/vm-rotation/000-rotate.log", "cleanup_complete": true}
[oscar] PASSED phase=000-rotate rc=0 log=logs/vm-rotation/000-rotate.log
START phase=001-rotate cwd=/home/sunao2000.linux/gpt_new_oscar command=["/home/sunao2000.linux/gpt_new_oscar/build/cpu/oscar_rotation_cpu", "rotate", "/home/sunao2000.linux/gpt_new_oscar/artifacts/rotation_cpu_cases/rotate_masked_64_0"]
[TmSim]: Run in serial mode.
[TmSim]: Run in serial mode.
[TmSim]: Run in serial mode.
[TmSim]: Run in serial mode.
[SUCCESS][CORE_0][pid 109830] exit success!
[SUCCESS][CORE_1][pid 109831] exit success!
[SUCCESS][CORE_2][pid 109832] exit success!
[SUCCESS][CORE_3][pid 109833] exit success!
max_abs_error=7.15256e-07
{"backend":"ascendc_cpu_debug","status":"passed","op":"rotate"}
RESULT {"phase": "001-rotate", "command": ["/home/sunao2000.linux/gpt_new_oscar/build/cpu/oscar_rotation_cpu", "rotate", "/home/sunao2000.linux/gpt_new_oscar/artifacts/rotation_cpu_cases/rotate_masked_64_0"], "returncode": 0, "elapsed_seconds": 0.417273, "timed_out": false, "interrupted": false, "log": "/home/sunao2000.linux/gpt_new_oscar/logs/vm-rotation/001-rotate.log", "cleanup_complete": true}
[oscar] PASSED phase=001-rotate rc=0 log=logs/vm-rotation/001-rotate.log
START phase=002-rotate_store cwd=/home/sunao2000.linux/gpt_new_oscar command=["/home/sunao2000.linux/gpt_new_oscar/build/cpu/oscar_rotation_cpu", "rotate_store", "/home/sunao2000.linux/gpt_new_oscar/artifacts/rotation_cpu_cases/rotate_store_64_0_0.00"]
[TmSim]: Run in serial mode.
[TmSim]: Run in serial mode.
[TmSim]: Run in serial mode.
[SUCCESS][CORE_0][pid 109836] exit success!
[SUCCESS][CORE_1][pid 109837] exit success!
[TmSim]: Run in serial mode.
[SUCCESS][CORE_2][pid 109838] exit success!
[SUCCESS][CORE_3][pid 109839] exit success!
{"backend":"ascendc_cpu_debug","status":"passed","op":"rotate_store"}
RESULT {"phase": "002-rotate_store", "command": ["/home/sunao2000.linux/gpt_new_oscar/build/cpu/oscar_rotation_cpu", "rotate_store", "/home/sunao2000.linux/gpt_new_oscar/artifacts/rotation_cpu_cases/rotate_store_64_0_0.00"], "returncode": 0, "elapsed_seconds": 0.831225, "timed_out": false, "interrupted": false, "log": "/home/sunao2000.linux/gpt_new_oscar/logs/vm-rotation/002-rotate_store.log", "cleanup_complete": true}
[oscar] PASSED phase=002-rotate_store rc=0 log=logs/vm-rotation/002-rotate_store.log
START phase=003-rotate_store cwd=/home/sunao2000.linux/gpt_new_oscar command=["/home/sunao2000.linux/gpt_new_oscar/build/cpu/oscar_rotation_cpu", "rotate_store", "/home/sunao2000.linux/gpt_new_oscar/artifacts/rotation_cpu_cases/rotate_store_64_0_0.95"]
[TmSim]: Run in serial mode.
[TmSim]: Run in serial mode.
[TmSim]: Run in serial mode.
[SUCCESS][CORE_0][pid 109843] exit success!
[TmSim]: Run in serial mode.
[SUCCESS][CORE_1][pid 109844] exit success!
[SUCCESS][CORE_2][pid 109845] exit success!
[SUCCESS][CORE_3][pid 109846] exit success!
{"backend":"ascendc_cpu_debug","status":"passed","op":"rotate_store"}
RESULT {"phase": "003-rotate_store", "command": ["/home/sunao2000.linux/gpt_new_oscar/build/cpu/oscar_rotation_cpu", "rotate_store", "/home/sunao2000.linux/gpt_new_oscar/artifacts/rotation_cpu_cases/rotate_store_64_0_0.95"], "returncode": 0, "elapsed_seconds": 0.838837, "timed_out": false, "interrupted": false, "log": "/home/sunao2000.linux/gpt_new_oscar/logs/vm-rotation/003-rotate_store.log", "cleanup_complete": true}
[oscar] PASSED phase=003-rotate_store rc=0 log=logs/vm-rotation/003-rotate_store.log
START phase=004-rotate cwd=/home/sunao2000.linux/gpt_new_oscar command=["/home/sunao2000.linux/gpt_new_oscar/build/cpu/oscar_rotation_cpu", "rotate", "/home/sunao2000.linux/gpt_new_oscar/artifacts/rotation_cpu_cases/rotate_64_1"]
[TmSim]: Run in serial mode.
[TmSim]: Run in serial mode.
[TmSim]: Run in serial mode.
[SUCCESS][CORE_0][pid 109849] exit success!
[SUCCESS][CORE_1][pid 109850] exit success!
[TmSim]: Run in serial mode.
[SUCCESS][CORE_2][pid 109851] exit success!
[SUCCESS][CORE_3][pid 109852] exit success!
max_abs_error=0
{"backend":"ascendc_cpu_debug","status":"passed","op":"rotate"}
RESULT {"phase": "004-rotate", "command": ["/home/sunao2000.linux/gpt_new_oscar/build/cpu/oscar_rotation_cpu", "rotate", "/home/sunao2000.linux/gpt_new_oscar/artifacts/rotation_cpu_cases/rotate_64_1"], "returncode": 0, "elapsed_seconds": 0.202136, "timed_out": false, "interrupted": false, "log": "/home/sunao2000.linux/gpt_new_oscar/logs/vm-rotation/004-rotate.log", "cleanup_complete": true}
[oscar] PASSED phase=004-rotate rc=0 log=logs/vm-rotation/004-rotate.log
START phase=005-rotate cwd=/home/sunao2000.linux/gpt_new_oscar command=["/home/sunao2000.linux/gpt_new_oscar/build/cpu/oscar_rotation_cpu", "rotate", "/home/sunao2000.linux/gpt_new_oscar/artifacts/rotation_cpu_cases/rotate_masked_64_1"]
[TmSim]: Run in serial mode.
[TmSim]: Run in serial mode.
[TmSim]: Run in serial mode.
[TmSim]: Run in serial mode.
[SUCCESS][CORE_0][pid 109855] exit success!
[SUCCESS][CORE_1][pid 109856] exit success!
[SUCCESS][CORE_2][pid 109857] exit success!
[SUCCESS][CORE_3][pid 109858] exit success!
max_abs_error=0
{"backend":"ascendc_cpu_debug","status":"passed","op":"rotate"}
RESULT {"phase": "005-rotate", "command": ["/home/sunao2000.linux/gpt_new_oscar/build/cpu/oscar_rotation_cpu", "rotate", "/home/sunao2000.linux/gpt_new_oscar/artifacts/rotation_cpu_cases/rotate_masked_64_1"], "returncode": 0, "elapsed_seconds": 0.206766, "timed_out": false, "interrupted": false, "log": "/home/sunao2000.linux/gpt_new_oscar/logs/vm-rotation/005-rotate.log", "cleanup_complete": true}
[oscar] PASSED phase=005-rotate rc=0 log=logs/vm-rotation/005-rotate.log
START phase=006-rotate_store cwd=/home/sunao2000.linux/gpt_new_oscar command=["/home/sunao2000.linux/gpt_new_oscar/build/cpu/oscar_rotation_cpu", "rotate_store", "/home/sunao2000.linux/gpt_new_oscar/artifacts/rotation_cpu_cases/rotate_store_64_1_0.00"]
[TmSim]: Run in serial mode.
[TmSim]: Run in serial mode.
[TmSim]: Run in serial mode.
[SUCCESS][CORE_0][pid 109861] exit success!
[TmSim]: Run in serial mode.
[SUCCESS][CORE_1][pid 109862] exit success!
[SUCCESS][CORE_2][pid 109863] exit success!
[SUCCESS][CORE_3][pid 109864] exit success!
{"backend":"ascendc_cpu_debug","status":"passed","op":"rotate_store"}
RESULT {"phase": "006-rotate_store", "command": ["/home/sunao2000.linux/gpt_new_oscar/build/cpu/oscar_rotation_cpu", "rotate_store", "/home/sunao2000.linux/gpt_new_oscar/artifacts/rotation_cpu_cases/rotate_store_64_1_0.00"], "returncode": 0, "elapsed_seconds": 0.307014, "timed_out": false, "interrupted": false, "log": "/home/sunao2000.linux/gpt_new_oscar/logs/vm-rotation/006-rotate_store.log", "cleanup_complete": true}
[oscar] PASSED phase=006-rotate_store rc=0 log=logs/vm-rotation/006-rotate_store.log
START phase=007-rotate_store cwd=/home/sunao2000.linux/gpt_new_oscar command=["/home/sunao2000.linux/gpt_new_oscar/build/cpu/oscar_rotation_cpu", "rotate_store", "/home/sunao2000.linux/gpt_new_oscar/artifacts/rotation_cpu_cases/rotate_store_64_1_0.95"]
[TmSim]: Run in serial mode.
[TmSim]: Run in serial mode.
[TmSim]: Run in serial mode.
[TmSim]: Run in serial mode.
[SUCCESS][CORE_0][pid 109867] exit success!
[SUCCESS][CORE_1][pid 109868] exit success!
[SUCCESS][CORE_2][pid 109869] exit success!
[SUCCESS][CORE_3][pid 109870] exit success!
{"backend":"ascendc_cpu_debug","status":"passed","op":"rotate_store"}
RESULT {"phase": "007-rotate_store", "command": ["/home/sunao2000.linux/gpt_new_oscar/build/cpu/oscar_rotation_cpu", "rotate_store", "/home/sunao2000.linux/gpt_new_oscar/artifacts/rotation_cpu_cases/rotate_store_64_1_0.95"], "returncode": 0, "elapsed_seconds": 0.403501, "timed_out": false, "interrupted": false, "log": "/home/sunao2000.linux/gpt_new_oscar/logs/vm-rotation/007-rotate_store.log", "cleanup_complete": true}
[oscar] PASSED phase=007-rotate_store rc=0 log=logs/vm-rotation/007-rotate_store.log
START phase=008-rotate cwd=/home/sunao2000.linux/gpt_new_oscar command=["/home/sunao2000.linux/gpt_new_oscar/build/cpu/oscar_rotation_cpu", "rotate", "/home/sunao2000.linux/gpt_new_oscar/artifacts/rotation_cpu_cases/rotate_128_0"]
[TmSim]: Run in serial mode.
[TmSim]: Run in serial mode.
[TmSim]: Run in serial mode.
[TmSim]: Run in serial mode.
[SUCCESS][CORE_0][pid 109873] exit success!
[SUCCESS][CORE_1][pid 109874] exit success!
[SUCCESS][CORE_2][pid 109875] exit success!
[SUCCESS][CORE_3][pid 109876] exit success!
max_abs_error=1.19209e-06
{"backend":"ascendc_cpu_debug","status":"passed","op":"rotate"}
RESULT {"phase": "008-rotate", "command": ["/home/sunao2000.linux/gpt_new_oscar/build/cpu/oscar_rotation_cpu", "rotate", "/home/sunao2000.linux/gpt_new_oscar/artifacts/rotation_cpu_cases/rotate_128_0"], "returncode": 0, "elapsed_seconds": 1.14214, "timed_out": false, "interrupted": false, "log": "/home/sunao2000.linux/gpt_new_oscar/logs/vm-rotation/008-rotate.log", "cleanup_complete": true}
[oscar] PASSED phase=008-rotate rc=0 log=logs/vm-rotation/008-rotate.log
START phase=009-rotate cwd=/home/sunao2000.linux/gpt_new_oscar command=["/home/sunao2000.linux/gpt_new_oscar/build/cpu/oscar_rotation_cpu", "rotate", "/home/sunao2000.linux/gpt_new_oscar/artifacts/rotation_cpu_cases/rotate_masked_128_0"]
[TmSim]: Run in serial mode.
[TmSim]: Run in serial mode.
[TmSim]: Run in serial mode.
[TmSim]: Run in serial mode.
[SUCCESS][CORE_0][pid 109880] exit success!
[SUCCESS][CORE_1][pid 109881] exit success!
[SUCCESS][CORE_2][pid 109882] exit success!
[SUCCESS][CORE_3][pid 109883] exit success!
max_abs_error=1.19209e-06
{"backend":"ascendc_cpu_debug","status":"passed","op":"rotate"}
RESULT {"phase": "009-rotate", "command": ["/home/sunao2000.linux/gpt_new_oscar/build/cpu/oscar_rotation_cpu", "rotate", "/home/sunao2000.linux/gpt_new_oscar/artifacts/rotation_cpu_cases/rotate_masked_128_0"], "returncode": 0, "elapsed_seconds": 1.144065, "timed_out": false, "interrupted": false, "log": "/home/sunao2000.linux/gpt_new_oscar/logs/vm-rotation/009-rotate.log", "cleanup_complete": true}
[oscar] PASSED phase=009-rotate rc=0 log=logs/vm-rotation/009-rotate.log
START phase=010-rotate_store cwd=/home/sunao2000.linux/gpt_new_oscar command=["/home/sunao2000.linux/gpt_new_oscar/build/cpu/oscar_rotation_cpu", "rotate_store", "/home/sunao2000.linux/gpt_new_oscar/artifacts/rotation_cpu_cases/rotate_store_128_0_0.00"]
[TmSim]: Run in serial mode.
[TmSim]: Run in serial mode.
[SUCCESS][CORE_0][pid 109886] exit success!
[TmSim]: Run in serial mode.
[SUCCESS][CORE_1][pid 109887] exit success!
[TmSim]: Run in serial mode.
[SUCCESS][CORE_2][pid 109888] exit success!
[SUCCESS][CORE_3][pid 109889] exit success!
{"backend":"ascendc_cpu_debug","status":"passed","op":"rotate_store"}
RESULT {"phase": "010-rotate_store", "command": ["/home/sunao2000.linux/gpt_new_oscar/build/cpu/oscar_rotation_cpu", "rotate_store", "/home/sunao2000.linux/gpt_new_oscar/artifacts/rotation_cpu_cases/rotate_store_128_0_0.00"], "returncode": 0, "elapsed_seconds": 2.367559, "timed_out": false, "interrupted": false, "log": "/home/sunao2000.linux/gpt_new_oscar/logs/vm-rotation/010-rotate_store.log", "cleanup_complete": true}
[oscar] PASSED phase=010-rotate_store rc=0 log=logs/vm-rotation/010-rotate_store.log
START phase=011-rotate_store cwd=/home/sunao2000.linux/gpt_new_oscar command=["/home/sunao2000.linux/gpt_new_oscar/build/cpu/oscar_rotation_cpu", "rotate_store", "/home/sunao2000.linux/gpt_new_oscar/artifacts/rotation_cpu_cases/rotate_store_128_0_0.95"]
[TmSim]: Run in serial mode.
[TmSim]: Run in serial mode.
[TmSim]: Run in serial mode.
[TmSim]: Run in serial mode.
[SUCCESS][CORE_0][pid 109893] exit success!
[SUCCESS][CORE_1][pid 109894] exit success!
[SUCCESS][CORE_2][pid 109895] exit success!
[SUCCESS][CORE_3][pid 109896] exit success!
{"backend":"ascendc_cpu_debug","status":"passed","op":"rotate_store"}
RESULT {"phase": "011-rotate_store", "command": ["/home/sunao2000.linux/gpt_new_oscar/build/cpu/oscar_rotation_cpu", "rotate_store", "/home/sunao2000.linux/gpt_new_oscar/artifacts/rotation_cpu_cases/rotate_store_128_0_0.95"], "returncode": 0, "elapsed_seconds": 2.388965, "timed_out": false, "interrupted": false, "log": "/home/sunao2000.linux/gpt_new_oscar/logs/vm-rotation/011-rotate_store.log", "cleanup_complete": true}
[oscar] PASSED phase=011-rotate_store rc=0 log=logs/vm-rotation/011-rotate_store.log
START phase=012-rotate cwd=/home/sunao2000.linux/gpt_new_oscar command=["/home/sunao2000.linux/gpt_new_oscar/build/cpu/oscar_rotation_cpu", "rotate", "/home/sunao2000.linux/gpt_new_oscar/artifacts/rotation_cpu_cases/rotate_128_1"]
[TmSim]: Run in serial mode.
[TmSim]: Run in serial mode.
[TmSim]: Run in serial mode.
[TmSim]: Run in serial mode.
[SUCCESS][CORE_0][pid 109900] exit success!
[SUCCESS][CORE_1][pid 109901] exit success!
[SUCCESS][CORE_2][pid 109902] exit success!
[SUCCESS][CORE_3][pid 109903] exit success!
max_abs_error=1.43051e-06
{"backend":"ascendc_cpu_debug","status":"passed","op":"rotate"}
RESULT {"phase": "012-rotate", "command": ["/home/sunao2000.linux/gpt_new_oscar/build/cpu/oscar_rotation_cpu", "rotate", "/home/sunao2000.linux/gpt_new_oscar/artifacts/rotation_cpu_cases/rotate_128_1"], "returncode": 0, "elapsed_seconds": 0.312534, "timed_out": false, "interrupted": false, "log": "/home/sunao2000.linux/gpt_new_oscar/logs/vm-rotation/012-rotate.log", "cleanup_complete": true}
[oscar] PASSED phase=012-rotate rc=0 log=logs/vm-rotation/012-rotate.log
START phase=013-rotate cwd=/home/sunao2000.linux/gpt_new_oscar command=["/home/sunao2000.linux/gpt_new_oscar/build/cpu/oscar_rotation_cpu", "rotate", "/home/sunao2000.linux/gpt_new_oscar/artifacts/rotation_cpu_cases/rotate_masked_128_1"]
[TmSim]: Run in serial mode.
[TmSim]: Run in serial mode.
[TmSim]: Run in serial mode.
[TmSim]: Run in serial mode.
[SUCCESS][CORE_0][pid 109906] exit success!
[SUCCESS][CORE_1][pid 109907] exit success!
[SUCCESS][CORE_2][pid 109908] exit success!
[SUCCESS][CORE_3][pid 109909] exit success!
max_abs_error=9.53674e-07
{"backend":"ascendc_cpu_debug","status":"passed","op":"rotate"}
RESULT {"phase": "013-rotate", "command": ["/home/sunao2000.linux/gpt_new_oscar/build/cpu/oscar_rotation_cpu", "rotate", "/home/sunao2000.linux/gpt_new_oscar/artifacts/rotation_cpu_cases/rotate_masked_128_1"], "returncode": 0, "elapsed_seconds": 0.310593, "timed_out": false, "interrupted": false, "log": "/home/sunao2000.linux/gpt_new_oscar/logs/vm-rotation/013-rotate.log", "cleanup_complete": true}
[oscar] PASSED phase=013-rotate rc=0 log=logs/vm-rotation/013-rotate.log
START phase=014-rotate_store cwd=/home/sunao2000.linux/gpt_new_oscar command=["/home/sunao2000.linux/gpt_new_oscar/build/cpu/oscar_rotation_cpu", "rotate_store", "/home/sunao2000.linux/gpt_new_oscar/artifacts/rotation_cpu_cases/rotate_store_128_1_0.00"]
[TmSim]: Run in serial mode.
[TmSim]: Run in serial mode.
[SUCCESS][CORE_0][pid 109912] exit success!
[TmSim]: Run in serial mode.
[TmSim]: Run in serial mode.
[SUCCESS][CORE_1][pid 109913] exit success!
[SUCCESS][CORE_2][pid 109914] exit success!
[SUCCESS][CORE_3][pid 109915] exit success!
{"backend":"ascendc_cpu_debug","status":"passed","op":"rotate_store"}
RESULT {"phase": "014-rotate_store", "command": ["/home/sunao2000.linux/gpt_new_oscar/build/cpu/oscar_rotation_cpu", "rotate_store", "/home/sunao2000.linux/gpt_new_oscar/artifacts/rotation_cpu_cases/rotate_store_128_1_0.00"], "returncode": 0, "elapsed_seconds": 0.524002, "timed_out": false, "interrupted": false, "log": "/home/sunao2000.linux/gpt_new_oscar/logs/vm-rotation/014-rotate_store.log", "cleanup_complete": true}
[oscar] PASSED phase=014-rotate_store rc=0 log=logs/vm-rotation/014-rotate_store.log
START phase=015-rotate_store cwd=/home/sunao2000.linux/gpt_new_oscar command=["/home/sunao2000.linux/gpt_new_oscar/build/cpu/oscar_rotation_cpu", "rotate_store", "/home/sunao2000.linux/gpt_new_oscar/artifacts/rotation_cpu_cases/rotate_store_128_1_0.95"]
[TmSim]: Run in serial mode.
[TmSim]: Run in serial mode.
[TmSim]: Run in serial mode.
[SUCCESS][CORE_0][pid 109918] exit success!
[SUCCESS][CORE_1][pid 109919] exit success!
[TmSim]: Run in serial mode.
[SUCCESS][CORE_2][pid 109920] exit success!
[SUCCESS][CORE_3][pid 109921] exit success!
{"backend":"ascendc_cpu_debug","status":"passed","op":"rotate_store"}
RESULT {"phase": "015-rotate_store", "command": ["/home/sunao2000.linux/gpt_new_oscar/build/cpu/oscar_rotation_cpu", "rotate_store", "/home/sunao2000.linux/gpt_new_oscar/artifacts/rotation_cpu_cases/rotate_store_128_1_0.95"], "returncode": 0, "elapsed_seconds": 0.729198, "timed_out": false, "interrupted": false, "log": "/home/sunao2000.linux/gpt_new_oscar/logs/vm-rotation/015-rotate_store.log", "cleanup_complete": true}
[oscar] PASSED phase=015-rotate_store rc=0 log=logs/vm-rotation/015-rotate_store.log
START phase=016-rotate cwd=/home/sunao2000.linux/gpt_new_oscar command=["/home/sunao2000.linux/gpt_new_oscar/build/cpu/oscar_rotation_cpu", "rotate", "/home/sunao2000.linux/gpt_new_oscar/artifacts/rotation_cpu_cases/rotate_256_0"]
[TmSim]: Run in serial mode.
[oscar] phase=rotation-debug running seconds=15.1 log=/Users/sunao2000/gpt_new_oscar/reports/vm/logs/rotation-debug.log
[TmSim]: Run in serial mode.
[TmSim]: Run in serial mode.
[TmSim]: Run in serial mode.
[SUCCESS][CORE_0][pid 109924] exit success!
[SUCCESS][CORE_1][pid 109925] exit success!
[SUCCESS][CORE_2][pid 109926] exit success!
[SUCCESS][CORE_3][pid 109927] exit success!
max_abs_error=1.90735e-06
{"backend":"ascendc_cpu_debug","status":"passed","op":"rotate"}
RESULT {"phase": "016-rotate", "command": ["/home/sunao2000.linux/gpt_new_oscar/build/cpu/oscar_rotation_cpu", "rotate", "/home/sunao2000.linux/gpt_new_oscar/artifacts/rotation_cpu_cases/rotate_256_0"], "returncode": 0, "elapsed_seconds": 2.567362, "timed_out": false, "interrupted": false, "log": "/home/sunao2000.linux/gpt_new_oscar/logs/vm-rotation/016-rotate.log", "cleanup_complete": true}
[oscar] PASSED phase=016-rotate rc=0 log=logs/vm-rotation/016-rotate.log
START phase=017-rotate cwd=/home/sunao2000.linux/gpt_new_oscar command=["/home/sunao2000.linux/gpt_new_oscar/build/cpu/oscar_rotation_cpu", "rotate", "/home/sunao2000.linux/gpt_new_oscar/artifacts/rotation_cpu_cases/rotate_masked_256_0"]
[TmSim]: Run in serial mode.
[TmSim]: Run in serial mode.
[TmSim]: Run in serial mode.
[TmSim]: Run in serial mode.
[SUCCESS][CORE_0][pid 109931] exit success!
[SUCCESS][CORE_1][pid 109932] exit success!
[SUCCESS][CORE_2][pid 109933] exit success!
[SUCCESS][CORE_3][pid 109934] exit success!
max_abs_error=1.90735e-06
{"backend":"ascendc_cpu_debug","status":"passed","op":"rotate"}
RESULT {"phase": "017-rotate", "command": ["/home/sunao2000.linux/gpt_new_oscar/build/cpu/oscar_rotation_cpu", "rotate", "/home/sunao2000.linux/gpt_new_oscar/artifacts/rotation_cpu_cases/rotate_masked_256_0"], "returncode": 0, "elapsed_seconds": 2.579891, "timed_out": false, "interrupted": false, "log": "/home/sunao2000.linux/gpt_new_oscar/logs/vm-rotation/017-rotate.log", "cleanup_complete": true}
[oscar] PASSED phase=017-rotate rc=0 log=logs/vm-rotation/017-rotate.log
START phase=018-rotate_store cwd=/home/sunao2000.linux/gpt_new_oscar command=["/home/sunao2000.linux/gpt_new_oscar/build/cpu/oscar_rotation_cpu", "rotate_store", "/home/sunao2000.linux/gpt_new_oscar/artifacts/rotation_cpu_cases/rotate_store_256_0_0.00"]
[TmSim]: Run in serial mode.
[TmSim]: Run in serial mode.
[TmSim]: Run in serial mode.
[SUCCESS][CORE_0][pid 109938] exit success!
[TmSim]: Run in serial mode.
[SUCCESS][CORE_1][pid 109939] exit success!
[SUCCESS][CORE_2][pid 109940] exit success!
[SUCCESS][CORE_3][pid 109941] exit success!
{"backend":"ascendc_cpu_debug","status":"passed","op":"rotate_store"}
RESULT {"phase": "018-rotate_store", "command": ["/home/sunao2000.linux/gpt_new_oscar/build/cpu/oscar_rotation_cpu", "rotate_store", "/home/sunao2000.linux/gpt_new_oscar/artifacts/rotation_cpu_cases/rotate_store_256_0_0.00"], "returncode": 0, "elapsed_seconds": 5.253625, "timed_out": false, "interrupted": false, "log": "/home/sunao2000.linux/gpt_new_oscar/logs/vm-rotation/018-rotate_store.log", "cleanup_complete": true}
[oscar] PASSED phase=018-rotate_store rc=0 log=logs/vm-rotation/018-rotate_store.log
START phase=019-rotate_store cwd=/home/sunao2000.linux/gpt_new_oscar command=["/home/sunao2000.linux/gpt_new_oscar/build/cpu/oscar_rotation_cpu", "rotate_store", "/home/sunao2000.linux/gpt_new_oscar/artifacts/rotation_cpu_cases/rotate_store_256_0_0.95"]
[TmSim]: Run in serial mode.
[TmSim]: Run in serial mode.
[TmSim]: Run in serial mode.
[TmSim]: Run in serial mode.
[SUCCESS][CORE_0][pid 109946] exit success!
[SUCCESS][CORE_1][pid 109947] exit success!
[SUCCESS][CORE_2][pid 109948] exit success!
[SUCCESS][CORE_3][pid 109949] exit success!
{"backend":"ascendc_cpu_debug","status":"passed","op":"rotate_store"}
RESULT {"phase": "019-rotate_store", "command": ["/home/sunao2000.linux/gpt_new_oscar/build/cpu/oscar_rotation_cpu", "rotate_store", "/home/sunao2000.linux/gpt_new_oscar/artifacts/rotation_cpu_cases/rotate_store_256_0_0.95"], "returncode": 0, "elapsed_seconds": 5.14949, "timed_out": false, "interrupted": false, "log": "/home/sunao2000.linux/gpt_new_oscar/logs/vm-rotation/019-rotate_store.log", "cleanup_complete": true}
[oscar] PASSED phase=019-rotate_store rc=0 log=logs/vm-rotation/019-rotate_store.log
START phase=020-rotate cwd=/home/sunao2000.linux/gpt_new_oscar command=["/home/sunao2000.linux/gpt_new_oscar/build/cpu/oscar_rotation_cpu", "rotate", "/home/sunao2000.linux/gpt_new_oscar/artifacts/rotation_cpu_cases/rotate_256_1"]
[TmSim]: Run in serial mode.
[TmSim]: Run in serial mode.
[TmSim]: Run in serial mode.
[TmSim]: Run in serial mode.
[SUCCESS][CORE_0][pid 109953] exit success!
[SUCCESS][CORE_1][pid 109954] exit success!
[SUCCESS][CORE_2][pid 109955] exit success!
[SUCCESS][CORE_3][pid 109956] exit success!
max_abs_error=1.19209e-07
{"backend":"ascendc_cpu_debug","status":"passed","op":"rotate"}
RESULT {"phase": "020-rotate", "command": ["/home/sunao2000.linux/gpt_new_oscar/build/cpu/oscar_rotation_cpu", "rotate", "/home/sunao2000.linux/gpt_new_oscar/artifacts/rotation_cpu_cases/rotate_256_1"], "returncode": 0, "elapsed_seconds": 0.72456, "timed_out": false, "interrupted": false, "log": "/home/sunao2000.linux/gpt_new_oscar/logs/vm-rotation/020-rotate.log", "cleanup_complete": true}
[oscar] PASSED phase=020-rotate rc=0 log=logs/vm-rotation/020-rotate.log
START phase=021-rotate cwd=/home/sunao2000.linux/gpt_new_oscar command=["/home/sunao2000.linux/gpt_new_oscar/build/cpu/oscar_rotation_cpu", "rotate", "/home/sunao2000.linux/gpt_new_oscar/artifacts/rotation_cpu_cases/rotate_masked_256_1"]
[TmSim]: Run in serial mode.
[TmSim]: Run in serial mode.
[TmSim]: Run in serial mode.
[TmSim]: Run in serial mode.
[SUCCESS][CORE_0][pid 109960] exit success!
[SUCCESS][CORE_1][pid 109961] exit success!
[SUCCESS][CORE_2][pid 109962] exit success!
[SUCCESS][CORE_3][pid 109963] exit success!
max_abs_error=1.19209e-07
{"backend":"ascendc_cpu_debug","status":"passed","op":"rotate"}
RESULT {"phase": "021-rotate", "command": ["/home/sunao2000.linux/gpt_new_oscar/build/cpu/oscar_rotation_cpu", "rotate", "/home/sunao2000.linux/gpt_new_oscar/artifacts/rotation_cpu_cases/rotate_masked_256_1"], "returncode": 0, "elapsed_seconds": 0.616502, "timed_out": false, "interrupted": false, "log": "/home/sunao2000.linux/gpt_new_oscar/logs/vm-rotation/021-rotate.log", "cleanup_complete": true}
[oscar] PASSED phase=021-rotate rc=0 log=logs/vm-rotation/021-rotate.log
START phase=022-rotate_store cwd=/home/sunao2000.linux/gpt_new_oscar command=["/home/sunao2000.linux/gpt_new_oscar/build/cpu/oscar_rotation_cpu", "rotate_store", "/home/sunao2000.linux/gpt_new_oscar/artifacts/rotation_cpu_cases/rotate_store_256_1_0.00"]
[TmSim]: Run in serial mode.
[oscar] phase=rotation-debug running seconds=30.1 log=/Users/sunao2000/gpt_new_oscar/reports/vm/logs/rotation-debug.log
[TmSim]: Run in serial mode.
[TmSim]: Run in serial mode.
[TmSim]: Run in serial mode.
[SUCCESS][CORE_0][pid 109966] exit success!
[SUCCESS][CORE_1][pid 109967] exit success!
[SUCCESS][CORE_2][pid 109968] exit success!
[SUCCESS][CORE_3][pid 109969] exit success!
{"backend":"ascendc_cpu_debug","status":"passed","op":"rotate_store"}
RESULT {"phase": "022-rotate_store", "command": ["/home/sunao2000.linux/gpt_new_oscar/build/cpu/oscar_rotation_cpu", "rotate_store", "/home/sunao2000.linux/gpt_new_oscar/artifacts/rotation_cpu_cases/rotate_store_256_1_0.00"], "returncode": 0, "elapsed_seconds": 0.926523, "timed_out": false, "interrupted": false, "log": "/home/sunao2000.linux/gpt_new_oscar/logs/vm-rotation/022-rotate_store.log", "cleanup_complete": true}
[oscar] PASSED phase=022-rotate_store rc=0 log=logs/vm-rotation/022-rotate_store.log
START phase=023-rotate_store cwd=/home/sunao2000.linux/gpt_new_oscar command=["/home/sunao2000.linux/gpt_new_oscar/build/cpu/oscar_rotation_cpu", "rotate_store", "/home/sunao2000.linux/gpt_new_oscar/artifacts/rotation_cpu_cases/rotate_store_256_1_0.95"]
[TmSim]: Run in serial mode.
[TmSim]: Run in serial mode.
[SUCCESS][CORE_0][pid 109972] exit success!
[TmSim]: Run in serial mode.
[SUCCESS][CORE_1][pid 109973] exit success!
[TmSim]: Run in serial mode.
[SUCCESS][CORE_2][pid 109974] exit success!
[SUCCESS][CORE_3][pid 109975] exit success!
{"backend":"ascendc_cpu_debug","status":"passed","op":"rotate_store"}
RESULT {"phase": "023-rotate_store", "command": ["/home/sunao2000.linux/gpt_new_oscar/build/cpu/oscar_rotation_cpu", "rotate_store", "/home/sunao2000.linux/gpt_new_oscar/artifacts/rotation_cpu_cases/rotate_store_256_1_0.95"], "returncode": 0, "elapsed_seconds": 1.035194, "timed_out": false, "interrupted": false, "log": "/home/sunao2000.linux/gpt_new_oscar/logs/vm-rotation/023-rotate_store.log", "cleanup_complete": true}
[oscar] PASSED phase=023-rotate_store rc=0 log=logs/vm-rotation/023-rotate_store.log
START phase=024-rotate_store cwd=/home/sunao2000.linux/gpt_new_oscar command=["/home/sunao2000.linux/gpt_new_oscar/build/cpu/oscar_rotation_cpu", "rotate_store", "/home/sunao2000.linux/gpt_new_oscar/artifacts/rotation_cpu_cases/rotate_store_errors"]
[TmSim]: Run in serial mode.
[TmSim]: Run in serial mode.
[TmSim]: Run in serial mode.
[TmSim]: Run in serial mode.
[SUCCESS][CORE_0][pid 109979] exit success!
[SUCCESS][CORE_1][pid 109980] exit success!
[SUCCESS][CORE_2][pid 109981] exit success!
[SUCCESS][CORE_3][pid 109982] exit success!
{"backend":"ascendc_cpu_debug","status":"passed","op":"rotate_store"}
RESULT {"phase": "024-rotate_store", "command": ["/home/sunao2000.linux/gpt_new_oscar/build/cpu/oscar_rotation_cpu", "rotate_store", "/home/sunao2000.linux/gpt_new_oscar/artifacts/rotation_cpu_cases/rotate_store_errors"], "returncode": 0, "elapsed_seconds": 0.829215, "timed_out": false, "interrupted": false, "log": "/home/sunao2000.linux/gpt_new_oscar/logs/vm-rotation/024-rotate_store.log", "cleanup_complete": true}
[oscar] PASSED phase=024-rotate_store rc=0 log=logs/vm-rotation/024-rotate_store.log
START phase=025-rotate_store cwd=/home/sunao2000.linux/gpt_new_oscar command=["/home/sunao2000.linux/gpt_new_oscar/build/cpu/oscar_rotation_cpu", "rotate_store", "/home/sunao2000.linux/gpt_new_oscar/artifacts/rotation_cpu_cases/rotate_store_sink_only"]
[TmSim]: Run in serial mode.
[TmSim]: Run in serial mode.
[TmSim]: Run in serial mode.
[TmSim]: Run in serial mode.
[SUCCESS][CORE_0][pid 109985] exit success!
[SUCCESS][CORE_1][pid 109986] exit success!
[SUCCESS][CORE_2][pid 109987] exit success!
[SUCCESS][CORE_3][pid 109988] exit success!
{"backend":"ascendc_cpu_debug","status":"passed","op":"rotate_store"}
RESULT {"phase": "025-rotate_store", "command": ["/home/sunao2000.linux/gpt_new_oscar/build/cpu/oscar_rotation_cpu", "rotate_store", "/home/sunao2000.linux/gpt_new_oscar/artifacts/rotation_cpu_cases/rotate_store_sink_only"], "returncode": 0, "elapsed_seconds": 0.512516, "timed_out": false, "interrupted": false, "log": "/home/sunao2000.linux/gpt_new_oscar/logs/vm-rotation/025-rotate_store.log", "cleanup_complete": true}
[oscar] PASSED phase=025-rotate_store rc=0 log=logs/vm-rotation/025-rotate_store.log
{
  "backend": "official_ascendc_cpu_debug",
  "status": "passed",
  "cases": [
    {
      "op": "rotate",
      "path": "artifacts/rotation_cpu_cases/rotate_64_0",
      "status": "passed",
      "returncode": 0,
      "log": "/home/sunao2000.linux/gpt_new_oscar/logs/vm-rotation/000-rotate.log"
    },
    {
      "op": "rotate",
      "path": "artifacts/rotation_cpu_cases/rotate_masked_64_0",
      "status": "passed",
      "returncode": 0,
      "log": "/home/sunao2000.linux/gpt_new_oscar/logs/vm-rotation/001-rotate.log"
    },
    {
      "op": "rotate_store",
      "path": "artifacts/rotation_cpu_cases/rotate_store_64_0_0.00",
      "status": "passed",
      "returncode": 0,
      "log": "/home/sunao2000.linux/gpt_new_oscar/logs/vm-rotation/002-rotate_store.log"
    },
    {
      "op": "rotate_store",
      "path": "artifacts/rotation_cpu_cases/rotate_store_64_0_0.95",
      "status": "passed",
      "returncode": 0,
      "log": "/home/sunao2000.linux/gpt_new_oscar/logs/vm-rotation/003-rotate_store.log"
    },
    {
      "op": "rotate",
      "path": "artifacts/rotation_cpu_cases/rotate_64_1",
      "status": "passed",
      "returncode": 0,
      "log": "/home/sunao2000.linux/gpt_new_oscar/logs/vm-rotation/004-rotate.log"
    },
    {
      "op": "rotate",
      "path": "artifacts/rotation_cpu_cases/rotate_masked_64_1",
      "status": "passed",
      "returncode": 0,
      "log": "/home/sunao2000.linux/gpt_new_oscar/logs/vm-rotation/005-rotate.log"
    },
    {
      "op": "rotate_store",
      "path": "artifacts/rotation_cpu_cases/rotate_store_64_1_0.00",
      "status": "passed",
      "returncode": 0,
      "log": "/home/sunao2000.linux/gpt_new_oscar/logs/vm-rotation/006-rotate_store.log"
    },
    {
      "op": "rotate_store",
      "path": "artifacts/rotation_cpu_cases/rotate_store_64_1_0.95",
      "status": "passed",
      "returncode": 0,
      "log": "/home/sunao2000.linux/gpt_new_oscar/logs/vm-rotation/007-rotate_store.log"
    },
    {
      "op": "rotate",
      "path": "artifacts/rotation_cpu_cases/rotate_128_0",
      "status": "passed",
      "returncode": 0,
      "log": "/home/sunao2000.linux/gpt_new_oscar/logs/vm-rotation/008-rotate.log"
    },
    {
      "op": "rotate",
      "path": "artifacts/rotation_cpu_cases/rotate_masked_128_0",
      "status": "passed",
      "returncode": 0,
      "log": "/home/sunao2000.linux/gpt_new_oscar/logs/vm-rotation/009-rotate.log"
    },
    {
      "op": "rotate_store",
      "path": "artifacts/rotation_cpu_cases/rotate_store_128_0_0.00",
      "status": "passed",
      "returncode": 0,
      "log": "/home/sunao2000.linux/gpt_new_oscar/logs/vm-rotation/010-rotate_store.log"
    },
    {
      "op": "rotate_store",
      "path": "artifacts/rotation_cpu_cases/rotate_store_128_0_0.95",
      "status": "passed",
      "returncode": 0,
      "log": "/home/sunao2000.linux/gpt_new_oscar/logs/vm-rotation/011-rotate_store.log"
    },
    {
      "op": "rotate",
      "path": "artifacts/rotation_cpu_cases/rotate_128_1",
      "status": "passed",
      "returncode": 0,
      "log": "/home/sunao2000.linux/gpt_new_oscar/logs/vm-rotation/012-rotate.log"
    },
    {
      "op": "rotate",
      "path": "artifacts/rotation_cpu_cases/rotate_masked_128_1",
      "status": "passed",
      "returncode": 0,
      "log": "/home/sunao2000.linux/gpt_new_oscar/logs/vm-rotation/013-rotate.log"
    },
    {
      "op": "rotate_store",
      "path": "artifacts/rotation_cpu_cases/rotate_store_128_1_0.00",
      "status": "passed",
      "returncode": 0,
      "log": "/home/sunao2000.linux/gpt_new_oscar/logs/vm-rotation/014-rotate_store.log"
    },
    {
      "op": "rotate_store",
      "path": "artifacts/rotation_cpu_cases/rotate_store_128_1_0.95",
      "status": "passed",
      "returncode": 0,
      "log": "/home/sunao2000.linux/gpt_new_oscar/logs/vm-rotation/015-rotate_store.log"
    },
    {
      "op": "rotate",
      "path": "artifacts/rotation_cpu_cases/rotate_256_0",
      "status": "passed",
      "returncode": 0,
      "log": "/home/sunao2000.linux/gpt_new_oscar/logs/vm-rotation/016-rotate.log"
    },
    {
      "op": "rotate",
      "path": "artifacts/rotation_cpu_cases/rotate_masked_256_0",
      "status": "passed",
      "returncode": 0,
      "log": "/home/sunao2000.linux/gpt_new_oscar/logs/vm-rotation/017-rotate.log"
    },
    {
      "op": "rotate_store",
      "path": "artifacts/rotation_cpu_cases/rotate_store_256_0_0.00",
      "status": "passed",
      "returncode": 0,
      "log": "/home/sunao2000.linux/gpt_new_oscar/logs/vm-rotation/018-rotate_store.log"
    },
    {
      "op": "rotate_store",
      "path": "artifacts/rotation_cpu_cases/rotate_store_256_0_0.95",
      "status": "passed",
      "returncode": 0,
      "log": "/home/sunao2000.linux/gpt_new_oscar/logs/vm-rotation/019-rotate_store.log"
    },
    {
      "op": "rotate",
      "path": "artifacts/rotation_cpu_cases/rotate_256_1",
      "status": "passed",
      "returncode": 0,
      "log": "/home/sunao2000.linux/gpt_new_oscar/logs/vm-rotation/020-rotate.log"
    },
    {
      "op": "rotate",
      "path": "artifacts/rotation_cpu_cases/rotate_masked_256_1",
      "status": "passed",
      "returncode": 0,
      "log": "/home/sunao2000.linux/gpt_new_oscar/logs/vm-rotation/021-rotate.log"
    },
    {
      "op": "rotate_store",
      "path": "artifacts/rotation_cpu_cases/rotate_store_256_1_0.00",
      "status": "passed",
      "returncode": 0,
      "log": "/home/sunao2000.linux/gpt_new_oscar/logs/vm-rotation/022-rotate_store.log"
    },
    {
      "op": "rotate_store",
      "path": "artifacts/rotation_cpu_cases/rotate_store_256_1_0.95",
      "status": "passed",
      "returncode": 0,
      "log": "/home/sunao2000.linux/gpt_new_oscar/logs/vm-rotation/023-rotate_store.log"
    },
    {
      "op": "rotate_store",
      "path": "artifacts/rotation_cpu_cases/rotate_store_errors",
      "status": "passed",
      "returncode": 0,
      "log": "/home/sunao2000.linux/gpt_new_oscar/logs/vm-rotation/024-rotate_store.log"
    },
    {
      "op": "rotate_store",
      "path": "artifacts/rotation_cpu_cases/rotate_store_sink_only",
      "status": "passed",
      "returncode": 0,
      "log": "/home/sunao2000.linux/gpt_new_oscar/logs/vm-rotation/025-rotate_store.log"
    }
  ],
  "npu_acceptance": "not_run"
}
RESULT {"phase": "rotation-debug", "command": ["limactl", "shell", "--workdir", "/home/sunao2000.linux/gpt_new_oscar", "oscar", "--", "timeout", "--signal=TERM", "--kill-after=10s", "1900", "bash", "-lc", "source /usr/local/Ascend/cann-9.1.0/set_env.sh; export TORCH_DEVICE_BACKEND_AUTOLOAD=0; .venv/bin/python -m tools.run_cpu_debug --executable build/cpu/oscar_rotation_cpu --cases artifacts/rotation_cpu_cases/cases.json --output reports/rotation_cpu_debug.json --log-dir logs/vm-rotation"], "returncode": 0, "elapsed_seconds": 32.99865, "timed_out": false, "interrupted": false, "log": "/Users/sunao2000/gpt_new_oscar/reports/vm/logs/rotation-debug.log", "cleanup_complete": true}
[oscar] PASSED phase=rotation-debug rc=0 log=/Users/sunao2000/gpt_new_oscar/reports/vm/logs/rotation-debug.log
START phase=cv-goldens cwd=/Users/sunao2000/gpt_new_oscar command=["limactl", "shell", "--workdir", "/home/sunao2000.linux/gpt_new_oscar", "oscar", "--", "timeout", "--signal=TERM", "--kill-after=10s", "1900", "bash", "-lc", "source /usr/local/Ascend/cann-9.1.0/set_env.sh; export TORCH_DEVICE_BACKEND_AUTOLOAD=0; .venv/bin/python tests/test_cv_contracts.py artifacts/cv_cpu_cases"]
artifacts/cv_cpu_cases
RESULT {"phase": "cv-goldens", "command": ["limactl", "shell", "--workdir", "/home/sunao2000.linux/gpt_new_oscar", "oscar", "--", "timeout", "--signal=TERM", "--kill-after=10s", "1900", "bash", "-lc", "source /usr/local/Ascend/cann-9.1.0/set_env.sh; export TORCH_DEVICE_BACKEND_AUTOLOAD=0; .venv/bin/python tests/test_cv_contracts.py artifacts/cv_cpu_cases"], "returncode": 0, "elapsed_seconds": 1.651695, "timed_out": false, "interrupted": false, "log": "/Users/sunao2000/gpt_new_oscar/reports/vm/logs/cv-goldens.log", "cleanup_complete": true}
[oscar] PASSED phase=cv-goldens rc=0 log=/Users/sunao2000/gpt_new_oscar/reports/vm/logs/cv-goldens.log
START phase=cv-debug cwd=/Users/sunao2000/gpt_new_oscar command=["limactl", "shell", "--workdir", "/home/sunao2000.linux/gpt_new_oscar", "oscar", "--", "timeout", "--signal=TERM", "--kill-after=10s", "1900", "bash", "-lc", "source /usr/local/Ascend/cann-9.1.0/set_env.sh; export TORCH_DEVICE_BACKEND_AUTOLOAD=0; .venv/bin/python -m tools.run_cpu_debug --executable build/cpu/oscar_cv_cpu --cases artifacts/cv_cpu_cases/cases.json --output reports/cv_cpu_debug.json --log-dir logs/vm-cv"]
START phase=000-attention_cv cwd=/home/sunao2000.linux/gpt_new_oscar command=["/home/sunao2000.linux/gpt_new_oscar/build/cpu/oscar_cv_cpu", "attention_cv", "/home/sunao2000.linux/gpt_new_oscar/artifacts/cv_cpu_cases/d64_q1_c17"]
[TmSim]: Run in serial mode.
[TmSim]: Run in serial mode.
[TmSim]: Run in serial mode.
[TmSim]: Run in serial mode.
[SUCCESS][CORE_0][pid 110095] exit success!
[SUCCESS][CORE_1][pid 110096] exit success!
[SUCCESS][CORE_2][pid 110097] exit success!
[SUCCESS][CORE_3][pid 110098] exit success!
[TmSim]: Run in serial mode.
[TmSim]: Run in serial mode.
[TmSim]: Run in serial mode.
[TmSim]: Run in serial mode.
[SUCCESS][CORE_0][pid 110099] exit success!
[SUCCESS][CORE_1][pid 110100] exit success!
[SUCCESS][CORE_2][pid 110101] exit success!
[SUCCESS][CORE_3][pid 110102] exit success!
metadata padded request and changed-slot cases passed
[TmSim]: Run in serial mode.
[TmSim]: Run in serial mode.
[TmSim]: Run in serial mode.
[TmSim]: Run in serial mode.
[SUCCESS][CORE_0][pid 110103] exit success!
[SUCCESS][CORE_1][pid 110104] exit success!
[SUCCESS][CORE_2][pid 110105] exit success!
[SUCCESS][CORE_3][pid 110106] exit success!
[TmSim]: Run in serial mode.
[TmSim]: Run in serial mode.
[TmSim]: Run in serial mode.
[TmSim]: Run in serial mode.
[SUCCESS][CORE_0][pid 110107] exit success!
[SUCCESS][CORE_1][pid 110108] exit success!
[SUCCESS][CORE_2][pid 110109] exit success!
[SUCCESS][CORE_3][pid 110110] exit success!
[TmSim]: Run in serial mode.
[TmSim]: Run in serial mode.
[TmSim]: Run in serial mode.
[TmSim]: Run in serial mode.
[SUCCESS][CORE_0][pid 110111] exit success!
[SUCCESS][CORE_1][pid 110112] exit success!
[SUCCESS][CORE_2][pid 110113] exit success!
[SUCCESS][CORE_3][pid 110114] exit success!
MTP slot-derived context, duplicate and missing page cases passed
[TmSim]: Run in serial mode.
[TmSim]: Run in serial mode.
[TmSim]: Run in serial mode.
[TmSim]: Run in serial mode.
[SUCCESS][CORE_0][pid 110115] exit success!
[SUCCESS][CORE_1][pid 110116] exit success!
[SUCCESS][CORE_2][pid 110117] exit success!
[SUCCESS][CORE_3][pid 110118] exit success!
[TmSim]: Run in serial mode.
[SUCCESS][AIC_0][pid 110119] exit success!
[TmSim]: Run in serial mode.
[TmSim]: Run in serial mode.
[TmSim]: Run in serial mode.
[SUCCESS][AIV_0][pid 110120] exit success!
[SUCCESS][AIV_1][pid 110121] exit success!
[SUCCESS][AIC_1][pid 110122] exit success!
[TmSim]: Run in serial mode.
[TmSim]: Run in serial mode.
[SUCCESS][AIV_2][pid 110123] exit success!
[SUCCESS][AIV_3][pid 110124] exit success!
splits=1 empty_segments=1
[TmSim]: Run in serial mode.
[TmSim]: Run in serial mode.
[TmSim]: Run in serial mode.
[TmSim]: Run in serial mode.
[SUCCESS][CORE_0][pid 110125] exit success!
[SUCCESS][CORE_1][pid 110126] exit success!
[SUCCESS][CORE_2][pid 110127] exit success!
[SUCCESS][CORE_3][pid 110128] exit success!
max_abs=1.78814e-07 file=/home/sunao2000.linux/gpt_new_oscar/artifacts/cv_cpu_cases/d64_q1_c17/expected_output.bin
max_abs=2.38419e-07 file=/home/sunao2000.linux/gpt_new_oscar/artifacts/cv_cpu_cases/d64_q1_c17/expected_lse.bin
{"backend":"ascendc_cpu_debug","op":"attention_cv","status":"passed"}
RESULT {"phase": "000-attention_cv", "command": ["/home/sunao2000.linux/gpt_new_oscar/build/cpu/oscar_cv_cpu", "attention_cv", "/home/sunao2000.linux/gpt_new_oscar/artifacts/cv_cpu_cases/d64_q1_c17"], "returncode": 0, "elapsed_seconds": 0.513711, "timed_out": false, "interrupted": false, "log": "/home/sunao2000.linux/gpt_new_oscar/logs/vm-cv/000-attention_cv.log", "cleanup_complete": true}
[oscar] PASSED phase=000-attention_cv rc=0 log=logs/vm-cv/000-attention_cv.log
START phase=001-attention_cv cwd=/home/sunao2000.linux/gpt_new_oscar command=["/home/sunao2000.linux/gpt_new_oscar/build/cpu/oscar_cv_cpu", "attention_cv", "/home/sunao2000.linux/gpt_new_oscar/artifacts/cv_cpu_cases/d64_q4_c65"]
[TmSim]: Run in serial mode.
[TmSim]: Run in serial mode.
[TmSim]: Run in serial mode.
[TmSim]: Run in serial mode.
[SUCCESS][CORE_0][pid 110131] exit success!
[SUCCESS][CORE_1][pid 110132] exit success!
[SUCCESS][CORE_2][pid 110133] exit success!
[SUCCESS][CORE_3][pid 110134] exit success!
[TmSim]: Run in serial mode.
[TmSim]: Run in serial mode.
[TmSim]: Run in serial mode.
[TmSim]: Run in serial mode.
[SUCCESS][CORE_0][pid 110135] exit success!
[SUCCESS][CORE_1][pid 110136] exit success!
[SUCCESS][CORE_2][pid 110137] exit success!
[SUCCESS][CORE_3][pid 110138] exit success!
metadata padded request and changed-slot cases passed
[TmSim]: Run in serial mode.
[TmSim]: Run in serial mode.
[TmSim]: Run in serial mode.
[TmSim]: Run in serial mode.
[SUCCESS][CORE_0][pid 110139] exit success!
[SUCCESS][CORE_1][pid 110140] exit success!
[SUCCESS][CORE_2][pid 110141] exit success!
[SUCCESS][CORE_3][pid 110142] exit success!
[TmSim]: Run in serial mode.
[TmSim]: Run in serial mode.
[TmSim]: Run in serial mode.
[TmSim]: Run in serial mode.
[SUCCESS][CORE_0][pid 110143] exit success!
[SUCCESS][CORE_1][pid 110144] exit success!
[SUCCESS][CORE_2][pid 110145] exit success!
[SUCCESS][CORE_3][pid 110146] exit success!
[TmSim]: Run in serial mode.
[TmSim]: Run in serial mode.
[TmSim]: Run in serial mode.
[TmSim]: Run in serial mode.
[SUCCESS][CORE_0][pid 110147] exit success!
[SUCCESS][CORE_1][pid 110148] exit success!
[SUCCESS][CORE_2][pid 110149] exit success!
[SUCCESS][CORE_3][pid 110150] exit success!
MTP slot-derived context, duplicate and missing page cases passed
[TmSim]: Run in serial mode.
[TmSim]: Run in serial mode.
[TmSim]: Run in serial mode.
[TmSim]: Run in serial mode.
[SUCCESS][CORE_0][pid 110151] exit success!
[SUCCESS][CORE_1][pid 110152] exit success!
[SUCCESS][CORE_2][pid 110153] exit success!
[SUCCESS][CORE_3][pid 110154] exit success!
[TmSim]: Run in serial mode.
[TmSim]: Run in serial mode.
[TmSim]: Run in serial mode.
[TmSim]: Run in serial mode.
[SUCCESS][AIC_0][pid 110155] exit success!
[TmSim]: Run in serial mode.
[TmSim]: Run in serial mode.
[SUCCESS][AIV_0][pid 110156] exit success!
[SUCCESS][AIV_1][pid 110157] exit success!
[SUCCESS][AIC_1][pid 110158] exit success!
[SUCCESS][AIV_2][pid 110159] exit success!
[SUCCESS][AIV_3][pid 110160] exit success!
splits=1 empty_segments=0
[TmSim]: Run in serial mode.
[TmSim]: Run in serial mode.
[TmSim]: Run in serial mode.
[SUCCESS][CORE_0][pid 110161] exit success!
[TmSim]: Run in serial mode.
[SUCCESS][CORE_1][pid 110162] exit success!
[SUCCESS][CORE_2][pid 110163] exit success!
[SUCCESS][CORE_3][pid 110164] exit success!
max_abs=4.17233e-07 file=/home/sunao2000.linux/gpt_new_oscar/artifacts/cv_cpu_cases/d64_q4_c65/expected_output.bin
max_abs=4.76837e-07 file=/home/sunao2000.linux/gpt_new_oscar/artifacts/cv_cpu_cases/d64_q4_c65/expected_lse.bin
{"backend":"ascendc_cpu_debug","op":"attention_cv","status":"passed"}
RESULT {"phase": "001-attention_cv", "command": ["/home/sunao2000.linux/gpt_new_oscar/build/cpu/oscar_cv_cpu", "attention_cv", "/home/sunao2000.linux/gpt_new_oscar/artifacts/cv_cpu_cases/d64_q4_c65"], "returncode": 0, "elapsed_seconds": 1.127627, "timed_out": false, "interrupted": false, "log": "/home/sunao2000.linux/gpt_new_oscar/logs/vm-cv/001-attention_cv.log", "cleanup_complete": true}
[oscar] PASSED phase=001-attention_cv rc=0 log=logs/vm-cv/001-attention_cv.log
START phase=002-attention_cv cwd=/home/sunao2000.linux/gpt_new_oscar command=["/home/sunao2000.linux/gpt_new_oscar/build/cpu/oscar_cv_cpu", "attention_cv", "/home/sunao2000.linux/gpt_new_oscar/artifacts/cv_cpu_cases/d64_q4_c0"]
[TmSim]: Run in serial mode.
[TmSim]: Run in serial mode.
[TmSim]: Run in serial mode.
[SUCCESS][CORE_0][pid 110167] exit success!
[SUCCESS][CORE_1][pid 110168] exit success!
[TmSim]: Run in serial mode.
[SUCCESS][CORE_2][pid 110169] exit success!
[SUCCESS][CORE_3][pid 110170] exit success!
[TmSim]: Run in serial mode.
[TmSim]: Run in serial mode.
[TmSim]: Run in serial mode.
[TmSim]: Run in serial mode.
[SUCCESS][CORE_0][pid 110171] exit success!
[SUCCESS][CORE_1][pid 110172] exit success!
[SUCCESS][CORE_2][pid 110173] exit success!
[SUCCESS][CORE_3][pid 110174] exit success!
metadata padded request and changed-slot cases passed
[TmSim]: Run in serial mode.
[TmSim]: Run in serial mode.
[TmSim]: Run in serial mode.
[TmSim]: Run in serial mode.
[SUCCESS][CORE_0][pid 110175] exit success!
[SUCCESS][CORE_1][pid 110176] exit success!
[SUCCESS][CORE_2][pid 110177] exit success!
[SUCCESS][CORE_3][pid 110178] exit success!
[TmSim]: Run in serial mode.
[TmSim]: Run in serial mode.
[TmSim]: Run in serial mode.
[TmSim]: Run in serial mode.
[SUCCESS][CORE_0][pid 110179] exit success!
[SUCCESS][CORE_1][pid 110180] exit success!
[SUCCESS][CORE_2][pid 110181] exit success!
[SUCCESS][CORE_3][pid 110182] exit success!
[TmSim]: Run in serial mode.
[TmSim]: Run in serial mode.
[TmSim]: Run in serial mode.
[TmSim]: Run in serial mode.
[SUCCESS][CORE_0][pid 110183] exit success!
[SUCCESS][CORE_1][pid 110184] exit success!
[SUCCESS][CORE_2][pid 110185] exit success!
[SUCCESS][CORE_3][pid 110186] exit success!
MTP slot-derived context, duplicate and missing page cases passed
[TmSim]: Run in serial mode.
[TmSim]: Run in serial mode.
[TmSim]: Run in serial mode.
[TmSim]: Run in serial mode.
[SUCCESS][CORE_0][pid 110187] exit success!
[SUCCESS][CORE_1][pid 110188] exit success!
[SUCCESS][CORE_2][pid 110189] exit success!
[SUCCESS][CORE_3][pid 110190] exit success!
[TmSim]: Run in serial mode.
[TmSim]: Run in serial mode.
[TmSim]: Run in serial mode.
[TmSim]: Run in serial mode.
[SUCCESS][AIC_0][pid 110191] exit success!
[TmSim]: Run in serial mode.
[TmSim]: Run in serial mode.
[SUCCESS][AIV_0][pid 110192] exit success!
[SUCCESS][AIV_1][pid 110193] exit success!
[SUCCESS][AIC_1][pid 110194] exit success!
[SUCCESS][AIV_2][pid 110195] exit success!
[SUCCESS][AIV_3][pid 110196] exit success!
splits=1 empty_segments=2
[TmSim]: Run in serial mode.
[SUCCESS][CORE_0][pid 110197] exit success!
[TmSim]: Run in serial mode.
[TmSim]: Run in serial mode.
[TmSim]: Run in serial mode.
[SUCCESS][CORE_1][pid 110198] exit success!
[SUCCESS][CORE_2][pid 110199] exit success!
[SUCCESS][CORE_3][pid 110200] exit success!
max_abs=2.38419e-07 file=/home/sunao2000.linux/gpt_new_oscar/artifacts/cv_cpu_cases/d64_q4_c0/expected_output.bin
max_abs=2.38419e-07 file=/home/sunao2000.linux/gpt_new_oscar/artifacts/cv_cpu_cases/d64_q4_c0/expected_lse.bin
{"backend":"ascendc_cpu_debug","op":"attention_cv","status":"passed"}
RESULT {"phase": "002-attention_cv", "command": ["/home/sunao2000.linux/gpt_new_oscar/build/cpu/oscar_cv_cpu", "attention_cv", "/home/sunao2000.linux/gpt_new_oscar/artifacts/cv_cpu_cases/d64_q4_c0"], "returncode": 0, "elapsed_seconds": 0.705534, "timed_out": false, "interrupted": false, "log": "/home/sunao2000.linux/gpt_new_oscar/logs/vm-cv/002-attention_cv.log", "cleanup_complete": true}
[oscar] PASSED phase=002-attention_cv rc=0 log=logs/vm-cv/002-attention_cv.log
START phase=003-attention_cv cwd=/home/sunao2000.linux/gpt_new_oscar command=["/home/sunao2000.linux/gpt_new_oscar/build/cpu/oscar_cv_cpu", "attention_cv", "/home/sunao2000.linux/gpt_new_oscar/artifacts/cv_cpu_cases/d128_q4_c129"]
[TmSim]: Run in serial mode.
[TmSim]: Run in serial mode.
[TmSim]: Run in serial mode.
[TmSim]: Run in serial mode.
[SUCCESS][CORE_0][pid 110203] exit success!
[SUCCESS][CORE_1][pid 110204] exit success!
[SUCCESS][CORE_2][pid 110205] exit success!
[SUCCESS][CORE_3][pid 110206] exit success!
[TmSim]: Run in serial mode.
[TmSim]: Run in serial mode.
[TmSim]: Run in serial mode.
[TmSim]: Run in serial mode.
[SUCCESS][CORE_0][pid 110207] exit success!
[SUCCESS][CORE_1][pid 110208] exit success!
[SUCCESS][CORE_2][pid 110209] exit success!
[SUCCESS][CORE_3][pid 110210] exit success!
metadata padded request and changed-slot cases passed
[TmSim]: Run in serial mode.
[TmSim]: Run in serial mode.
[TmSim]: Run in serial mode.
[SUCCESS][CORE_0][pid 110211] exit success!
[TmSim]: Run in serial mode.
[SUCCESS][CORE_1][pid 110212] exit success!
[SUCCESS][CORE_2][pid 110213] exit success!
[SUCCESS][CORE_3][pid 110214] exit success!
[TmSim]: Run in serial mode.
[TmSim]: Run in serial mode.
[TmSim]: Run in serial mode.
[TmSim]: Run in serial mode.
[SUCCESS][CORE_0][pid 110215] exit success!
[SUCCESS][CORE_1][pid 110216] exit success!
[SUCCESS][CORE_2][pid 110217] exit success!
[SUCCESS][CORE_3][pid 110218] exit success!
[TmSim]: Run in serial mode.
[TmSim]: Run in serial mode.
[TmSim]: Run in serial mode.
[TmSim]: Run in serial mode.
[SUCCESS][CORE_0][pid 110219] exit success!
[SUCCESS][CORE_1][pid 110220] exit success!
[SUCCESS][CORE_2][pid 110221] exit success!
[SUCCESS][CORE_3][pid 110222] exit success!
MTP slot-derived context, duplicate and missing page cases passed
[TmSim]: Run in serial mode.
[TmSim]: Run in serial mode.
[TmSim]: Run in serial mode.
[TmSim]: Run in serial mode.
[SUCCESS][CORE_0][pid 110223] exit success!
[SUCCESS][CORE_1][pid 110224] exit success!
[SUCCESS][CORE_2][pid 110225] exit success!
[SUCCESS][CORE_3][pid 110226] exit success!
[TmSim]: Run in serial mode.
[TmSim]: Run in serial mode.
[TmSim]: Run in serial mode.
[TmSim]: Run in serial mode.
[SUCCESS][AIC_0][pid 110227] exit success!
[TmSim]: Run in serial mode.
[TmSim]: Run in serial mode.
[SUCCESS][AIV_0][pid 110228] exit success!
[SUCCESS][AIV_1][pid 110229] exit success!
[SUCCESS][AIC_1][pid 110230] exit success!
[SUCCESS][AIV_2][pid 110231] exit success!
[SUCCESS][AIV_3][pid 110232] exit success!
splits=1 empty_segments=0
[TmSim]: Run in serial mode.
[TmSim]: Run in serial mode.
[TmSim]: Run in serial mode.
[TmSim]: Run in serial mode.
[SUCCESS][CORE_0][pid 110234] exit success!
[SUCCESS][CORE_1][pid 110235] exit success!
[SUCCESS][CORE_2][pid 110236] exit success!
[SUCCESS][CORE_3][pid 110237] exit success!
max_abs=6.55651e-07 file=/home/sunao2000.linux/gpt_new_oscar/artifacts/cv_cpu_cases/d128_q4_c129/expected_output.bin
max_abs=4.76837e-07 file=/home/sunao2000.linux/gpt_new_oscar/artifacts/cv_cpu_cases/d128_q4_c129/expected_lse.bin
{"backend":"ascendc_cpu_debug","op":"attention_cv","status":"passed"}
RESULT {"phase": "003-attention_cv", "command": ["/home/sunao2000.linux/gpt_new_oscar/build/cpu/oscar_cv_cpu", "attention_cv", "/home/sunao2000.linux/gpt_new_oscar/artifacts/cv_cpu_cases/d128_q4_c129"], "returncode": 0, "elapsed_seconds": 1.849659, "timed_out": false, "interrupted": false, "log": "/home/sunao2000.linux/gpt_new_oscar/logs/vm-cv/003-attention_cv.log", "cleanup_complete": true}
[oscar] PASSED phase=003-attention_cv rc=0 log=logs/vm-cv/003-attention_cv.log
START phase=004-attention_cv cwd=/home/sunao2000.linux/gpt_new_oscar command=["/home/sunao2000.linux/gpt_new_oscar/build/cpu/oscar_cv_cpu", "attention_cv", "/home/sunao2000.linux/gpt_new_oscar/artifacts/cv_cpu_cases/d256_q4_c511"]
[TmSim]: Run in serial mode.
[TmSim]: Run in serial mode.
[TmSim]: Run in serial mode.
[TmSim]: Run in serial mode.
[SUCCESS][CORE_0][pid 110240] exit success!
[SUCCESS][CORE_1][pid 110241] exit success!
[SUCCESS][CORE_2][pid 110242] exit success!
[SUCCESS][CORE_3][pid 110243] exit success!
[TmSim]: Run in serial mode.
[TmSim]: Run in serial mode.
[TmSim]: Run in serial mode.
[TmSim]: Run in serial mode.
[SUCCESS][CORE_0][pid 110244] exit success!
[SUCCESS][CORE_1][pid 110245] exit success!
[SUCCESS][CORE_2][pid 110246] exit success!
[SUCCESS][CORE_3][pid 110247] exit success!
metadata padded request and changed-slot cases passed
[TmSim]: Run in serial mode.
[TmSim]: Run in serial mode.
[TmSim]: Run in serial mode.
[TmSim]: Run in serial mode.
[SUCCESS][CORE_0][pid 110248] exit success!
[SUCCESS][CORE_1][pid 110249] exit success!
[SUCCESS][CORE_2][pid 110250] exit success!
[SUCCESS][CORE_3][pid 110251] exit success!
[TmSim]: Run in serial mode.
[TmSim]: Run in serial mode.
[TmSim]: Run in serial mode.
[TmSim]: Run in serial mode.
[SUCCESS][CORE_0][pid 110252] exit success!
[SUCCESS][CORE_1][pid 110253] exit success!
[SUCCESS][CORE_2][pid 110254] exit success!
[SUCCESS][CORE_3][pid 110255] exit success!
[TmSim]: Run in serial mode.
[TmSim]: Run in serial mode.
[TmSim]: Run in serial mode.
[TmSim]: Run in serial mode.
[SUCCESS][CORE_0][pid 110256] exit success!
[SUCCESS][CORE_1][pid 110257] exit success!
[SUCCESS][CORE_2][pid 110258] exit success!
[SUCCESS][CORE_3][pid 110259] exit success!
MTP slot-derived context, duplicate and missing page cases passed
[TmSim]: Run in serial mode.
[TmSim]: Run in serial mode.
[TmSim]: Run in serial mode.
[TmSim]: Run in serial mode.
[SUCCESS][CORE_0][pid 110260] exit success!
[SUCCESS][CORE_1][pid 110261] exit success!
[SUCCESS][CORE_2][pid 110262] exit success!
[SUCCESS][CORE_3][pid 110263] exit success!
[TmSim]: Run in serial mode.
[TmSim]: Run in serial mode.
[TmSim]: Run in serial mode.
[TmSim]: Run in serial mode.
[SUCCESS][AIC_0][pid 110264] exit success!
[TmSim]: Run in serial mode.
[TmSim]: Run in serial mode.
[SUCCESS][AIV_0][pid 110265] exit success!
[SUCCESS][AIV_1][pid 110266] exit success!
[SUCCESS][AIC_1][pid 110267] exit success!
[SUCCESS][AIV_2][pid 110268] exit success!
[SUCCESS][AIV_3][pid 110269] exit success!
splits=1 empty_segments=0
[TmSim]: Run in serial mode.
[TmSim]: Run in serial mode.
[TmSim]: Run in serial mode.
[TmSim]: Run in serial mode.
[SUCCESS][CORE_0][pid 110272] exit success!
[SUCCESS][CORE_1][pid 110273] exit success!
[SUCCESS][CORE_2][pid 110274] exit success!
[SUCCESS][CORE_3][pid 110275] exit success!
max_abs=8.34465e-07 file=/home/sunao2000.linux/gpt_new_oscar/artifacts/cv_cpu_cases/d256_q4_c511/expected_output.bin
max_abs=4.76837e-07 file=/home/sunao2000.linux/gpt_new_oscar/artifacts/cv_cpu_cases/d256_q4_c511/expected_lse.bin
{"backend":"ascendc_cpu_debug","op":"attention_cv","status":"passed"}
RESULT {"phase": "004-attention_cv", "command": ["/home/sunao2000.linux/gpt_new_oscar/build/cpu/oscar_cv_cpu", "attention_cv", "/home/sunao2000.linux/gpt_new_oscar/artifacts/cv_cpu_cases/d256_q4_c511"], "returncode": 0, "elapsed_seconds": 6.490682, "timed_out": false, "interrupted": false, "log": "/home/sunao2000.linux/gpt_new_oscar/logs/vm-cv/004-attention_cv.log", "cleanup_complete": true}
[oscar] PASSED phase=004-attention_cv rc=0 log=logs/vm-cv/004-attention_cv.log
START phase=005-attention_cv cwd=/home/sunao2000.linux/gpt_new_oscar command=["/home/sunao2000.linux/gpt_new_oscar/build/cpu/oscar_cv_cpu", "attention_cv", "/home/sunao2000.linux/gpt_new_oscar/artifacts/cv_cpu_cases/d64_q17_c65"]
[TmSim]: Run in serial mode.
[TmSim]: Run in serial mode.
[TmSim]: Run in serial mode.
[TmSim]: Run in serial mode.
[SUCCESS][CORE_0][pid 110278] exit success!
[SUCCESS][CORE_1][pid 110279] exit success!
[SUCCESS][CORE_2][pid 110280] exit success!
[SUCCESS][CORE_3][pid 110281] exit success!
[TmSim]: Run in serial mode.
[TmSim]: Run in serial mode.
[SUCCESS][CORE_0][pid 110282] exit success!
[TmSim]: Run in serial mode.
[TmSim]: Run in serial mode.
[SUCCESS][CORE_1][pid 110283] exit success!
[SUCCESS][CORE_2][pid 110284] exit success!
[SUCCESS][CORE_3][pid 110285] exit success!
metadata padded request and changed-slot cases passed
[TmSim]: Run in serial mode.
[TmSim]: Run in serial mode.
[TmSim]: Run in serial mode.
[SUCCESS][CORE_0][pid 110286] exit success!
[TmSim]: Run in serial mode.
[SUCCESS][CORE_1][pid 110287] exit success!
[SUCCESS][CORE_2][pid 110288] exit success!
[SUCCESS][CORE_3][pid 110289] exit success!
[TmSim]: Run in serial mode.
[TmSim]: Run in serial mode.
[TmSim]: Run in serial mode.
[SUCCESS][CORE_0][pid 110290] exit success!
[TmSim]: Run in serial mode.
[SUCCESS][CORE_1][pid 110291] exit success!
[SUCCESS][CORE_2][pid 110292] exit success!
[SUCCESS][CORE_3][pid 110293] exit success!
[TmSim]: Run in serial mode.
[TmSim]: Run in serial mode.
[TmSim]: Run in serial mode.
[SUCCESS][CORE_0][pid 110294] exit success!
[TmSim]: Run in serial mode.
[SUCCESS][CORE_1][pid 110295] exit success!
[SUCCESS][CORE_2][pid 110296] exit success!
[SUCCESS][CORE_3][pid 110297] exit success!
MTP slot-derived context, duplicate and missing page cases passed
[TmSim]: Run in serial mode.
[TmSim]: Run in serial mode.
[TmSim]: Run in serial mode.
[TmSim]: Run in serial mode.
[SUCCESS][CORE_0][pid 110298] exit success!
[SUCCESS][CORE_1][pid 110299] exit success!
[SUCCESS][CORE_2][pid 110300] exit success!
[SUCCESS][CORE_3][pid 110301] exit success!
[TmSim]: Run in serial mode.
[TmSim]: Run in serial mode.
[TmSim]: Run in serial mode.
[TmSim]: Run in serial mode.
[SUCCESS][AIC_0][pid 110302] exit success!
[TmSim]: Run in serial mode.
[TmSim]: Run in serial mode.
[SUCCESS][AIV_0][pid 110303] exit success!
[SUCCESS][AIV_1][pid 110304] exit success!
[SUCCESS][AIC_1][pid 110305] exit success!
[SUCCESS][AIV_2][pid 110306] exit success!
[SUCCESS][AIV_3][pid 110307] exit success!
splits=1 empty_segments=0
[TmSim]: Run in serial mode.
[TmSim]: Run in serial mode.
[TmSim]: Run in serial mode.
[TmSim]: Run in serial mode.
[SUCCESS][CORE_0][pid 110309] exit success!
[SUCCESS][CORE_1][pid 110310] exit success!
[SUCCESS][CORE_2][pid 110311] exit success!
[SUCCESS][CORE_3][pid 110312] exit success!
max_abs=9.53674e-07 file=/home/sunao2000.linux/gpt_new_oscar/artifacts/cv_cpu_cases/d64_q17_c65/expected_output.bin
max_abs=4.76837e-07 file=/home/sunao2000.linux/gpt_new_oscar/artifacts/cv_cpu_cases/d64_q17_c65/expected_lse.bin
{"backend":"ascendc_cpu_debug","op":"attention_cv","status":"passed"}
RESULT {"phase": "005-attention_cv", "command": ["/home/sunao2000.linux/gpt_new_oscar/build/cpu/oscar_cv_cpu", "attention_cv", "/home/sunao2000.linux/gpt_new_oscar/artifacts/cv_cpu_cases/d64_q17_c65"], "returncode": 0, "elapsed_seconds": 2.019989, "timed_out": false, "interrupted": false, "log": "/home/sunao2000.linux/gpt_new_oscar/logs/vm-cv/005-attention_cv.log", "cleanup_complete": true}
[oscar] PASSED phase=005-attention_cv rc=0 log=logs/vm-cv/005-attention_cv.log
START phase=006-attention_cv cwd=/home/sunao2000.linux/gpt_new_oscar command=["/home/sunao2000.linux/gpt_new_oscar/build/cpu/oscar_cv_cpu", "attention_cv", "/home/sunao2000.linux/gpt_new_oscar/artifacts/cv_cpu_cases/d64_q4_c65_hk2"]
[TmSim]: Run in serial mode.
[TmSim]: Run in serial mode.
[TmSim]: Run in serial mode.
[TmSim]: Run in serial mode.
[SUCCESS][CORE_0][pid 110315] exit success!
[SUCCESS][CORE_1][pid 110316] exit success!
[SUCCESS][CORE_2][pid 110317] exit success!
[SUCCESS][CORE_3][pid 110318] exit success!
[TmSim]: Run in serial mode.
[TmSim]: Run in serial mode.
[TmSim]: Run in serial mode.
[TmSim]: Run in serial mode.
[SUCCESS][CORE_0][pid 110319] exit success!
[SUCCESS][CORE_1][pid 110320] exit success!
[SUCCESS][CORE_2][pid 110321] exit success!
[SUCCESS][CORE_3][pid 110322] exit success!
metadata padded request and changed-slot cases passed
[TmSim]: Run in serial mode.
[TmSim]: Run in serial mode.
[TmSim]: Run in serial mode.
[TmSim]: Run in serial mode.
[SUCCESS][CORE_0][pid 110323] exit success!
[SUCCESS][CORE_1][pid 110324] exit success!
[SUCCESS][CORE_2][pid 110325] exit success!
[SUCCESS][CORE_3][pid 110326] exit success!
[TmSim]: Run in serial mode.
[TmSim]: Run in serial mode.
[TmSim]: Run in serial mode.
[TmSim]: Run in serial mode.
[SUCCESS][CORE_0][pid 110327] exit success!
[SUCCESS][CORE_1][pid 110328] exit success!
[SUCCESS][CORE_2][pid 110329] exit success!
[SUCCESS][CORE_3][pid 110330] exit success!
[TmSim]: Run in serial mode.
[TmSim]: Run in serial mode.
[TmSim]: Run in serial mode.
[TmSim]: Run in serial mode.
[SUCCESS][CORE_0][pid 110331] exit success!
[SUCCESS][CORE_1][pid 110332] exit success!
[SUCCESS][CORE_2][pid 110333] exit success!
[SUCCESS][CORE_3][pid 110334] exit success!
MTP slot-derived context, duplicate and missing page cases passed
[TmSim]: Run in serial mode.
[TmSim]: Run in serial mode.
[TmSim]: Run in serial mode.
[TmSim]: Run in serial mode.
[SUCCESS][CORE_0][pid 110335] exit success!
[SUCCESS][CORE_1][pid 110336] exit success!
[SUCCESS][CORE_2][pid 110337] exit success!
[SUCCESS][CORE_3][pid 110338] exit success!
[TmSim]: Run in serial mode.
[TmSim]: Run in serial mode.
[TmSim]: Run in serial mode.
[SUCCESS][AIC_0][pid 110339] exit success!
[TmSim]: Run in serial mode.
[TmSim]: Run in serial mode.
[TmSim]: Run in serial mode.
[SUCCESS][AIV_0][pid 110340] exit success!
[SUCCESS][AIV_1][pid 110341] exit success!
[SUCCESS][AIC_1][pid 110342] exit success!
[SUCCESS][AIV_2][pid 110343] exit success!
[SUCCESS][AIV_3][pid 110344] exit success!
splits=1 empty_segments=0
[TmSim]: Run in serial mode.
[TmSim]: Run in serial mode.
[TmSim]: Run in serial mode.
[TmSim]: Run in serial mode.
[SUCCESS][CORE_0][pid 110345] exit success!
[SUCCESS][CORE_1][pid 110346] exit success!
[SUCCESS][CORE_2][pid 110347] exit success!
[SUCCESS][CORE_3][pid 110348] exit success!
max_abs=5.36442e-07 file=/home/sunao2000.linux/gpt_new_oscar/artifacts/cv_cpu_cases/d64_q4_c65_hk2/expected_output.bin
max_abs=4.76837e-07 file=/home/sunao2000.linux/gpt_new_oscar/artifacts/cv_cpu_cases/d64_q4_c65_hk2/expected_lse.bin
{"backend":"ascendc_cpu_debug","op":"attention_cv","status":"passed"}
RESULT {"phase": "006-attention_cv", "command": ["/home/sunao2000.linux/gpt_new_oscar/build/cpu/oscar_cv_cpu", "attention_cv", "/home/sunao2000.linux/gpt_new_oscar/artifacts/cv_cpu_cases/d64_q4_c65_hk2"], "returncode": 0, "elapsed_seconds": 1.639175, "timed_out": false, "interrupted": false, "log": "/home/sunao2000.linux/gpt_new_oscar/logs/vm-cv/006-attention_cv.log", "cleanup_complete": true}
[oscar] PASSED phase=006-attention_cv rc=0 log=logs/vm-cv/006-attention_cv.log
START phase=007-attention_cv cwd=/home/sunao2000.linux/gpt_new_oscar command=["/home/sunao2000.linux/gpt_new_oscar/build/cpu/oscar_cv_cpu", "attention_cv", "/home/sunao2000.linux/gpt_new_oscar/artifacts/cv_cpu_cases/d64_q2_c320"]
[TmSim]: Run in serial mode.
[TmSim]: Run in serial mode.
[TmSim]: Run in serial mode.
[TmSim]: Run in serial mode.
[SUCCESS][CORE_0][pid 110351] exit success!
[SUCCESS][CORE_1][pid 110352] exit success!
[SUCCESS][CORE_2][pid 110353] exit success!
[SUCCESS][CORE_3][pid 110354] exit success!
[TmSim]: Run in serial mode.
[TmSim]: Run in serial mode.
[TmSim]: Run in serial mode.
[TmSim]: Run in serial mode.
[SUCCESS][CORE_0][pid 110355] exit success!
[SUCCESS][CORE_1][pid 110356] exit success!
[SUCCESS][CORE_2][pid 110357] exit success!
[SUCCESS][CORE_3][pid 110358] exit success!
metadata padded request and changed-slot cases passed
[TmSim]: Run in serial mode.
[TmSim]: Run in serial mode.
[TmSim]: Run in serial mode.
[TmSim]: Run in serial mode.
[SUCCESS][CORE_0][pid 110359] exit success!
[SUCCESS][CORE_1][pid 110360] exit success!
[SUCCESS][CORE_2][pid 110361] exit success!
[SUCCESS][CORE_3][pid 110362] exit success!
[TmSim]: Run in serial mode.
[TmSim]: Run in serial mode.
[TmSim]: Run in serial mode.
[TmSim]: Run in serial mode.
[SUCCESS][CORE_0][pid 110363] exit success!
[SUCCESS][CORE_1][pid 110364] exit success!
[SUCCESS][CORE_2][pid 110365] exit success!
[SUCCESS][CORE_3][pid 110366] exit success!
[TmSim]: Run in serial mode.
[TmSim]: Run in serial mode.
[TmSim]: Run in serial mode.
[TmSim]: Run in serial mode.
[SUCCESS][CORE_0][pid 110367] exit success!
[SUCCESS][CORE_1][pid 110368] exit success!
[SUCCESS][CORE_2][pid 110369] exit success!
[SUCCESS][CORE_3][pid 110370] exit success!
MTP slot-derived context, duplicate and missing page cases passed
[TmSim]: Run in serial mode.
[TmSim]: Run in serial mode.
[TmSim]: Run in serial mode.
[TmSim]: Run in serial mode.
[SUCCESS][CORE_0][pid 110371] exit success!
[SUCCESS][CORE_1][pid 110372] exit success!
[SUCCESS][CORE_2][pid 110373] exit success!
[SUCCESS][CORE_3][pid 110374] exit success!
[oscar] phase=cv-debug running seconds=15.0 log=/Users/sunao2000/gpt_new_oscar/reports/vm/logs/cv-debug.log
[TmSim]: Run in serial mode.
[TmSim]: Run in serial mode.
[TmSim]: Run in serial mode.
[TmSim]: Run in serial mode.
[SUCCESS][AIC_0][pid 110375] exit success!
[TmSim]: Run in serial mode.
[TmSim]: Run in serial mode.
[SUCCESS][AIV_0][pid 110376] exit success!
[SUCCESS][AIV_1][pid 110377] exit success!
[SUCCESS][AIC_1][pid 110378] exit success!
[SUCCESS][AIV_2][pid 110379] exit success!
[SUCCESS][AIV_3][pid 110380] exit success!
splits=1 empty_segments=0
[TmSim]: Run in serial mode.
[TmSim]: Run in serial mode.
[TmSim]: Run in serial mode.
[TmSim]: Run in serial mode.
[SUCCESS][CORE_0][pid 110382] exit success!
[SUCCESS][CORE_1][pid 110383] exit success!
[SUCCESS][CORE_2][pid 110384] exit success!
[SUCCESS][CORE_3][pid 110385] exit success!
max_abs=2.23517e-07 file=/home/sunao2000.linux/gpt_new_oscar/artifacts/cv_cpu_cases/d64_q2_c320/expected_output.bin
max_abs=4.76837e-07 file=/home/sunao2000.linux/gpt_new_oscar/artifacts/cv_cpu_cases/d64_q2_c320/expected_lse.bin
{"backend":"ascendc_cpu_debug","op":"attention_cv","status":"passed"}
RESULT {"phase": "007-attention_cv", "command": ["/home/sunao2000.linux/gpt_new_oscar/build/cpu/oscar_cv_cpu", "attention_cv", "/home/sunao2000.linux/gpt_new_oscar/artifacts/cv_cpu_cases/d64_q2_c320"], "returncode": 0, "elapsed_seconds": 1.966098, "timed_out": false, "interrupted": false, "log": "/home/sunao2000.linux/gpt_new_oscar/logs/vm-cv/007-attention_cv.log", "cleanup_complete": true}
[oscar] PASSED phase=007-attention_cv rc=0 log=logs/vm-cv/007-attention_cv.log
START phase=008-attention_cv cwd=/home/sunao2000.linux/gpt_new_oscar command=["/home/sunao2000.linux/gpt_new_oscar/build/cpu/oscar_cv_cpu", "attention_cv", "/home/sunao2000.linux/gpt_new_oscar/artifacts/cv_cpu_cases/d128_q3_c511"]
[TmSim]: Run in serial mode.
[TmSim]: Run in serial mode.
[TmSim]: Run in serial mode.
[TmSim]: Run in serial mode.
[SUCCESS][CORE_0][pid 110388] exit success!
[SUCCESS][CORE_1][pid 110389] exit success!
[SUCCESS][CORE_2][pid 110390] exit success!
[SUCCESS][CORE_3][pid 110391] exit success!
[TmSim]: Run in serial mode.
[TmSim]: Run in serial mode.
[TmSim]: Run in serial mode.
[SUCCESS][CORE_0][pid 110392] exit success!
[SUCCESS][CORE_1][pid 110393] exit success!
[SUCCESS][CORE_2][pid 110394] exit success!
[TmSim]: Run in serial mode.
[SUCCESS][CORE_3][pid 110395] exit success!
metadata padded request and changed-slot cases passed
[TmSim]: Run in serial mode.
[TmSim]: Run in serial mode.
[TmSim]: Run in serial mode.
[TmSim]: Run in serial mode.
[SUCCESS][CORE_0][pid 110396] exit success!
[SUCCESS][CORE_1][pid 110397] exit success!
[SUCCESS][CORE_2][pid 110398] exit success!
[SUCCESS][CORE_3][pid 110399] exit success!
[TmSim]: Run in serial mode.
[TmSim]: Run in serial mode.
[TmSim]: Run in serial mode.
[TmSim]: Run in serial mode.
[SUCCESS][CORE_0][pid 110400] exit success!
[SUCCESS][CORE_1][pid 110401] exit success!
[SUCCESS][CORE_2][pid 110402] exit success!
[SUCCESS][CORE_3][pid 110403] exit success!
[TmSim]: Run in serial mode.
[TmSim]: Run in serial mode.
[TmSim]: Run in serial mode.
[SUCCESS][CORE_0][pid 110404] exit success!
[TmSim]: Run in serial mode.
[SUCCESS][CORE_1][pid 110405] exit success!
[SUCCESS][CORE_2][pid 110406] exit success!
[SUCCESS][CORE_3][pid 110407] exit success!
MTP slot-derived context, duplicate and missing page cases passed
[TmSim]: Run in serial mode.
[TmSim]: Run in serial mode.
[TmSim]: Run in serial mode.
[SUCCESS][CORE_0][pid 110408] exit success!
[TmSim]: Run in serial mode.
[SUCCESS][CORE_1][pid 110409] exit success!
[SUCCESS][CORE_2][pid 110410] exit success!
[SUCCESS][CORE_3][pid 110411] exit success!
[TmSim]: Run in serial mode.
[TmSim]: Run in serial mode.
[TmSim]: Run in serial mode.
[TmSim]: Run in serial mode.
[SUCCESS][AIC_0][pid 110412] exit success!
[TmSim]: Run in serial mode.
[TmSim]: Run in serial mode.
[SUCCESS][AIV_0][pid 110413] exit success!
[SUCCESS][AIV_1][pid 110414] exit success!
[SUCCESS][AIC_1][pid 110415] exit success!
[SUCCESS][AIV_2][pid 110416] exit success!
[SUCCESS][AIV_3][pid 110417] exit success!
splits=1 empty_segments=0
[TmSim]: Run in serial mode.
[TmSim]: Run in serial mode.
[TmSim]: Run in serial mode.
[SUCCESS][CORE_0][pid 110419] exit success!
[TmSim]: Run in serial mode.
[SUCCESS][CORE_1][pid 110420] exit success!
[SUCCESS][CORE_2][pid 110421] exit success!
[SUCCESS][CORE_3][pid 110422] exit success!
max_abs=3.8743e-07 file=/home/sunao2000.linux/gpt_new_oscar/artifacts/cv_cpu_cases/d128_q3_c511/expected_output.bin
max_abs=4.76837e-07 file=/home/sunao2000.linux/gpt_new_oscar/artifacts/cv_cpu_cases/d128_q3_c511/expected_lse.bin
{"backend":"ascendc_cpu_debug","op":"attention_cv","status":"passed"}
RESULT {"phase": "008-attention_cv", "command": ["/home/sunao2000.linux/gpt_new_oscar/build/cpu/oscar_cv_cpu", "attention_cv", "/home/sunao2000.linux/gpt_new_oscar/artifacts/cv_cpu_cases/d128_q3_c511"], "returncode": 0, "elapsed_seconds": 4.024398, "timed_out": false, "interrupted": false, "log": "/home/sunao2000.linux/gpt_new_oscar/logs/vm-cv/008-attention_cv.log", "cleanup_complete": true}
[oscar] PASSED phase=008-attention_cv rc=0 log=logs/vm-cv/008-attention_cv.log
START phase=009-attention_cv cwd=/home/sunao2000.linux/gpt_new_oscar command=["/home/sunao2000.linux/gpt_new_oscar/build/cpu/oscar_cv_cpu", "attention_cv", "/home/sunao2000.linux/gpt_new_oscar/artifacts/cv_cpu_cases/d64_q65_c17"]
[TmSim]: Run in serial mode.
[TmSim]: Run in serial mode.
[TmSim]: Run in serial mode.
[SUCCESS][CORE_0][pid 110425] exit success!
[TmSim]: Run in serial mode.
[SUCCESS][CORE_1][pid 110426] exit success!
[SUCCESS][CORE_2][pid 110427] exit success!
[SUCCESS][CORE_3][pid 110428] exit success!
[TmSim]: Run in serial mode.
[TmSim]: Run in serial mode.
[TmSim]: Run in serial mode.
[TmSim]: Run in serial mode.
[SUCCESS][CORE_0][pid 110429] exit success!
[SUCCESS][CORE_1][pid 110430] exit success!
[SUCCESS][CORE_2][pid 110431] exit success!
[SUCCESS][CORE_3][pid 110432] exit success!
metadata padded request and changed-slot cases passed
[TmSim]: Run in serial mode.
[TmSim]: Run in serial mode.
[TmSim]: Run in serial mode.
[TmSim]: Run in serial mode.
[SUCCESS][CORE_0][pid 110433] exit success!
[SUCCESS][CORE_1][pid 110434] exit success!
[SUCCESS][CORE_2][pid 110435] exit success!
[SUCCESS][CORE_3][pid 110436] exit success!
[TmSim]: Run in serial mode.
[TmSim]: Run in serial mode.
[TmSim]: Run in serial mode.
[TmSim]: Run in serial mode.
[SUCCESS][CORE_0][pid 110437] exit success!
[SUCCESS][CORE_1][pid 110438] exit success!
[SUCCESS][CORE_2][pid 110439] exit success!
[SUCCESS][CORE_3][pid 110440] exit success!
[TmSim]: Run in serial mode.
[TmSim]: Run in serial mode.
[TmSim]: Run in serial mode.
[TmSim]: Run in serial mode.
[SUCCESS][CORE_0][pid 110441] exit success!
[SUCCESS][CORE_1][pid 110442] exit success!
[SUCCESS][CORE_2][pid 110443] exit success!
[SUCCESS][CORE_3][pid 110444] exit success!
MTP slot-derived context, duplicate and missing page cases passed
[TmSim]: Run in serial mode.
[TmSim]: Run in serial mode.
[TmSim]: Run in serial mode.
[TmSim]: Run in serial mode.
[SUCCESS][CORE_0][pid 110445] exit success!
[SUCCESS][CORE_1][pid 110446] exit success!
[SUCCESS][CORE_2][pid 110447] exit success!
[SUCCESS][CORE_3][pid 110448] exit success!
[TmSim]: Run in serial mode.
[TmSim]: Run in serial mode.
[TmSim]: Run in serial mode.
[TmSim]: Run in serial mode.
[SUCCESS][AIC_0][pid 110449] exit success!
[TmSim]: Run in serial mode.
[TmSim]: Run in serial mode.
[SUCCESS][AIV_0][pid 110450] exit success!
[SUCCESS][AIV_1][pid 110451] exit success!
[SUCCESS][AIC_1][pid 110452] exit success!
[SUCCESS][AIV_2][pid 110453] exit success!
[SUCCESS][AIV_3][pid 110454] exit success!
splits=1 empty_segments=1
[TmSim]: Run in serial mode.
[TmSim]: Run in serial mode.
[TmSim]: Run in serial mode.
[SUCCESS][CORE_0][pid 110457] exit success!
[TmSim]: Run in serial mode.
[SUCCESS][CORE_1][pid 110458] exit success!
[SUCCESS][CORE_2][pid 110459] exit success!
[SUCCESS][CORE_3][pid 110460] exit success!
max_abs=8.9407e-07 file=/home/sunao2000.linux/gpt_new_oscar/artifacts/cv_cpu_cases/d64_q65_c17/expected_output.bin
max_abs=4.76837e-07 file=/home/sunao2000.linux/gpt_new_oscar/artifacts/cv_cpu_cases/d64_q65_c17/expected_lse.bin
{"backend":"ascendc_cpu_debug","op":"attention_cv","status":"passed"}
RESULT {"phase": "009-attention_cv", "command": ["/home/sunao2000.linux/gpt_new_oscar/build/cpu/oscar_cv_cpu", "attention_cv", "/home/sunao2000.linux/gpt_new_oscar/artifacts/cv_cpu_cases/d64_q65_c17"], "returncode": 0, "elapsed_seconds": 5.808448, "timed_out": false, "interrupted": false, "log": "/home/sunao2000.linux/gpt_new_oscar/logs/vm-cv/009-attention_cv.log", "cleanup_complete": true}
[oscar] PASSED phase=009-attention_cv rc=0 log=logs/vm-cv/009-attention_cv.log
START phase=010-attention_cv cwd=/home/sunao2000.linux/gpt_new_oscar command=["/home/sunao2000.linux/gpt_new_oscar/build/cpu/oscar_cv_cpu", "attention_cv", "/home/sunao2000.linux/gpt_new_oscar/artifacts/cv_cpu_cases/d64_q4_c65_s2"]
[TmSim]: Run in serial mode.
[TmSim]: Run in serial mode.
[TmSim]: Run in serial mode.
[TmSim]: Run in serial mode.
[SUCCESS][CORE_0][pid 110463] exit success!
[SUCCESS][CORE_1][pid 110464] exit success!
[SUCCESS][CORE_2][pid 110465] exit success!
[SUCCESS][CORE_3][pid 110466] exit success!
[TmSim]: Run in serial mode.
[TmSim]: Run in serial mode.
[SUCCESS][CORE_0][pid 110467] exit success!
[SUCCESS][CORE_1][pid 110468] exit success!
[TmSim]: Run in serial mode.
[TmSim]: Run in serial mode.
[SUCCESS][CORE_2][pid 110469] exit success!
[SUCCESS][CORE_3][pid 110470] exit success!
metadata padded request and changed-slot cases passed
[TmSim]: Run in serial mode.
[TmSim]: Run in serial mode.
[TmSim]: Run in serial mode.
[TmSim]: Run in serial mode.
[SUCCESS][CORE_0][pid 110471] exit success!
[SUCCESS][CORE_1][pid 110472] exit success!
[SUCCESS][CORE_2][pid 110473] exit success!
[SUCCESS][CORE_3][pid 110474] exit success!
[TmSim]: Run in serial mode.
[TmSim]: Run in serial mode.
[TmSim]: Run in serial mode.
[TmSim]: Run in serial mode.
[SUCCESS][CORE_0][pid 110475] exit success!
[SUCCESS][CORE_1][pid 110476] exit success!
[SUCCESS][CORE_2][pid 110477] exit success!
[SUCCESS][CORE_3][pid 110478] exit success!
[TmSim]: Run in serial mode.
[TmSim]: Run in serial mode.
[TmSim]: Run in serial mode.
[TmSim]: Run in serial mode.
[SUCCESS][CORE_0][pid 110479] exit success!
[SUCCESS][CORE_1][pid 110480] exit success!
[SUCCESS][CORE_2][pid 110481] exit success!
[SUCCESS][CORE_3][pid 110482] exit success!
MTP slot-derived context, duplicate and missing page cases passed
[TmSim]: Run in serial mode.
[TmSim]: Run in serial mode.
[TmSim]: Run in serial mode.
[TmSim]: Run in serial mode.
[SUCCESS][CORE_0][pid 110483] exit success!
[SUCCESS][CORE_1][pid 110484] exit success!
[SUCCESS][CORE_2][pid 110485] exit success!
[SUCCESS][CORE_3][pid 110486] exit success!
[TmSim]: Run in serial mode.
[TmSim]: Run in serial mode.
[TmSim]: Run in serial mode.
[TmSim]: Run in serial mode.
[TmSim]: Run in serial mode.
[TmSim]: Run in serial mode.
[TmSim]: Run in serial mode.
[TmSim]: Run in serial mode.
[TmSim]: Run in serial mode.
[TmSim]: Run in serial mode.
[TmSim]: Run in serial mode.
[TmSim]: Run in serial mode.
[TmSim]: Run in serial mode.
[TmSim]: Run in serial mode.
[TmSim]: Run in serial mode.
[TmSim]: Run in serial mode.
[TmSim]: Run in serial mode.
[TmSim]: Run in serial mode.
[TmSim]: Run in serial mode.
[TmSim]: Run in serial mode.
[TmSim]: Run in serial mode.
[TmSim]: Run in serial mode.
[TmSim]: Run in serial mode.
[TmSim]: Run in serial mode.
[TmSim]: Run in serial mode.
[TmSim]: Run in serial mode.
[TmSim]: Run in serial mode.
[TmSim]: Run in serial mode.
[TmSim]: Run in serial mode.
[TmSim]: Run in serial mode.
[TmSim]: Run in serial mode.
[TmSim]: Run in serial mode.
[TmSim]: Run in serial mode.
[TmSim]: Run in serial mode.
[TmSim]: Run in serial mode.
[TmSim]: Run in serial mode.
[TmSim]: Run in serial mode.
[TmSim]: Run in serial mode.
[TmSim]: Run in serial mode.
[TmSim]: Run in serial mode.
[TmSim]: Run in serial mode.
[TmSim]: Run in serial mode.
[TmSim]: Run in serial mode.
[TmSim]: Run in serial mode.
[TmSim]: Run in serial mode.
[TmSim]: Run in serial mode.
[TmSim]: Run in serial mode.
[TmSim]: Run in serial mode.
[TmSim]: Run in serial mode.
[TmSim]: Run in serial mode.
[TmSim]: Run in serial mode.
[TmSim]: Run in serial mode.
[TmSim]: Run in serial mode.
[TmSim]: Run in serial mode.
[TmSim]: Run in serial mode.
[TmSim]: Run in serial mode.
[SUCCESS][AIC_0][pid 110487] exit success!
[TmSim]: Run in serial mode.
[TmSim]: Run in serial mode.
[TmSim]: Run in serial mode.
[TmSim]: Run in serial mode.
[SUCCESS][AIV_0][pid 110488] exit success!
[SUCCESS][AIV_1][pid 110489] exit success!
[SUCCESS][AIC_1][pid 110490] exit success!
[SUCCESS][AIV_2][pid 110491] exit success!
[SUCCESS][AIV_3][pid 110492] exit success!
[SUCCESS][AIC_2][pid 110493] exit success!
[SUCCESS][AIV_4][pid 110494] exit success!
[SUCCESS][AIV_5][pid 110495] exit success!
[SUCCESS][AIC_3][pid 110496] exit success!
[SUCCESS][AIV_6][pid 110497] exit success!
[SUCCESS][AIV_7][pid 110498] exit success!
[SUCCESS][AIC_4][pid 110499] exit success!
[SUCCESS][AIV_8][pid 110500] exit success!
[SUCCESS][AIV_9][pid 110501] exit success!
[SUCCESS][AIC_5][pid 110502] exit success!
[SUCCESS][AIV_10][pid 110503] exit success!
[SUCCESS][AIV_11][pid 110504] exit success!
[SUCCESS][AIC_6][pid 110505] exit success!
[SUCCESS][AIV_12][pid 110506] exit success!
[SUCCESS][AIV_13][pid 110507] exit success!
[SUCCESS][AIC_7][pid 110508] exit success!
[SUCCESS][AIV_14][pid 110509] exit success!
[SUCCESS][AIV_15][pid 110510] exit success!
[SUCCESS][AIC_8][pid 110511] exit success!
[SUCCESS][AIV_16][pid 110512] exit success!
[SUCCESS][AIV_17][pid 110513] exit success!
[SUCCESS][AIC_9][pid 110514] exit success!
[SUCCESS][AIV_18][pid 110515] exit success!
[SUCCESS][AIV_19][pid 110516] exit success!
[SUCCESS][AIC_10][pid 110517] exit success!
[SUCCESS][AIV_20][pid 110518] exit success!
[SUCCESS][AIV_21][pid 110519] exit success!
[SUCCESS][AIC_11][pid 110520] exit success!
[SUCCESS][AIV_22][pid 110521] exit success!
[SUCCESS][AIV_23][pid 110522] exit success!
[SUCCESS][AIC_12][pid 110523] exit success!
[SUCCESS][AIV_24][pid 110524] exit success!
[SUCCESS][AIV_25][pid 110525] exit success!
[SUCCESS][AIC_13][pid 110526] exit success!
[SUCCESS][AIV_26][pid 110527] exit success!
[SUCCESS][AIV_27][pid 110528] exit success!
[SUCCESS][AIC_14][pid 110529] exit success!
[SUCCESS][AIV_28][pid 110530] exit success!
[SUCCESS][AIV_29][pid 110531] exit success!
[SUCCESS][AIC_15][pid 110532] exit success!
[SUCCESS][AIV_30][pid 110533] exit success!
[SUCCESS][AIV_31][pid 110534] exit success!
[SUCCESS][AIC_16][pid 110535] exit success!
[SUCCESS][AIV_32][pid 110536] exit success!
[SUCCESS][AIV_33][pid 110537] exit success!
[SUCCESS][AIC_17][pid 110538] exit success!
[SUCCESS][AIV_34][pid 110539] exit success!
[SUCCESS][AIV_35][pid 110540] exit success!
[SUCCESS][AIC_18][pid 110541] exit success!
[SUCCESS][AIV_36][pid 110542] exit success!
[SUCCESS][AIV_37][pid 110543] exit success!
[SUCCESS][AIC_19][pid 110544] exit success!
[SUCCESS][AIV_38][pid 110545] exit success!
[SUCCESS][AIV_39][pid 110546] exit success!
splits=2 empty_segments=0
[TmSim]: Run in serial mode.
[TmSim]: Run in serial mode.
[TmSim]: Run in serial mode.
[TmSim]: Run in serial mode.
[SUCCESS][CORE_0][pid 110548] exit success!
[SUCCESS][CORE_1][pid 110549] exit success!
[SUCCESS][CORE_2][pid 110550] exit success!
[SUCCESS][CORE_3][pid 110551] exit success!
max_abs=3.57628e-07 file=/home/sunao2000.linux/gpt_new_oscar/artifacts/cv_cpu_cases/d64_q4_c65_s2/expected_output.bin
max_abs=4.76837e-07 file=/home/sunao2000.linux/gpt_new_oscar/artifacts/cv_cpu_cases/d64_q4_c65_s2/expected_lse.bin
{"backend":"ascendc_cpu_debug","op":"attention_cv","status":"passed"}
RESULT {"phase": "010-attention_cv", "command": ["/home/sunao2000.linux/gpt_new_oscar/build/cpu/oscar_cv_cpu", "attention_cv", "/home/sunao2000.linux/gpt_new_oscar/artifacts/cv_cpu_cases/d64_q4_c65_s2"], "returncode": 0, "elapsed_seconds": 1.159995, "timed_out": false, "interrupted": false, "log": "/home/sunao2000.linux/gpt_new_oscar/logs/vm-cv/010-attention_cv.log", "cleanup_complete": true}
[oscar] PASSED phase=010-attention_cv rc=0 log=logs/vm-cv/010-attention_cv.log
START phase=011-attention_cv cwd=/home/sunao2000.linux/gpt_new_oscar command=["/home/sunao2000.linux/gpt_new_oscar/build/cpu/oscar_cv_cpu", "attention_cv", "/home/sunao2000.linux/gpt_new_oscar/artifacts/cv_cpu_cases/d64_q4_c65_s20"]
[TmSim]: Run in serial mode.
[TmSim]: Run in serial mode.
[TmSim]: Run in serial mode.
[TmSim]: Run in serial mode.
[SUCCESS][CORE_0][pid 110554] exit success!
[SUCCESS][CORE_1][pid 110555] exit success!
[SUCCESS][CORE_2][pid 110556] exit success!
[SUCCESS][CORE_3][pid 110557] exit success!
[TmSim]: Run in serial mode.
[TmSim]: Run in serial mode.
[TmSim]: Run in serial mode.
[TmSim]: Run in serial mode.
[SUCCESS][CORE_0][pid 110558] exit success!
[SUCCESS][CORE_1][pid 110559] exit success!
[SUCCESS][CORE_2][pid 110560] exit success!
[SUCCESS][CORE_3][pid 110561] exit success!
metadata padded request and changed-slot cases passed
[TmSim]: Run in serial mode.
[TmSim]: Run in serial mode.
[TmSim]: Run in serial mode.
[TmSim]: Run in serial mode.
[SUCCESS][CORE_0][pid 110562] exit success!
[SUCCESS][CORE_1][pid 110563] exit success!
[SUCCESS][CORE_2][pid 110564] exit success!
[SUCCESS][CORE_3][pid 110565] exit success!
[TmSim]: Run in serial mode.
[TmSim]: Run in serial mode.
[TmSim]: Run in serial mode.
[TmSim]: Run in serial mode.
[SUCCESS][CORE_0][pid 110566] exit success!
[SUCCESS][CORE_1][pid 110567] exit success!
[SUCCESS][CORE_2][pid 110568] exit success!
[SUCCESS][CORE_3][pid 110569] exit success!
[TmSim]: Run in serial mode.
[TmSim]: Run in serial mode.
[TmSim]: Run in serial mode.
[TmSim]: Run in serial mode.
[SUCCESS][CORE_0][pid 110570] exit success!
[SUCCESS][CORE_1][pid 110571] exit success!
[SUCCESS][CORE_2][pid 110572] exit success!
[SUCCESS][CORE_3][pid 110573] exit success!
MTP slot-derived context, duplicate and missing page cases passed
[TmSim]: Run in serial mode.
[TmSim]: Run in serial mode.
[TmSim]: Run in serial mode.
[TmSim]: Run in serial mode.
[SUCCESS][CORE_0][pid 110574] exit success!
[SUCCESS][CORE_1][pid 110575] exit success!
[SUCCESS][CORE_2][pid 110576] exit success!
[SUCCESS][CORE_3][pid 110577] exit success!
[TmSim]: Run in serial mode.
[TmSim]: Run in serial mode.
[TmSim]: Run in serial mode.
[TmSim]: Run in serial mode.
[TmSim]: Run in serial mode.
[TmSim]: Run in serial mode.
[TmSim]: Run in serial mode.
[TmSim]: Run in serial mode.
[oscar] phase=cv-debug running seconds=30.1 log=/Users/sunao2000/gpt_new_oscar/reports/vm/logs/cv-debug.log
[TmSim]: Run in serial mode.
[TmSim]: Run in serial mode.
[TmSim]: Run in serial mode.
[TmSim]: Run in serial mode.
[TmSim]: Run in serial mode.
[TmSim]: Run in serial mode.
[TmSim]: Run in serial mode.
[TmSim]: Run in serial mode.
[TmSim]: Run in serial mode.
[TmSim]: Run in serial mode.
[TmSim]: Run in serial mode.
[TmSim]: Run in serial mode.
[TmSim]: Run in serial mode.
[TmSim]: Run in serial mode.
[TmSim]: Run in serial mode.
[TmSim]: Run in serial mode.
[TmSim]: Run in serial mode.
[TmSim]: Run in serial mode.
[TmSim]: Run in serial mode.
[TmSim]: Run in serial mode.
[TmSim]: Run in serial mode.
[TmSim]: Run in serial mode.
[TmSim]: Run in serial mode.
[TmSim]: Run in serial mode.
[TmSim]: Run in serial mode.
[TmSim]: Run in serial mode.
[TmSim]: Run in serial mode.
[TmSim]: Run in serial mode.
[TmSim]: Run in serial mode.
[TmSim]: Run in serial mode.
[TmSim]: Run in serial mode.
[TmSim]: Run in serial mode.
[TmSim]: Run in serial mode.
[TmSim]: Run in serial mode.
[TmSim]: Run in serial mode.
[TmSim]: Run in serial mode.
[SUCCESS][AIC_0][pid 110578] exit success!
[TmSim]: Run in serial mode.
[TmSim]: Run in serial mode.
[TmSim]: Run in serial mode.
[TmSim]: Run in serial mode.
[TmSim]: Run in serial mode.
[TmSim]: Run in serial mode.
[TmSim]: Run in serial mode.
[TmSim]: Run in serial mode.
[TmSim]: Run in serial mode.
[TmSim]: Run in serial mode.
[TmSim]: Run in serial mode.
[TmSim]: Run in serial mode.
[SUCCESS][AIV_0][pid 110579] exit success!
[SUCCESS][AIV_1][pid 110580] exit success!
[SUCCESS][AIC_1][pid 110581] exit success!
[TmSim]: Run in serial mode.
[SUCCESS][AIV_2][pid 110582] exit success!
[SUCCESS][AIV_3][pid 110583] exit success!
[SUCCESS][AIC_2][pid 110584] exit success!
[TmSim]: Run in serial mode.
[TmSim]: Run in serial mode.
[SUCCESS][AIV_4][pid 110585] exit success!
[SUCCESS][AIV_5][pid 110586] exit success!
[SUCCESS][AIC_3][pid 110587] exit success!
[TmSim]: Run in serial mode.
[SUCCESS][AIV_6][pid 110588] exit success!
[SUCCESS][AIV_7][pid 110589] exit success!
[SUCCESS][AIC_4][pid 110590] exit success!
[SUCCESS][AIV_8][pid 110591] exit success!
[SUCCESS][AIV_9][pid 110592] exit success!
[SUCCESS][AIC_5][pid 110593] exit success!
[SUCCESS][AIV_10][pid 110594] exit success!
[SUCCESS][AIV_11][pid 110595] exit success!
[SUCCESS][AIC_6][pid 110596] exit success!
[SUCCESS][AIV_12][pid 110597] exit success!
[SUCCESS][AIV_13][pid 110598] exit success!
[SUCCESS][AIC_7][pid 110599] exit success!
[SUCCESS][AIV_14][pid 110600] exit success!
[SUCCESS][AIV_15][pid 110601] exit success!
[SUCCESS][AIC_8][pid 110602] exit success!
[SUCCESS][AIV_16][pid 110603] exit success!
[SUCCESS][AIV_17][pid 110604] exit success!
[SUCCESS][AIC_9][pid 110605] exit success!
[SUCCESS][AIV_18][pid 110606] exit success!
[SUCCESS][AIV_19][pid 110607] exit success!
[SUCCESS][AIC_10][pid 110608] exit success!
[SUCCESS][AIV_20][pid 110609] exit success!
[SUCCESS][AIV_21][pid 110610] exit success!
[SUCCESS][AIC_11][pid 110611] exit success!
[SUCCESS][AIV_22][pid 110612] exit success!
[SUCCESS][AIV_23][pid 110613] exit success!
[SUCCESS][AIC_12][pid 110614] exit success!
[SUCCESS][AIV_24][pid 110615] exit success!
[SUCCESS][AIV_25][pid 110616] exit success!
[SUCCESS][AIC_13][pid 110617] exit success!
[SUCCESS][AIV_26][pid 110618] exit success!
[SUCCESS][AIV_27][pid 110619] exit success!
[SUCCESS][AIC_14][pid 110620] exit success!
[SUCCESS][AIV_28][pid 110621] exit success!
[SUCCESS][AIV_29][pid 110622] exit success!
[SUCCESS][AIC_15][pid 110623] exit success!
[SUCCESS][AIV_30][pid 110624] exit success!
[SUCCESS][AIV_31][pid 110625] exit success!
[SUCCESS][AIC_16][pid 110626] exit success!
[SUCCESS][AIV_32][pid 110627] exit success!
[SUCCESS][AIV_33][pid 110628] exit success!
[SUCCESS][AIC_17][pid 110629] exit success!
[SUCCESS][AIV_34][pid 110630] exit success!
[SUCCESS][AIV_35][pid 110631] exit success!
[SUCCESS][AIC_18][pid 110632] exit success!
[SUCCESS][AIV_36][pid 110633] exit success!
[SUCCESS][AIV_37][pid 110634] exit success!
[SUCCESS][AIC_19][pid 110635] exit success!
[SUCCESS][AIV_38][pid 110636] exit success!
[SUCCESS][AIV_39][pid 110637] exit success!
splits=20 empty_segments=21
[TmSim]: Run in serial mode.
[TmSim]: Run in serial mode.
[TmSim]: Run in serial mode.
[TmSim]: Run in serial mode.
[SUCCESS][CORE_0][pid 110639] exit success!
[SUCCESS][CORE_1][pid 110640] exit success!
[SUCCESS][CORE_2][pid 110641] exit success!
[SUCCESS][CORE_3][pid 110642] exit success!
max_abs=3.57628e-07 file=/home/sunao2000.linux/gpt_new_oscar/artifacts/cv_cpu_cases/d64_q4_c65_s20/expected_output.bin
max_abs=4.76837e-07 file=/home/sunao2000.linux/gpt_new_oscar/artifacts/cv_cpu_cases/d64_q4_c65_s20/expected_lse.bin
{"backend":"ascendc_cpu_debug","op":"attention_cv","status":"passed"}
RESULT {"phase": "011-attention_cv", "command": ["/home/sunao2000.linux/gpt_new_oscar/build/cpu/oscar_cv_cpu", "attention_cv", "/home/sunao2000.linux/gpt_new_oscar/artifacts/cv_cpu_cases/d64_q4_c65_s20"], "returncode": 0, "elapsed_seconds": 3.863873, "timed_out": false, "interrupted": false, "log": "/home/sunao2000.linux/gpt_new_oscar/logs/vm-cv/011-attention_cv.log", "cleanup_complete": true}
[oscar] PASSED phase=011-attention_cv rc=0 log=logs/vm-cv/011-attention_cv.log
START phase=012-attention_cv cwd=/home/sunao2000.linux/gpt_new_oscar command=["/home/sunao2000.linux/gpt_new_oscar/build/cpu/oscar_cv_cpu", "attention_cv", "/home/sunao2000.linux/gpt_new_oscar/artifacts/cv_cpu_cases/d256_q4_c511_s20"]
[TmSim]: Run in serial mode.
[TmSim]: Run in serial mode.
[TmSim]: Run in serial mode.
[TmSim]: Run in serial mode.
[SUCCESS][CORE_0][pid 110645] exit success!
[SUCCESS][CORE_1][pid 110646] exit success!
[SUCCESS][CORE_2][pid 110647] exit success!
[SUCCESS][CORE_3][pid 110648] exit success!
[TmSim]: Run in serial mode.
[TmSim]: Run in serial mode.
[TmSim]: Run in serial mode.
[TmSim]: Run in serial mode.
[SUCCESS][CORE_0][pid 110649] exit success!
[SUCCESS][CORE_1][pid 110650] exit success!
[SUCCESS][CORE_2][pid 110651] exit success!
[SUCCESS][CORE_3][pid 110652] exit success!
metadata padded request and changed-slot cases passed
[TmSim]: Run in serial mode.
[TmSim]: Run in serial mode.
[TmSim]: Run in serial mode.
[TmSim]: Run in serial mode.
[SUCCESS][CORE_0][pid 110653] exit success!
[SUCCESS][CORE_1][pid 110654] exit success!
[SUCCESS][CORE_2][pid 110655] exit success!
[SUCCESS][CORE_3][pid 110656] exit success!
[TmSim]: Run in serial mode.
[TmSim]: Run in serial mode.
[TmSim]: Run in serial mode.
[TmSim]: Run in serial mode.
[SUCCESS][CORE_0][pid 110657] exit success!
[SUCCESS][CORE_1][pid 110658] exit success!
[SUCCESS][CORE_2][pid 110659] exit success!
[SUCCESS][CORE_3][pid 110660] exit success!
[TmSim]: Run in serial mode.
[TmSim]: Run in serial mode.
[TmSim]: Run in serial mode.
[TmSim]: Run in serial mode.
[SUCCESS][CORE_0][pid 110661] exit success!
[SUCCESS][CORE_1][pid 110662] exit success!
[SUCCESS][CORE_2][pid 110663] exit success!
[SUCCESS][CORE_3][pid 110664] exit success!
MTP slot-derived context, duplicate and missing page cases passed
[TmSim]: Run in serial mode.
[TmSim]: Run in serial mode.
[TmSim]: Run in serial mode.
[TmSim]: Run in serial mode.
[SUCCESS][CORE_0][pid 110665] exit success!
[SUCCESS][CORE_1][pid 110666] exit success!
[SUCCESS][CORE_2][pid 110667] exit success!
[SUCCESS][CORE_3][pid 110668] exit success!
[TmSim]: Run in serial mode.
[TmSim]: Run in serial mode.
[TmSim]: Run in serial mode.
[TmSim]: Run in serial mode.
[TmSim]: Run in serial mode.
[TmSim]: Run in serial mode.
[TmSim]: Run in serial mode.
[TmSim]: Run in serial mode.
[TmSim]: Run in serial mode.
[TmSim]: Run in serial mode.
[TmSim]: Run in serial mode.
[TmSim]: Run in serial mode.
[TmSim]: Run in serial mode.
[TmSim]: Run in serial mode.
[TmSim]: Run in serial mode.
[TmSim]: Run in serial mode.
[TmSim]: Run in serial mode.
[TmSim]: Run in serial mode.
[TmSim]: Run in serial mode.
[TmSim]: Run in serial mode.
[TmSim]: Run in serial mode.
[TmSim]: Run in serial mode.
[TmSim]: Run in serial mode.
[TmSim]: Run in serial mode.
[TmSim]: Run in serial mode.
[TmSim]: Run in serial mode.
[TmSim]: Run in serial mode.
[TmSim]: Run in serial mode.
[TmSim]: Run in serial mode.
[TmSim]: Run in serial mode.
[TmSim]: Run in serial mode.
[TmSim]: Run in serial mode.
[TmSim]: Run in serial mode.
[TmSim]: Run in serial mode.
[TmSim]: Run in serial mode.
[TmSim]: Run in serial mode.
[TmSim]: Run in serial mode.
[TmSim]: Run in serial mode.
[TmSim]: Run in serial mode.
[TmSim]: Run in serial mode.
[TmSim]: Run in serial mode.
[TmSim]: Run in serial mode.
[TmSim]: Run in serial mode.
[TmSim]: Run in serial mode.
[TmSim]: Run in serial mode.
[TmSim]: Run in serial mode.
[TmSim]: Run in serial mode.
[TmSim]: Run in serial mode.
[TmSim]: Run in serial mode.
[TmSim]: Run in serial mode.
[SUCCESS][AIC_0][pid 110669] exit success!
[TmSim]: Run in serial mode.
[TmSim]: Run in serial mode.
[TmSim]: Run in serial mode.
[TmSim]: Run in serial mode.
[TmSim]: Run in serial mode.
[TmSim]: Run in serial mode.
[TmSim]: Run in serial mode.
[TmSim]: Run in serial mode.
[TmSim]: Run in serial mode.
[SUCCESS][AIV_0][pid 110670] exit success!
[SUCCESS][AIV_1][pid 110671] exit success!
[SUCCESS][AIC_1][pid 110672] exit success!
[TmSim]: Run in serial mode.
[SUCCESS][AIV_2][pid 110673] exit success!
[SUCCESS][AIV_3][pid 110674] exit success!
[SUCCESS][AIC_2][pid 110675] exit success!
[SUCCESS][AIV_4][pid 110676] exit success!
[SUCCESS][AIV_5][pid 110677] exit success!
[SUCCESS][AIC_3][pid 110678] exit success!
[SUCCESS][AIV_6][pid 110679] exit success!
[SUCCESS][AIV_7][pid 110680] exit success!
[SUCCESS][AIC_4][pid 110681] exit success!
[SUCCESS][AIV_8][pid 110682] exit success!
[SUCCESS][AIV_9][pid 110683] exit success!
[SUCCESS][AIC_5][pid 110684] exit success!
[SUCCESS][AIV_10][pid 110685] exit success!
[SUCCESS][AIV_11][pid 110686] exit success!
[SUCCESS][AIC_6][pid 110687] exit success!
[SUCCESS][AIV_12][pid 110688] exit success!
[SUCCESS][AIV_13][pid 110689] exit success!
[SUCCESS][AIC_7][pid 110690] exit success!
[SUCCESS][AIV_14][pid 110691] exit success!
[SUCCESS][AIV_15][pid 110692] exit success!
[SUCCESS][AIC_8][pid 110693] exit success!
[SUCCESS][AIV_16][pid 110694] exit success!
[SUCCESS][AIV_17][pid 110695] exit success!
[SUCCESS][AIC_9][pid 110696] exit success!
[SUCCESS][AIV_18][pid 110697] exit success!
[SUCCESS][AIV_19][pid 110698] exit success!
[SUCCESS][AIC_10][pid 110699] exit success!
[SUCCESS][AIV_20][pid 110700] exit success!
[SUCCESS][AIV_21][pid 110701] exit success!
[SUCCESS][AIC_11][pid 110702] exit success!
[SUCCESS][AIV_22][pid 110703] exit success!
[SUCCESS][AIV_23][pid 110704] exit success!
[SUCCESS][AIC_12][pid 110705] exit success!
[SUCCESS][AIV_24][pid 110706] exit success!
[SUCCESS][AIV_25][pid 110707] exit success!
[SUCCESS][AIC_13][pid 110708] exit success!
[SUCCESS][AIV_26][pid 110709] exit success!
[SUCCESS][AIV_27][pid 110710] exit success!
[SUCCESS][AIC_14][pid 110711] exit success!
[SUCCESS][AIV_28][pid 110712] exit success!
[SUCCESS][AIV_29][pid 110713] exit success!
[SUCCESS][AIC_15][pid 110714] exit success!
[SUCCESS][AIV_30][pid 110715] exit success!
[SUCCESS][AIV_31][pid 110716] exit success!
[SUCCESS][AIC_16][pid 110717] exit success!
[SUCCESS][AIV_32][pid 110718] exit success!
[SUCCESS][AIV_33][pid 110719] exit success!
[SUCCESS][AIC_17][pid 110720] exit success!
[SUCCESS][AIV_34][pid 110721] exit success!
[SUCCESS][AIV_35][pid 110722] exit success!
[SUCCESS][AIC_18][pid 110723] exit success!
[SUCCESS][AIV_36][pid 110724] exit success!
[SUCCESS][AIV_37][pid 110725] exit success!
[SUCCESS][AIC_19][pid 110726] exit success!
[SUCCESS][AIV_38][pid 110727] exit success!
[SUCCESS][AIV_39][pid 110728] exit success!
splits=20 empty_segments=18
[TmSim]: Run in serial mode.
[TmSim]: Run in serial mode.
[SUCCESS][CORE_0][pid 110732] exit success!
[SUCCESS][CORE_1][pid 110733] exit success!
[TmSim]: Run in serial mode.
[TmSim]: Run in serial mode.
[SUCCESS][CORE_2][pid 110734] exit success!
[SUCCESS][CORE_3][pid 110735] exit success!
max_abs=8.9407e-07 file=/home/sunao2000.linux/gpt_new_oscar/artifacts/cv_cpu_cases/d256_q4_c511_s20/expected_output.bin
max_abs=4.76837e-07 file=/home/sunao2000.linux/gpt_new_oscar/artifacts/cv_cpu_cases/d256_q4_c511_s20/expected_lse.bin
{"backend":"ascendc_cpu_debug","op":"attention_cv","status":"passed"}
RESULT {"phase": "012-attention_cv", "command": ["/home/sunao2000.linux/gpt_new_oscar/build/cpu/oscar_cv_cpu", "attention_cv", "/home/sunao2000.linux/gpt_new_oscar/artifacts/cv_cpu_cases/d256_q4_c511_s20"], "returncode": 0, "elapsed_seconds": 8.606648, "timed_out": false, "interrupted": false, "log": "/home/sunao2000.linux/gpt_new_oscar/logs/vm-cv/012-attention_cv.log", "cleanup_complete": true}
[oscar] PASSED phase=012-attention_cv rc=0 log=logs/vm-cv/012-attention_cv.log
START phase=013-attention_cv cwd=/home/sunao2000.linux/gpt_new_oscar command=["/home/sunao2000.linux/gpt_new_oscar/build/cpu/oscar_cv_cpu", "attention_cv", "/home/sunao2000.linux/gpt_new_oscar/artifacts/cv_cpu_cases/d64_q4_c0_s20"]
[TmSim]: Run in serial mode.
[TmSim]: Run in serial mode.
[TmSim]: Run in serial mode.
[TmSim]: Run in serial mode.
[SUCCESS][CORE_0][pid 110738] exit success!
[SUCCESS][CORE_1][pid 110739] exit success!
[SUCCESS][CORE_2][pid 110740] exit success!
[SUCCESS][CORE_3][pid 110741] exit success!
[TmSim]: Run in serial mode.
[TmSim]: Run in serial mode.
[TmSim]: Run in serial mode.
[TmSim]: Run in serial mode.
[SUCCESS][CORE_0][pid 110742] exit success!
[SUCCESS][CORE_1][pid 110743] exit success!
[SUCCESS][CORE_2][pid 110744] exit success!
[SUCCESS][CORE_3][pid 110745] exit success!
metadata padded request and changed-slot cases passed
[TmSim]: Run in serial mode.
[TmSim]: Run in serial mode.
[TmSim]: Run in serial mode.
[TmSim]: Run in serial mode.
[SUCCESS][CORE_0][pid 110746] exit success!
[SUCCESS][CORE_1][pid 110747] exit success!
[SUCCESS][CORE_2][pid 110748] exit success!
[SUCCESS][CORE_3][pid 110749] exit success!
[TmSim]: Run in serial mode.
[TmSim]: Run in serial mode.
[TmSim]: Run in serial mode.
[TmSim]: Run in serial mode.
[SUCCESS][CORE_0][pid 110750] exit success!
[SUCCESS][CORE_1][pid 110751] exit success!
[SUCCESS][CORE_2][pid 110752] exit success!
[SUCCESS][CORE_3][pid 110753] exit success!
[TmSim]: Run in serial mode.
[TmSim]: Run in serial mode.
[TmSim]: Run in serial mode.
[TmSim]: Run in serial mode.
[SUCCESS][CORE_0][pid 110754] exit success!
[SUCCESS][CORE_1][pid 110755] exit success!
[SUCCESS][CORE_2][pid 110756] exit success!
[SUCCESS][CORE_3][pid 110757] exit success!
MTP slot-derived context, duplicate and missing page cases passed
[TmSim]: Run in serial mode.
[TmSim]: Run in serial mode.
[TmSim]: Run in serial mode.
[TmSim]: Run in serial mode.
[SUCCESS][CORE_0][pid 110758] exit success!
[SUCCESS][CORE_1][pid 110759] exit success!
[SUCCESS][CORE_2][pid 110760] exit success!
[SUCCESS][CORE_3][pid 110761] exit success!
[TmSim]: Run in serial mode.
[TmSim]: Run in serial mode.
[TmSim]: Run in serial mode.
[TmSim]: Run in serial mode.
[TmSim]: Run in serial mode.
[TmSim]: Run in serial mode.
[TmSim]: Run in serial mode.
[TmSim]: Run in serial mode.
[TmSim]: Run in serial mode.
[TmSim]: Run in serial mode.
[TmSim]: Run in serial mode.
[TmSim]: Run in serial mode.
[TmSim]: Run in serial mode.
[TmSim]: Run in serial mode.
[TmSim]: Run in serial mode.
[TmSim]: Run in serial mode.
[TmSim]: Run in serial mode.
[TmSim]: Run in serial mode.
[TmSim]: Run in serial mode.
[TmSim]: Run in serial mode.
[TmSim]: Run in serial mode.
[TmSim]: Run in serial mode.
[TmSim]: Run in serial mode.
[TmSim]: Run in serial mode.
[TmSim]: Run in serial mode.
[TmSim]: Run in serial mode.
[TmSim]: Run in serial mode.
[TmSim]: Run in serial mode.
[TmSim]: Run in serial mode.
[TmSim]: Run in serial mode.
[TmSim]: Run in serial mode.
[TmSim]: Run in serial mode.
[TmSim]: Run in serial mode.
[TmSim]: Run in serial mode.
[TmSim]: Run in serial mode.
[TmSim]: Run in serial mode.
[TmSim]: Run in serial mode.
[TmSim]: Run in serial mode.
[TmSim]: Run in serial mode.
[TmSim]: Run in serial mode.
[TmSim]: Run in serial mode.
[TmSim]: Run in serial mode.
[TmSim]: Run in serial mode.
[SUCCESS][AIC_0][pid 110762] exit success!
[TmSim]: Run in serial mode.
[TmSim]: Run in serial mode.
[TmSim]: Run in serial mode.
[TmSim]: Run in serial mode.
[TmSim]: Run in serial mode.
[TmSim]: Run in serial mode.
[TmSim]: Run in serial mode.
[TmSim]: Run in serial mode.
[TmSim]: Run in serial mode.
[TmSim]: Run in serial mode.
[SUCCESS][AIV_0][pid 110763] exit success!
[SUCCESS][AIV_1][pid 110764] exit success!
[TmSim]: Run in serial mode.
[TmSim]: Run in serial mode.
[SUCCESS][AIC_1][pid 110765] exit success!
[TmSim]: Run in serial mode.
[TmSim]: Run in serial mode.
[TmSim]: Run in serial mode.
[SUCCESS][AIV_2][pid 110766] exit success!
[SUCCESS][AIV_3][pid 110767] exit success!
[SUCCESS][AIC_2][pid 110768] exit success!
[TmSim]: Run in serial mode.
[TmSim]: Run in serial mode.
[SUCCESS][AIV_4][pid 110769] exit success!
[SUCCESS][AIV_5][pid 110770] exit success!
[SUCCESS][AIC_3][pid 110771] exit success!
[SUCCESS][AIV_6][pid 110772] exit success!
[SUCCESS][AIV_7][pid 110773] exit success!
[SUCCESS][AIC_4][pid 110774] exit success!
[SUCCESS][AIV_8][pid 110775] exit success!
[SUCCESS][AIV_9][pid 110776] exit success!
[SUCCESS][AIC_5][pid 110777] exit success!
[SUCCESS][AIV_10][pid 110778] exit success!
[SUCCESS][AIV_11][pid 110779] exit success!
[SUCCESS][AIC_6][pid 110780] exit success!
[SUCCESS][AIV_12][pid 110781] exit success!
[SUCCESS][AIV_13][pid 110782] exit success!
[SUCCESS][AIC_7][pid 110783] exit success!
[SUCCESS][AIV_14][pid 110784] exit success!
[SUCCESS][AIV_15][pid 110785] exit success!
[SUCCESS][AIC_8][pid 110786] exit success!
[SUCCESS][AIV_16][pid 110787] exit success!
[SUCCESS][AIV_17][pid 110788] exit success!
[SUCCESS][AIC_9][pid 110789] exit success!
[SUCCESS][AIV_18][pid 110790] exit success!
[SUCCESS][AIV_19][pid 110791] exit success!
[SUCCESS][AIC_10][pid 110792] exit success!
[SUCCESS][AIV_20][pid 110793] exit success!
[SUCCESS][AIV_21][pid 110794] exit success!
[SUCCESS][AIC_11][pid 110795] exit success!
[SUCCESS][AIV_22][pid 110796] exit success!
[SUCCESS][AIV_23][pid 110797] exit success!
[SUCCESS][AIC_12][pid 110798] exit success!
[SUCCESS][AIV_24][pid 110799] exit success!
[SUCCESS][AIV_25][pid 110800] exit success!
[SUCCESS][AIC_13][pid 110801] exit success!
[SUCCESS][AIV_26][pid 110802] exit success!
[SUCCESS][AIV_27][pid 110803] exit success!
[SUCCESS][AIC_14][pid 110804] exit success!
[SUCCESS][AIV_28][pid 110805] exit success!
[SUCCESS][AIV_29][pid 110806] exit success!
[SUCCESS][AIC_15][pid 110807] exit success!
[SUCCESS][AIV_30][pid 110808] exit success!
[SUCCESS][AIV_31][pid 110809] exit success!
[SUCCESS][AIC_16][pid 110810] exit success!
[SUCCESS][AIV_32][pid 110811] exit success!
[SUCCESS][AIV_33][pid 110812] exit success!
[SUCCESS][AIC_17][pid 110813] exit success!
[SUCCESS][AIV_34][pid 110814] exit success!
[SUCCESS][AIV_35][pid 110815] exit success!
[SUCCESS][AIC_18][pid 110816] exit success!
[SUCCESS][AIV_36][pid 110817] exit success!
[SUCCESS][AIV_37][pid 110818] exit success!
[SUCCESS][AIC_19][pid 110819] exit success!
[SUCCESS][AIV_38][pid 110820] exit success!
[SUCCESS][AIV_39][pid 110821] exit success!
splits=20 empty_segments=56
[TmSim]: Run in serial mode.
[TmSim]: Run in serial mode.
[TmSim]: Run in serial mode.
[TmSim]: Run in serial mode.
[SUCCESS][CORE_0][pid 110822] exit success!
[SUCCESS][CORE_1][pid 110823] exit success!
[SUCCESS][CORE_2][pid 110824] exit success!
[SUCCESS][CORE_3][pid 110825] exit success!
max_abs=2.38419e-07 file=/home/sunao2000.linux/gpt_new_oscar/artifacts/cv_cpu_cases/d64_q4_c0_s20/expected_output.bin
max_abs=2.38419e-07 file=/home/sunao2000.linux/gpt_new_oscar/artifacts/cv_cpu_cases/d64_q4_c0_s20/expected_lse.bin
{"backend":"ascendc_cpu_debug","op":"attention_cv","status":"passed"}
RESULT {"phase": "013-attention_cv", "command": ["/home/sunao2000.linux/gpt_new_oscar/build/cpu/oscar_cv_cpu", "attention_cv", "/home/sunao2000.linux/gpt_new_oscar/artifacts/cv_cpu_cases/d64_q4_c0_s20"], "returncode": 0, "elapsed_seconds": 1.625314, "timed_out": false, "interrupted": false, "log": "/home/sunao2000.linux/gpt_new_oscar/logs/vm-cv/013-attention_cv.log", "cleanup_complete": true}
[oscar] PASSED phase=013-attention_cv rc=0 log=logs/vm-cv/013-attention_cv.log
START phase=014-attention_cv cwd=/home/sunao2000.linux/gpt_new_oscar command=["/home/sunao2000.linux/gpt_new_oscar/build/cpu/oscar_cv_cpu", "attention_cv", "/home/sunao2000.linux/gpt_new_oscar/artifacts/cv_cpu_cases/d64_mixed_q1q4"]
[TmSim]: Run in serial mode.
[TmSim]: Run in serial mode.
[TmSim]: Run in serial mode.
[TmSim]: Run in serial mode.
[SUCCESS][CORE_0][pid 110828] exit success!
[SUCCESS][CORE_1][pid 110829] exit success!
[SUCCESS][CORE_2][pid 110830] exit success!
[SUCCESS][CORE_3][pid 110831] exit success!
[TmSim]: Run in serial mode.
[TmSim]: Run in serial mode.
[TmSim]: Run in serial mode.
[TmSim]: Run in serial mode.
[SUCCESS][CORE_0][pid 110832] exit success!
[SUCCESS][CORE_1][pid 110833] exit success!
[SUCCESS][CORE_2][pid 110834] exit success!
[SUCCESS][CORE_3][pid 110835] exit success!
metadata padded request and changed-slot cases passed
[TmSim]: Run in serial mode.
[TmSim]: Run in serial mode.
[TmSim]: Run in serial mode.
[SUCCESS][CORE_0][pid 110836] exit success!
[TmSim]: Run in serial mode.
[SUCCESS][CORE_1][pid 110837] exit success!
[SUCCESS][CORE_2][pid 110838] exit success!
[SUCCESS][CORE_3][pid 110839] exit success!
[TmSim]: Run in serial mode.
[TmSim]: Run in serial mode.
[TmSim]: Run in serial mode.
[TmSim]: Run in serial mode.
[SUCCESS][CORE_0][pid 110840] exit success!
[SUCCESS][CORE_1][pid 110841] exit success!
[SUCCESS][CORE_2][pid 110842] exit success!
[SUCCESS][CORE_3][pid 110843] exit success!
[TmSim]: Run in serial mode.
[TmSim]: Run in serial mode.
[TmSim]: Run in serial mode.
[TmSim]: Run in serial mode.
[SUCCESS][CORE_0][pid 110844] exit success!
[SUCCESS][CORE_1][pid 110845] exit success!
[SUCCESS][CORE_2][pid 110846] exit success!
[SUCCESS][CORE_3][pid 110847] exit success!
MTP slot-derived context, duplicate and missing page cases passed
[TmSim]: Run in serial mode.
[TmSim]: Run in serial mode.
[TmSim]: Run in serial mode.
[TmSim]: Run in serial mode.
[SUCCESS][CORE_0][pid 110848] exit success!
[SUCCESS][CORE_1][pid 110849] exit success!
[SUCCESS][CORE_2][pid 110850] exit success!
[SUCCESS][CORE_3][pid 110851] exit success!
[TmSim]: Run in serial mode.
[TmSim]: Run in serial mode.
[TmSim]: Run in serial mode.
[TmSim]: Run in serial mode.
[SUCCESS][AIC_0][pid 110852] exit success!
[TmSim]: Run in serial mode.
[TmSim]: Run in serial mode.
[SUCCESS][AIV_0][pid 110853] exit success!
[SUCCESS][AIV_1][pid 110854] exit success!
[SUCCESS][AIC_1][pid 110855] exit success!
[SUCCESS][AIV_2][pid 110856] exit success!
[SUCCESS][AIV_3][pid 110857] exit success!
splits=1 empty_segments=1
[TmSim]: Run in serial mode.
[TmSim]: Run in serial mode.
[TmSim]: Run in serial mode.
[TmSim]: Run in serial mode.
[SUCCESS][CORE_0][pid 110859] exit success!
[SUCCESS][CORE_1][pid 110860] exit success!
[SUCCESS][CORE_2][pid 110861] exit success!
[SUCCESS][CORE_3][pid 110862] exit success!
max_abs=4.17233e-07 file=/home/sunao2000.linux/gpt_new_oscar/artifacts/cv_cpu_cases/d64_mixed_q1q4/expected_output.bin
max_abs=4.76837e-07 file=/home/sunao2000.linux/gpt_new_oscar/artifacts/cv_cpu_cases/d64_mixed_q1q4/expected_lse.bin
{"backend":"ascendc_cpu_debug","op":"attention_cv","status":"passed"}
RESULT {"phase": "014-attention_cv", "command": ["/home/sunao2000.linux/gpt_new_oscar/build/cpu/oscar_cv_cpu", "attention_cv", "/home/sunao2000.linux/gpt_new_oscar/artifacts/cv_cpu_cases/d64_mixed_q1q4"], "returncode": 0, "elapsed_seconds": 1.34136, "timed_out": false, "interrupted": false, "log": "/home/sunao2000.linux/gpt_new_oscar/logs/vm-cv/014-attention_cv.log", "cleanup_complete": true}
[oscar] PASSED phase=014-attention_cv rc=0 log=logs/vm-cv/014-attention_cv.log
START phase=015-bad_tag cwd=/home/sunao2000.linux/gpt_new_oscar command=["/home/sunao2000.linux/gpt_new_oscar/build/cpu/oscar_cv_cpu", "bad_tag", "/home/sunao2000.linux/gpt_new_oscar/artifacts/cv_cpu_cases/d64_q4_c65"]
[TmSim]: Run in serial mode.
[TmSim]: Run in serial mode.
[TmSim]: Run in serial mode.
[TmSim]: Run in serial mode.
[SUCCESS][CORE_0][pid 110865] exit success!
[SUCCESS][CORE_1][pid 110866] exit success!
[SUCCESS][CORE_2][pid 110867] exit success!
[SUCCESS][CORE_3][pid 110868] exit success!
[TmSim]: Run in serial mode.
[TmSim]: Run in serial mode.
[TmSim]: Run in serial mode.
[TmSim]: Run in serial mode.
[SUCCESS][CORE_0][pid 110869] exit success!
[SUCCESS][CORE_1][pid 110870] exit success!
[SUCCESS][CORE_2][pid 110871] exit success!
[SUCCESS][CORE_3][pid 110872] exit success!
metadata padded request and changed-slot cases passed
[TmSim]: Run in serial mode.
[TmSim]: Run in serial mode.
[TmSim]: Run in serial mode.
[TmSim]: Run in serial mode.
[SUCCESS][CORE_0][pid 110873] exit success!
[SUCCESS][CORE_1][pid 110874] exit success!
[SUCCESS][CORE_2][pid 110875] exit success!
[SUCCESS][CORE_3][pid 110876] exit success!
[TmSim]: Run in serial mode.
[TmSim]: Run in serial mode.
[TmSim]: Run in serial mode.
[TmSim]: Run in serial mode.
[SUCCESS][CORE_0][pid 110877] exit success!
[SUCCESS][CORE_1][pid 110878] exit success!
[SUCCESS][CORE_2][pid 110879] exit success!
[SUCCESS][CORE_3][pid 110880] exit success!
[TmSim]: Run in serial mode.
[TmSim]: Run in serial mode.
[TmSim]: Run in serial mode.
[SUCCESS][CORE_0][pid 110881] exit success!
[TmSim]: Run in serial mode.
[SUCCESS][CORE_1][pid 110882] exit success!
[SUCCESS][CORE_2][pid 110883] exit success!
[SUCCESS][CORE_3][pid 110884] exit success!
MTP slot-derived context, duplicate and missing page cases passed
[TmSim]: Run in serial mode.
[TmSim]: Run in serial mode.
[TmSim]: Run in serial mode.
[SUCCESS][CORE_0][pid 110885] exit success!
[TmSim]: Run in serial mode.
[SUCCESS][CORE_1][pid 110886] exit success!
[SUCCESS][CORE_2][pid 110887] exit success!
[SUCCESS][CORE_3][pid 110888] exit success!
[TmSim]: Run in serial mode.
[TmSim]: Run in serial mode.
[TmSim]: Run in serial mode.
[TmSim]: Run in serial mode.
[SUCCESS][AIC_0][pid 110889] exit success!
[TmSim]: Run in serial mode.
[TmSim]: Run in serial mode.
[SUCCESS][AIV_0][pid 110890] exit success!
[SUCCESS][AIV_1][pid 110891] exit success!
[SUCCESS][AIC_1][pid 110892] exit success!
[SUCCESS][AIV_2][pid 110893] exit success!
[SUCCESS][AIV_3][pid 110894] exit success!
{"backend":"ascendc_cpu_debug","op":"bad_tag","status":"passed"}
RESULT {"phase": "015-bad_tag", "command": ["/home/sunao2000.linux/gpt_new_oscar/build/cpu/oscar_cv_cpu", "bad_tag", "/home/sunao2000.linux/gpt_new_oscar/artifacts/cv_cpu_cases/d64_q4_c65"], "returncode": 0, "elapsed_seconds": 1.033602, "timed_out": false, "interrupted": false, "log": "/home/sunao2000.linux/gpt_new_oscar/logs/vm-cv/015-bad_tag.log", "cleanup_complete": true}
[oscar] PASSED phase=015-bad_tag rc=0 log=logs/vm-cv/015-bad_tag.log
START phase=016-nan_query cwd=/home/sunao2000.linux/gpt_new_oscar command=["/home/sunao2000.linux/gpt_new_oscar/build/cpu/oscar_cv_cpu", "nan_query", "/home/sunao2000.linux/gpt_new_oscar/artifacts/cv_cpu_cases/d64_q4_c65"]
[TmSim]: Run in serial mode.
[TmSim]: Run in serial mode.
[TmSim]: Run in serial mode.
[TmSim]: Run in serial mode.
[SUCCESS][CORE_0][pid 110897] exit success!
[SUCCESS][CORE_1][pid 110898] exit success!
[SUCCESS][CORE_2][pid 110899] exit success!
[SUCCESS][CORE_3][pid 110900] exit success!
[TmSim]: Run in serial mode.
[TmSim]: Run in serial mode.
[TmSim]: Run in serial mode.
[TmSim]: Run in serial mode.
[SUCCESS][CORE_0][pid 110901] exit success!
[SUCCESS][CORE_1][pid 110902] exit success!
[SUCCESS][CORE_2][pid 110903] exit success!
[SUCCESS][CORE_3][pid 110904] exit success!
metadata padded request and changed-slot cases passed
[TmSim]: Run in serial mode.
[TmSim]: Run in serial mode.
[TmSim]: Run in serial mode.
[TmSim]: Run in serial mode.
[SUCCESS][CORE_0][pid 110905] exit success!
[SUCCESS][CORE_1][pid 110906] exit success!
[SUCCESS][CORE_2][pid 110907] exit success!
[SUCCESS][CORE_3][pid 110908] exit success!
[TmSim]: Run in serial mode.
[TmSim]: Run in serial mode.
[TmSim]: Run in serial mode.
[TmSim]: Run in serial mode.
[SUCCESS][CORE_0][pid 110909] exit success!
[SUCCESS][CORE_1][pid 110910] exit success!
[SUCCESS][CORE_2][pid 110911] exit success!
[SUCCESS][CORE_3][pid 110912] exit success!
[TmSim]: Run in serial mode.
[TmSim]: Run in serial mode.
[SUCCESS][CORE_0][pid 110913] exit success!
[TmSim]: Run in serial mode.
[TmSim]: Run in serial mode.
[SUCCESS][CORE_1][pid 110914] exit success!
[SUCCESS][CORE_2][pid 110915] exit success!
[SUCCESS][CORE_3][pid 110916] exit success!
MTP slot-derived context, duplicate and missing page cases passed
[TmSim]: Run in serial mode.
[TmSim]: Run in serial mode.
[TmSim]: Run in serial mode.
[TmSim]: Run in serial mode.
[SUCCESS][CORE_0][pid 110917] exit success!
[SUCCESS][CORE_1][pid 110918] exit success!
[SUCCESS][CORE_2][pid 110919] exit success!
[SUCCESS][CORE_3][pid 110920] exit success!
[TmSim]: Run in serial mode.
[TmSim]: Run in serial mode.
[TmSim]: Run in serial mode.
[TmSim]: Run in serial mode.
[SUCCESS][AIC_0][pid 110921] exit success!
[TmSim]: Run in serial mode.
[TmSim]: Run in serial mode.
[SUCCESS][AIV_0][pid 110922] exit success!
[SUCCESS][AIV_1][pid 110923] exit success!
[SUCCESS][AIC_1][pid 110924] exit success!
[SUCCESS][AIV_2][pid 110925] exit success!
[SUCCESS][AIV_3][pid 110926] exit success!
{"backend":"ascendc_cpu_debug","op":"nan_query","status":"passed"}
RESULT {"phase": "016-nan_query", "command": ["/home/sunao2000.linux/gpt_new_oscar/build/cpu/oscar_cv_cpu", "nan_query", "/home/sunao2000.linux/gpt_new_oscar/artifacts/cv_cpu_cases/d64_q4_c65"], "returncode": 0, "elapsed_seconds": 1.023717, "timed_out": false, "interrupted": false, "log": "/home/sunao2000.linux/gpt_new_oscar/logs/vm-cv/016-nan_query.log", "cleanup_complete": true}
[oscar] PASSED phase=016-nan_query rc=0 log=logs/vm-cv/016-nan_query.log
START phase=017-bad_meta cwd=/home/sunao2000.linux/gpt_new_oscar command=["/home/sunao2000.linux/gpt_new_oscar/build/cpu/oscar_cv_cpu", "bad_meta", "/home/sunao2000.linux/gpt_new_oscar/artifacts/cv_cpu_cases/d64_q4_c65"]
[TmSim]: Run in serial mode.
[TmSim]: Run in serial mode.
[TmSim]: Run in serial mode.
[TmSim]: Run in serial mode.
[SUCCESS][CORE_0][pid 110930] exit success!
[SUCCESS][CORE_1][pid 110931] exit success!
[SUCCESS][CORE_2][pid 110932] exit success!
[SUCCESS][CORE_3][pid 110933] exit success!
[TmSim]: Run in serial mode.
[TmSim]: Run in serial mode.
[TmSim]: Run in serial mode.
[TmSim]: Run in serial mode.
[SUCCESS][CORE_0][pid 110934] exit success!
[SUCCESS][CORE_1][pid 110935] exit success!
[SUCCESS][CORE_2][pid 110936] exit success!
[SUCCESS][CORE_3][pid 110937] exit success!
metadata padded request and changed-slot cases passed
[TmSim]: Run in serial mode.
[TmSim]: Run in serial mode.
[TmSim]: Run in serial mode.
[TmSim]: Run in serial mode.
[SUCCESS][CORE_0][pid 110938] exit success!
[SUCCESS][CORE_1][pid 110939] exit success!
[SUCCESS][CORE_2][pid 110940] exit success!
[SUCCESS][CORE_3][pid 110941] exit success!
[oscar] phase=cv-debug running seconds=45.2 log=/Users/sunao2000/gpt_new_oscar/reports/vm/logs/cv-debug.log
[TmSim]: Run in serial mode.
[TmSim]: Run in serial mode.
[TmSim]: Run in serial mode.
[TmSim]: Run in serial mode.
[SUCCESS][CORE_0][pid 110942] exit success!
[SUCCESS][CORE_1][pid 110943] exit success!
[SUCCESS][CORE_2][pid 110944] exit success!
[SUCCESS][CORE_3][pid 110945] exit success!
[TmSim]: Run in serial mode.
[TmSim]: Run in serial mode.
[TmSim]: Run in serial mode.
[SUCCESS][CORE_0][pid 110946] exit success!
[TmSim]: Run in serial mode.
[SUCCESS][CORE_1][pid 110947] exit success!
[SUCCESS][CORE_2][pid 110948] exit success!
[SUCCESS][CORE_3][pid 110949] exit success!
MTP slot-derived context, duplicate and missing page cases passed
[TmSim]: Run in serial mode.
[TmSim]: Run in serial mode.
[TmSim]: Run in serial mode.
[TmSim]: Run in serial mode.
[SUCCESS][CORE_0][pid 110950] exit success!
[SUCCESS][CORE_1][pid 110951] exit success!
[SUCCESS][CORE_2][pid 110952] exit success!
[SUCCESS][CORE_3][pid 110953] exit success!
[TmSim]: Run in serial mode.
[TmSim]: Run in serial mode.
[TmSim]: Run in serial mode.
[TmSim]: Run in serial mode.
[SUCCESS][AIC_0][pid 110954] exit success!
[TmSim]: Run in serial mode.
[TmSim]: Run in serial mode.
[SUCCESS][AIV_0][pid 110955] exit success!
[SUCCESS][AIV_1][pid 110956] exit success!
[SUCCESS][AIC_1][pid 110957] exit success!
[SUCCESS][AIV_2][pid 110958] exit success!
[SUCCESS][AIV_3][pid 110959] exit success!
{"backend":"ascendc_cpu_debug","op":"bad_meta","status":"passed"}
RESULT {"phase": "017-bad_meta", "command": ["/home/sunao2000.linux/gpt_new_oscar/build/cpu/oscar_cv_cpu", "bad_meta", "/home/sunao2000.linux/gpt_new_oscar/artifacts/cv_cpu_cases/d64_q4_c65"], "returncode": 0, "elapsed_seconds": 1.024881, "timed_out": false, "interrupted": false, "log": "/home/sunao2000.linux/gpt_new_oscar/logs/vm-cv/017-bad_meta.log", "cleanup_complete": true}
[oscar] PASSED phase=017-bad_meta rc=0 log=logs/vm-cv/017-bad_meta.log
START phase=018-nan_value cwd=/home/sunao2000.linux/gpt_new_oscar command=["/home/sunao2000.linux/gpt_new_oscar/build/cpu/oscar_cv_cpu", "nan_value", "/home/sunao2000.linux/gpt_new_oscar/artifacts/cv_cpu_cases/d64_q4_c65"]
[TmSim]: Run in serial mode.
[TmSim]: Run in serial mode.
[TmSim]: Run in serial mode.
[TmSim]: Run in serial mode.
[SUCCESS][CORE_0][pid 110962] exit success!
[SUCCESS][CORE_1][pid 110963] exit success!
[SUCCESS][CORE_2][pid 110964] exit success!
[SUCCESS][CORE_3][pid 110965] exit success!
[TmSim]: Run in serial mode.
[TmSim]: Run in serial mode.
[TmSim]: Run in serial mode.
[TmSim]: Run in serial mode.
[SUCCESS][CORE_0][pid 110966] exit success!
[SUCCESS][CORE_1][pid 110967] exit success!
[SUCCESS][CORE_2][pid 110968] exit success!
[SUCCESS][CORE_3][pid 110969] exit success!
metadata padded request and changed-slot cases passed
[TmSim]: Run in serial mode.
[TmSim]: Run in serial mode.
[TmSim]: Run in serial mode.
[TmSim]: Run in serial mode.
[SUCCESS][CORE_0][pid 110970] exit success!
[SUCCESS][CORE_1][pid 110971] exit success!
[SUCCESS][CORE_2][pid 110972] exit success!
[SUCCESS][CORE_3][pid 110973] exit success!
[TmSim]: Run in serial mode.
[TmSim]: Run in serial mode.
[TmSim]: Run in serial mode.
[TmSim]: Run in serial mode.
[SUCCESS][CORE_0][pid 110974] exit success!
[SUCCESS][CORE_1][pid 110975] exit success!
[SUCCESS][CORE_2][pid 110976] exit success!
[SUCCESS][CORE_3][pid 110977] exit success!
[TmSim]: Run in serial mode.
[TmSim]: Run in serial mode.
[TmSim]: Run in serial mode.
[TmSim]: Run in serial mode.
[SUCCESS][CORE_0][pid 110978] exit success!
[SUCCESS][CORE_1][pid 110979] exit success!
[SUCCESS][CORE_2][pid 110980] exit success!
[SUCCESS][CORE_3][pid 110981] exit success!
MTP slot-derived context, duplicate and missing page cases passed
[TmSim]: Run in serial mode.
[TmSim]: Run in serial mode.
[TmSim]: Run in serial mode.
[TmSim]: Run in serial mode.
[SUCCESS][CORE_0][pid 110982] exit success!
[SUCCESS][CORE_1][pid 110983] exit success!
[SUCCESS][CORE_2][pid 110984] exit success!
[SUCCESS][CORE_3][pid 110985] exit success!
[TmSim]: Run in serial mode.
[TmSim]: Run in serial mode.
[TmSim]: Run in serial mode.
[TmSim]: Run in serial mode.
[SUCCESS][AIC_0][pid 110986] exit success!
[TmSim]: Run in serial mode.
[TmSim]: Run in serial mode.
[SUCCESS][AIV_0][pid 110987] exit success!
[SUCCESS][AIV_1][pid 110988] exit success!
[SUCCESS][AIC_1][pid 110989] exit success!
[SUCCESS][AIV_2][pid 110990] exit success!
[SUCCESS][AIV_3][pid 110991] exit success!
{"backend":"ascendc_cpu_debug","op":"nan_value","status":"passed"}
RESULT {"phase": "018-nan_value", "command": ["/home/sunao2000.linux/gpt_new_oscar/build/cpu/oscar_cv_cpu", "nan_value", "/home/sunao2000.linux/gpt_new_oscar/artifacts/cv_cpu_cases/d64_q4_c65"], "returncode": 0, "elapsed_seconds": 1.036564, "timed_out": false, "interrupted": false, "log": "/home/sunao2000.linux/gpt_new_oscar/logs/vm-cv/018-nan_value.log", "cleanup_complete": true}
[oscar] PASSED phase=018-nan_value rc=0 log=logs/vm-cv/018-nan_value.log
START phase=019-tasks_causal cwd=/home/sunao2000.linux/gpt_new_oscar command=["/home/sunao2000.linux/gpt_new_oscar/build/cpu/oscar_cv_cpu", "tasks_causal", "/home/sunao2000.linux/gpt_new_oscar/artifacts/cv_cpu_cases"]
scheduled_cores=2 min_live=819 max_live=820
scheduled_cores=20 min_live=81 max_live=82
scheduled_cores=24 min_live=68 max_live=69
scheduled_cores=32 min_live=51 max_live=52
[oscar] phase=cv-debug running seconds=60.2 log=/Users/sunao2000/gpt_new_oscar/reports/vm/logs/cv-debug.log
[oscar] phase=019-tasks_causal running seconds=15.0 log=logs/vm-cv/019-tasks_causal.log
[oscar] phase=cv-debug running seconds=75.3 log=/Users/sunao2000/gpt_new_oscar/reports/vm/logs/cv-debug.log
[TmSim]: Run in serial mode.
[oscar] phase=019-tasks_causal running seconds=30.1 log=logs/vm-cv/019-tasks_causal.log
[TmSim]: Run in serial mode.
[SUCCESS][CORE_0][pid 110994] exit success!
[TmSim]: Run in serial mode.
[TmSim]: Run in serial mode.
[TmSim]: Run in serial mode.
[TmSim]: Run in serial mode.
[TmSim]: Run in serial mode.
[TmSim]: Run in serial mode.
[TmSim]: Run in serial mode.
[TmSim]: Run in serial mode.
[TmSim]: Run in serial mode.
[TmSim]: Run in serial mode.
[TmSim]: Run in serial mode.
[TmSim]: Run in serial mode.
[TmSim]: Run in serial mode.
[TmSim]: Run in serial mode.
[TmSim]: Run in serial mode.
[TmSim]: Run in serial mode.
[TmSim]: Run in serial mode.
[TmSim]: Run in serial mode.
[TmSim]: Run in serial mode.
[TmSim]: Run in serial mode.
[TmSim]: Run in serial mode.
[TmSim]: Run in serial mode.
[TmSim]: Run in serial mode.
[TmSim]: Run in serial mode.
[TmSim]: Run in serial mode.
[SUCCESS][CORE_1][pid 110995] exit success!
[TmSim]: Run in serial mode.
[TmSim]: Run in serial mode.
[TmSim]: Run in serial mode.
[TmSim]: Run in serial mode.
[SUCCESS][CORE_2][pid 110996] exit success!
[SUCCESS][CORE_3][pid 110997] exit success!
[SUCCESS][CORE_4][pid 110998] exit success!
[SUCCESS][CORE_5][pid 110999] exit success!
[SUCCESS][CORE_6][pid 111000] exit success!
[SUCCESS][CORE_7][pid 111001] exit success!
[TmSim]: Run in serial mode.
[SUCCESS][CORE_8][pid 111002] exit success!
[SUCCESS][CORE_9][pid 111003] exit success!
[SUCCESS][CORE_10][pid 111004] exit success!
[SUCCESS][CORE_11][pid 111005] exit success!
[SUCCESS][CORE_12][pid 111006] exit success!
[SUCCESS][CORE_13][pid 111007] exit success!
[SUCCESS][CORE_14][pid 111008] exit success!
[SUCCESS][CORE_15][pid 111009] exit success!
[SUCCESS][CORE_16][pid 111010] exit success!
[SUCCESS][CORE_17][pid 111011] exit success!
[SUCCESS][CORE_18][pid 111012] exit success!
[SUCCESS][CORE_19][pid 111013] exit success!
[SUCCESS][CORE_20][pid 111014] exit success!
[SUCCESS][CORE_21][pid 111015] exit success!
[SUCCESS][CORE_22][pid 111016] exit success!
[SUCCESS][CORE_23][pid 111017] exit success!
[SUCCESS][CORE_24][pid 111018] exit success!
[SUCCESS][CORE_25][pid 111019] exit success!
[SUCCESS][CORE_26][pid 111020] exit success!
[SUCCESS][CORE_27][pid 111021] exit success!
[SUCCESS][CORE_28][pid 111022] exit success!
[SUCCESS][CORE_29][pid 111023] exit success!
[SUCCESS][CORE_30][pid 111024] exit success!
[SUCCESS][CORE_31][pid 111025] exit success!
causal_task_leaders=1640 current_tiles=421828 previous_unsplit_tiles=839169
{"backend":"ascendc_cpu_debug","op":"tasks_causal","status":"passed"}
RESULT {"phase": "019-tasks_causal", "command": ["/home/sunao2000.linux/gpt_new_oscar/build/cpu/oscar_cv_cpu", "tasks_causal", "/home/sunao2000.linux/gpt_new_oscar/artifacts/cv_cpu_cases"], "returncode": 0, "elapsed_seconds": 37.45457, "timed_out": false, "interrupted": false, "log": "/home/sunao2000.linux/gpt_new_oscar/logs/vm-cv/019-tasks_causal.log", "cleanup_complete": true}
[oscar] PASSED phase=019-tasks_causal rc=0 log=logs/vm-cv/019-tasks_causal.log
{
  "backend": "official_ascendc_cpu_debug",
  "status": "passed",
  "cases": [
    {
      "op": "attention_cv",
      "path": "artifacts/cv_cpu_cases/d64_q1_c17",
      "status": "passed",
      "returncode": 0,
      "log": "/home/sunao2000.linux/gpt_new_oscar/logs/vm-cv/000-attention_cv.log"
    },
    {
      "op": "attention_cv",
      "path": "artifacts/cv_cpu_cases/d64_q4_c65",
      "status": "passed",
      "returncode": 0,
      "log": "/home/sunao2000.linux/gpt_new_oscar/logs/vm-cv/001-attention_cv.log"
    },
    {
      "op": "attention_cv",
      "path": "artifacts/cv_cpu_cases/d64_q4_c0",
      "status": "passed",
      "returncode": 0,
      "log": "/home/sunao2000.linux/gpt_new_oscar/logs/vm-cv/002-attention_cv.log"
    },
    {
      "op": "attention_cv",
      "path": "artifacts/cv_cpu_cases/d128_q4_c129",
      "status": "passed",
      "returncode": 0,
      "log": "/home/sunao2000.linux/gpt_new_oscar/logs/vm-cv/003-attention_cv.log"
    },
    {
      "op": "attention_cv",
      "path": "artifacts/cv_cpu_cases/d256_q4_c511",
      "status": "passed",
      "returncode": 0,
      "log": "/home/sunao2000.linux/gpt_new_oscar/logs/vm-cv/004-attention_cv.log"
    },
    {
      "op": "attention_cv",
      "path": "artifacts/cv_cpu_cases/d64_q17_c65",
      "status": "passed",
      "returncode": 0,
      "log": "/home/sunao2000.linux/gpt_new_oscar/logs/vm-cv/005-attention_cv.log"
    },
    {
      "op": "attention_cv",
      "path": "artifacts/cv_cpu_cases/d64_q4_c65_hk2",
      "status": "passed",
      "returncode": 0,
      "log": "/home/sunao2000.linux/gpt_new_oscar/logs/vm-cv/006-attention_cv.log"
    },
    {
      "op": "attention_cv",
      "path": "artifacts/cv_cpu_cases/d64_q2_c320",
      "status": "passed",
      "returncode": 0,
      "log": "/home/sunao2000.linux/gpt_new_oscar/logs/vm-cv/007-attention_cv.log"
    },
    {
      "op": "attention_cv",
      "path": "artifacts/cv_cpu_cases/d128_q3_c511",
      "status": "passed",
      "returncode": 0,
      "log": "/home/sunao2000.linux/gpt_new_oscar/logs/vm-cv/008-attention_cv.log"
    },
    {
      "op": "attention_cv",
      "path": "artifacts/cv_cpu_cases/d64_q65_c17",
      "status": "passed",
      "returncode": 0,
      "log": "/home/sunao2000.linux/gpt_new_oscar/logs/vm-cv/009-attention_cv.log"
    },
    {
      "op": "attention_cv",
      "path": "artifacts/cv_cpu_cases/d64_q4_c65_s2",
      "status": "passed",
      "returncode": 0,
      "log": "/home/sunao2000.linux/gpt_new_oscar/logs/vm-cv/010-attention_cv.log"
    },
    {
      "op": "attention_cv",
      "path": "artifacts/cv_cpu_cases/d64_q4_c65_s20",
      "status": "passed",
      "returncode": 0,
      "log": "/home/sunao2000.linux/gpt_new_oscar/logs/vm-cv/011-attention_cv.log"
    },
    {
      "op": "attention_cv",
      "path": "artifacts/cv_cpu_cases/d256_q4_c511_s20",
      "status": "passed",
      "returncode": 0,
      "log": "/home/sunao2000.linux/gpt_new_oscar/logs/vm-cv/012-attention_cv.log"
    },
    {
      "op": "attention_cv",
      "path": "artifacts/cv_cpu_cases/d64_q4_c0_s20",
      "status": "passed",
      "returncode": 0,
      "log": "/home/sunao2000.linux/gpt_new_oscar/logs/vm-cv/013-attention_cv.log"
    },
    {
      "op": "attention_cv",
      "path": "artifacts/cv_cpu_cases/d64_mixed_q1q4",
      "status": "passed",
      "returncode": 0,
      "log": "/home/sunao2000.linux/gpt_new_oscar/logs/vm-cv/014-attention_cv.log"
    },
    {
      "op": "bad_tag",
      "path": "artifacts/cv_cpu_cases/d64_q4_c65",
      "status": "passed",
      "returncode": 0,
      "log": "/home/sunao2000.linux/gpt_new_oscar/logs/vm-cv/015-bad_tag.log"
    },
    {
      "op": "nan_query",
      "path": "artifacts/cv_cpu_cases/d64_q4_c65",
      "status": "passed",
      "returncode": 0,
      "log": "/home/sunao2000.linux/gpt_new_oscar/logs/vm-cv/016-nan_query.log"
    },
    {
      "op": "bad_meta",
      "path": "artifacts/cv_cpu_cases/d64_q4_c65",
      "status": "passed",
      "returncode": 0,
      "log": "/home/sunao2000.linux/gpt_new_oscar/logs/vm-cv/017-bad_meta.log"
    },
    {
      "op": "nan_value",
      "path": "artifacts/cv_cpu_cases/d64_q4_c65",
      "status": "passed",
      "returncode": 0,
      "log": "/home/sunao2000.linux/gpt_new_oscar/logs/vm-cv/018-nan_value.log"
    },
    {
      "op": "tasks_causal",
      "path": "artifacts/cv_cpu_cases",
      "status": "passed",
      "returncode": 0,
      "log": "/home/sunao2000.linux/gpt_new_oscar/logs/vm-cv/019-tasks_causal.log"
    }
  ],
  "npu_acceptance": "not_run"
}
RESULT {"phase": "cv-debug", "command": ["limactl", "shell", "--workdir", "/home/sunao2000.linux/gpt_new_oscar", "oscar", "--", "timeout", "--signal=TERM", "--kill-after=10s", "1900", "bash", "-lc", "source /usr/local/Ascend/cann-9.1.0/set_env.sh; export TORCH_DEVICE_BACKEND_AUTOLOAD=0; .venv/bin/python -m tools.run_cpu_debug --executable build/cpu/oscar_cv_cpu --cases artifacts/cv_cpu_cases/cases.json --output reports/cv_cpu_debug.json --log-dir logs/vm-cv"], "returncode": 0, "elapsed_seconds": 84.608415, "timed_out": false, "interrupted": false, "log": "/Users/sunao2000/gpt_new_oscar/reports/vm/logs/cv-debug.log", "cleanup_complete": true}
[oscar] PASSED phase=cv-debug rc=0 log=/Users/sunao2000/gpt_new_oscar/reports/vm/logs/cv-debug.log
