START phase=cv-debug cwd=/Users/sunao2000/gpt_new_oscar_kimi command=["limactl", "shell", "--workdir", "/home/sunao2000.linux/gpt_new_oscar", "oscar", "--", "timeout", "--signal=TERM", "--kill-after=10s", "1900", "bash", "-lc", "source /usr/local/Ascend/cann-9.1.0/set_env.sh; export TORCH_DEVICE_BACKEND_AUTOLOAD=0; .venv/bin/python -m tools.run_cpu_debug --executable build/cpu/oscar_cv_cpu --cases artifacts/cv_cpu_cases/cases.json --output reports/cv_cpu_debug.json --log-dir logs/vm-cv"]
START phase=000-attention_cv cwd=/home/sunao2000.linux/gpt_new_oscar command=["/home/sunao2000.linux/gpt_new_oscar/build/cpu/oscar_cv_cpu", "attention_cv", "/home/sunao2000.linux/gpt_new_oscar/artifacts/cv_cpu_cases/d64_q1_c17"]
[TmSim]: Run in serial mode.
[TmSim]: Run in serial mode.
[TmSim]: Run in serial mode.
[TmSim]: Run in serial mode.
[SUCCESS][CORE_0][pid 126723] exit success!
[SUCCESS][CORE_1][pid 126724] exit success!
[SUCCESS][CORE_2][pid 126725] exit success!
[SUCCESS][CORE_3][pid 126726] exit success!
[TmSim]: Run in serial mode.
[TmSim]: Run in serial mode.
[TmSim]: Run in serial mode.
[TmSim]: Run in serial mode.
[SUCCESS][CORE_0][pid 126727] exit success!
[SUCCESS][CORE_1][pid 126728] exit success!
[SUCCESS][CORE_2][pid 126729] exit success!
[SUCCESS][CORE_3][pid 126730] exit success!
metadata padded request and changed-slot cases passed
[TmSim]: Run in serial mode.
[TmSim]: Run in serial mode.
[TmSim]: Run in serial mode.
[SUCCESS][CORE_0][pid 126731] exit success!
[TmSim]: Run in serial mode.
[SUCCESS][CORE_1][pid 126732] exit success!
[SUCCESS][CORE_2][pid 126733] exit success!
[SUCCESS][CORE_3][pid 126734] exit success!
[TmSim]: Run in serial mode.
[TmSim]: Run in serial mode.
[TmSim]: Run in serial mode.
[TmSim]: Run in serial mode.
[SUCCESS][CORE_0][pid 126735] exit success!
[SUCCESS][CORE_1][pid 126736] exit success!
[SUCCESS][CORE_2][pid 126737] exit success!
[SUCCESS][CORE_3][pid 126738] exit success!
[TmSim]: Run in serial mode.
[TmSim]: Run in serial mode.
[TmSim]: Run in serial mode.
[TmSim]: Run in serial mode.
[SUCCESS][CORE_0][pid 126739] exit success!
[SUCCESS][CORE_1][pid 126740] exit success!
[SUCCESS][CORE_2][pid 126741] exit success!
[SUCCESS][CORE_3][pid 126742] exit success!
MTP slot-derived context, duplicate and missing page cases passed
[TmSim]: Run in serial mode.
[TmSim]: Run in serial mode.
[TmSim]: Run in serial mode.
[TmSim]: Run in serial mode.
[SUCCESS][CORE_0][pid 126743] exit success!
[SUCCESS][CORE_1][pid 126744] exit success!
[SUCCESS][CORE_2][pid 126745] exit success!
[SUCCESS][CORE_3][pid 126746] exit success!
[TmSim]: Run in serial mode.
[SUCCESS][AIC_0][pid 126747] exit success!
[TmSim]: Run in serial mode.
[TmSim]: Run in serial mode.
[TmSim]: Run in serial mode.
[SUCCESS][AIV_0][pid 126748] exit success!
[SUCCESS][AIV_1][pid 126749] exit success!
[SUCCESS][AIC_1][pid 126750] exit success!
[TmSim]: Run in serial mode.
[TmSim]: Run in serial mode.
[SUCCESS][AIV_2][pid 126751] exit success!
[SUCCESS][AIV_3][pid 126752] exit success!
splits=1 empty_segments=1
[TmSim]: Run in serial mode.
[TmSim]: Run in serial mode.
[TmSim]: Run in serial mode.
[TmSim]: Run in serial mode.
[SUCCESS][CORE_0][pid 126753] exit success!
[SUCCESS][CORE_1][pid 126754] exit success!
[SUCCESS][CORE_2][pid 126755] exit success!
[SUCCESS][CORE_3][pid 126756] exit success!
max_abs=1.78814e-07 file=/home/sunao2000.linux/gpt_new_oscar/artifacts/cv_cpu_cases/d64_q1_c17/expected_output.bin
max_abs=2.38419e-07 file=/home/sunao2000.linux/gpt_new_oscar/artifacts/cv_cpu_cases/d64_q1_c17/expected_lse.bin
{"backend":"ascendc_cpu_debug","op":"attention_cv","status":"passed"}
RESULT {"phase": "000-attention_cv", "command": ["/home/sunao2000.linux/gpt_new_oscar/build/cpu/oscar_cv_cpu", "attention_cv", "/home/sunao2000.linux/gpt_new_oscar/artifacts/cv_cpu_cases/d64_q1_c17"], "returncode": 0, "elapsed_seconds": 0.527899, "timed_out": false, "interrupted": false, "log": "/home/sunao2000.linux/gpt_new_oscar/logs/vm-cv/000-attention_cv.log", "cleanup_complete": true}
[oscar] PASSED phase=000-attention_cv rc=0 log=logs/vm-cv/000-attention_cv.log
START phase=001-attention_cv cwd=/home/sunao2000.linux/gpt_new_oscar command=["/home/sunao2000.linux/gpt_new_oscar/build/cpu/oscar_cv_cpu", "attention_cv", "/home/sunao2000.linux/gpt_new_oscar/artifacts/cv_cpu_cases/d64_q4_c65"]
[TmSim]: Run in serial mode.
[TmSim]: Run in serial mode.
[TmSim]: Run in serial mode.
[TmSim]: Run in serial mode.
[SUCCESS][CORE_0][pid 126759] exit success!
[SUCCESS][CORE_1][pid 126760] exit success!
[SUCCESS][CORE_2][pid 126761] exit success!
[SUCCESS][CORE_3][pid 126762] exit success!
[TmSim]: Run in serial mode.
[TmSim]: Run in serial mode.
[TmSim]: Run in serial mode.
[TmSim]: Run in serial mode.
[SUCCESS][CORE_0][pid 126763] exit success!
[SUCCESS][CORE_1][pid 126764] exit success!
[SUCCESS][CORE_2][pid 126765] exit success!
[SUCCESS][CORE_3][pid 126766] exit success!
metadata padded request and changed-slot cases passed
[TmSim]: Run in serial mode.
[TmSim]: Run in serial mode.
[TmSim]: Run in serial mode.
[TmSim]: Run in serial mode.
[SUCCESS][CORE_0][pid 126767] exit success!
[SUCCESS][CORE_1][pid 126768] exit success!
[SUCCESS][CORE_2][pid 126769] exit success!
[SUCCESS][CORE_3][pid 126770] exit success!
[TmSim]: Run in serial mode.
[TmSim]: Run in serial mode.
[TmSim]: Run in serial mode.
[TmSim]: Run in serial mode.
[SUCCESS][CORE_0][pid 126771] exit success!
[SUCCESS][CORE_1][pid 126772] exit success!
[SUCCESS][CORE_2][pid 126773] exit success!
[SUCCESS][CORE_3][pid 126774] exit success!
[TmSim]: Run in serial mode.
[TmSim]: Run in serial mode.
[TmSim]: Run in serial mode.
[TmSim]: Run in serial mode.
[SUCCESS][CORE_0][pid 126775] exit success!
[SUCCESS][CORE_1][pid 126776] exit success!
[SUCCESS][CORE_2][pid 126777] exit success!
[SUCCESS][CORE_3][pid 126778] exit success!
MTP slot-derived context, duplicate and missing page cases passed
[TmSim]: Run in serial mode.
[TmSim]: Run in serial mode.
[TmSim]: Run in serial mode.
[TmSim]: Run in serial mode.
[SUCCESS][CORE_0][pid 126779] exit success!
[SUCCESS][CORE_1][pid 126780] exit success!
[SUCCESS][CORE_2][pid 126781] exit success!
[SUCCESS][CORE_3][pid 126782] exit success!
[TmSim]: Run in serial mode.
[TmSim]: Run in serial mode.
[TmSim]: Run in serial mode.
[TmSim]: Run in serial mode.
[SUCCESS][AIC_0][pid 126783] exit success!
[TmSim]: Run in serial mode.
[TmSim]: Run in serial mode.
[SUCCESS][AIV_0][pid 126784] exit success!
[SUCCESS][AIV_1][pid 126785] exit success!
[SUCCESS][AIC_1][pid 126786] exit success!
[SUCCESS][AIV_2][pid 126787] exit success!
[SUCCESS][AIV_3][pid 126788] exit success!
splits=1 empty_segments=0
[TmSim]: Run in serial mode.
[TmSim]: Run in serial mode.
[SUCCESS][CORE_0][pid 126789] exit success!
[SUCCESS][CORE_1][pid 126790] exit success!
[TmSim]: Run in serial mode.
[TmSim]: Run in serial mode.
[SUCCESS][CORE_2][pid 126791] exit success!
[SUCCESS][CORE_3][pid 126792] exit success!
max_abs=4.17233e-07 file=/home/sunao2000.linux/gpt_new_oscar/artifacts/cv_cpu_cases/d64_q4_c65/expected_output.bin
max_abs=4.76837e-07 file=/home/sunao2000.linux/gpt_new_oscar/artifacts/cv_cpu_cases/d64_q4_c65/expected_lse.bin
{"backend":"ascendc_cpu_debug","op":"attention_cv","status":"passed"}
RESULT {"phase": "001-attention_cv", "command": ["/home/sunao2000.linux/gpt_new_oscar/build/cpu/oscar_cv_cpu", "attention_cv", "/home/sunao2000.linux/gpt_new_oscar/artifacts/cv_cpu_cases/d64_q4_c65"], "returncode": 0, "elapsed_seconds": 1.071245, "timed_out": false, "interrupted": false, "log": "/home/sunao2000.linux/gpt_new_oscar/logs/vm-cv/001-attention_cv.log", "cleanup_complete": true}
[oscar] PASSED phase=001-attention_cv rc=0 log=logs/vm-cv/001-attention_cv.log
START phase=002-attention_cv cwd=/home/sunao2000.linux/gpt_new_oscar command=["/home/sunao2000.linux/gpt_new_oscar/build/cpu/oscar_cv_cpu", "attention_cv", "/home/sunao2000.linux/gpt_new_oscar/artifacts/cv_cpu_cases/d64_q4_c0"]
[TmSim]: Run in serial mode.
[TmSim]: Run in serial mode.
[TmSim]: Run in serial mode.
[TmSim]: Run in serial mode.
[SUCCESS][CORE_0][pid 126795] exit success!
[SUCCESS][CORE_1][pid 126796] exit success!
[SUCCESS][CORE_2][pid 126797] exit success!
[SUCCESS][CORE_3][pid 126798] exit success!
[TmSim]: Run in serial mode.
[TmSim]: Run in serial mode.
[TmSim]: Run in serial mode.
[SUCCESS][CORE_0][pid 126799] exit success!
[SUCCESS][CORE_1][pid 126800] exit success!
[TmSim]: Run in serial mode.
[SUCCESS][CORE_2][pid 126801] exit success!
[SUCCESS][CORE_3][pid 126802] exit success!
metadata padded request and changed-slot cases passed
[TmSim]: Run in serial mode.
[TmSim]: Run in serial mode.
[TmSim]: Run in serial mode.
[TmSim]: Run in serial mode.
[SUCCESS][CORE_0][pid 126803] exit success!
[SUCCESS][CORE_1][pid 126804] exit success!
[SUCCESS][CORE_2][pid 126805] exit success!
[SUCCESS][CORE_3][pid 126806] exit success!
[TmSim]: Run in serial mode.
[TmSim]: Run in serial mode.
[TmSim]: Run in serial mode.
[TmSim]: Run in serial mode.
[SUCCESS][CORE_0][pid 126807] exit success!
[SUCCESS][CORE_1][pid 126808] exit success!
[SUCCESS][CORE_2][pid 126809] exit success!
[SUCCESS][CORE_3][pid 126810] exit success!
[TmSim]: Run in serial mode.
[TmSim]: Run in serial mode.
[TmSim]: Run in serial mode.
[TmSim]: Run in serial mode.
[SUCCESS][CORE_0][pid 126811] exit success!
[SUCCESS][CORE_1][pid 126812] exit success!
[SUCCESS][CORE_2][pid 126813] exit success!
[SUCCESS][CORE_3][pid 126814] exit success!
MTP slot-derived context, duplicate and missing page cases passed
[TmSim]: Run in serial mode.
[TmSim]: Run in serial mode.
[TmSim]: Run in serial mode.
[TmSim]: Run in serial mode.
[SUCCESS][CORE_0][pid 126815] exit success!
[SUCCESS][CORE_1][pid 126816] exit success!
[SUCCESS][CORE_2][pid 126817] exit success!
[SUCCESS][CORE_3][pid 126818] exit success!
[TmSim]: Run in serial mode.
[TmSim]: Run in serial mode.
[TmSim]: Run in serial mode.
[TmSim]: Run in serial mode.
[SUCCESS][AIC_0][pid 126819] exit success!
[TmSim]: Run in serial mode.
[TmSim]: Run in serial mode.
[SUCCESS][AIV_0][pid 126820] exit success!
[SUCCESS][AIV_1][pid 126821] exit success!
[SUCCESS][AIC_1][pid 126822] exit success!
[SUCCESS][AIV_2][pid 126823] exit success!
[SUCCESS][AIV_3][pid 126824] exit success!
splits=1 empty_segments=2
[TmSim]: Run in serial mode.
[TmSim]: Run in serial mode.
[TmSim]: Run in serial mode.
[TmSim]: Run in serial mode.
[SUCCESS][CORE_0][pid 126826] exit success!
[SUCCESS][CORE_1][pid 126827] exit success!
[SUCCESS][CORE_2][pid 126828] exit success!
[SUCCESS][CORE_3][pid 126829] exit success!
max_abs=2.38419e-07 file=/home/sunao2000.linux/gpt_new_oscar/artifacts/cv_cpu_cases/d64_q4_c0/expected_output.bin
max_abs=2.38419e-07 file=/home/sunao2000.linux/gpt_new_oscar/artifacts/cv_cpu_cases/d64_q4_c0/expected_lse.bin
{"backend":"ascendc_cpu_debug","op":"attention_cv","status":"passed"}
RESULT {"phase": "002-attention_cv", "command": ["/home/sunao2000.linux/gpt_new_oscar/build/cpu/oscar_cv_cpu", "attention_cv", "/home/sunao2000.linux/gpt_new_oscar/artifacts/cv_cpu_cases/d64_q4_c0"], "returncode": 0, "elapsed_seconds": 0.622121, "timed_out": false, "interrupted": false, "log": "/home/sunao2000.linux/gpt_new_oscar/logs/vm-cv/002-attention_cv.log", "cleanup_complete": true}
[oscar] PASSED phase=002-attention_cv rc=0 log=logs/vm-cv/002-attention_cv.log
START phase=003-attention_cv cwd=/home/sunao2000.linux/gpt_new_oscar command=["/home/sunao2000.linux/gpt_new_oscar/build/cpu/oscar_cv_cpu", "attention_cv", "/home/sunao2000.linux/gpt_new_oscar/artifacts/cv_cpu_cases/d128_q4_c129"]
[TmSim]: Run in serial mode.
[TmSim]: Run in serial mode.
[TmSim]: Run in serial mode.
[TmSim]: Run in serial mode.
[SUCCESS][CORE_0][pid 126832] exit success!
[SUCCESS][CORE_1][pid 126833] exit success!
[SUCCESS][CORE_2][pid 126834] exit success!
[SUCCESS][CORE_3][pid 126835] exit success!
[TmSim]: Run in serial mode.
[TmSim]: Run in serial mode.
[TmSim]: Run in serial mode.
[TmSim]: Run in serial mode.
[SUCCESS][CORE_0][pid 126836] exit success!
[SUCCESS][CORE_1][pid 126837] exit success!
[SUCCESS][CORE_2][pid 126838] exit success!
[SUCCESS][CORE_3][pid 126839] exit success!
metadata padded request and changed-slot cases passed
[TmSim]: Run in serial mode.
[TmSim]: Run in serial mode.
[TmSim]: Run in serial mode.
[TmSim]: Run in serial mode.
[SUCCESS][CORE_0][pid 126840] exit success!
[SUCCESS][CORE_1][pid 126841] exit success!
[SUCCESS][CORE_2][pid 126842] exit success!
[SUCCESS][CORE_3][pid 126843] exit success!
[TmSim]: Run in serial mode.
[TmSim]: Run in serial mode.
[TmSim]: Run in serial mode.
[TmSim]: Run in serial mode.
[SUCCESS][CORE_0][pid 126844] exit success!
[SUCCESS][CORE_1][pid 126845] exit success!
[SUCCESS][CORE_2][pid 126846] exit success!
[SUCCESS][CORE_3][pid 126847] exit success!
[TmSim]: Run in serial mode.
[TmSim]: Run in serial mode.
[TmSim]: Run in serial mode.
[TmSim]: Run in serial mode.
[SUCCESS][CORE_0][pid 126848] exit success!
[SUCCESS][CORE_1][pid 126849] exit success!
[SUCCESS][CORE_2][pid 126850] exit success!
[SUCCESS][CORE_3][pid 126851] exit success!
MTP slot-derived context, duplicate and missing page cases passed
[TmSim]: Run in serial mode.
[TmSim]: Run in serial mode.
[TmSim]: Run in serial mode.
[TmSim]: Run in serial mode.
[SUCCESS][CORE_0][pid 126852] exit success!
[SUCCESS][CORE_1][pid 126853] exit success!
[SUCCESS][CORE_2][pid 126854] exit success!
[SUCCESS][CORE_3][pid 126855] exit success!
[TmSim]: Run in serial mode.
[TmSim]: Run in serial mode.
[TmSim]: Run in serial mode.
[TmSim]: Run in serial mode.
[SUCCESS][AIC_0][pid 126856] exit success!
[TmSim]: Run in serial mode.
[TmSim]: Run in serial mode.
[SUCCESS][AIV_0][pid 126857] exit success!
[SUCCESS][AIV_1][pid 126858] exit success!
[SUCCESS][AIC_1][pid 126859] exit success!
[SUCCESS][AIV_2][pid 126860] exit success!
[SUCCESS][AIV_3][pid 126861] exit success!
splits=1 empty_segments=0
[TmSim]: Run in serial mode.
[TmSim]: Run in serial mode.
[TmSim]: Run in serial mode.
[TmSim]: Run in serial mode.
[SUCCESS][CORE_0][pid 126862] exit success!
[SUCCESS][CORE_1][pid 126863] exit success!
[SUCCESS][CORE_2][pid 126864] exit success!
[SUCCESS][CORE_3][pid 126865] exit success!
max_abs=6.55651e-07 file=/home/sunao2000.linux/gpt_new_oscar/artifacts/cv_cpu_cases/d128_q4_c129/expected_output.bin
max_abs=4.76837e-07 file=/home/sunao2000.linux/gpt_new_oscar/artifacts/cv_cpu_cases/d128_q4_c129/expected_lse.bin
{"backend":"ascendc_cpu_debug","op":"attention_cv","status":"passed"}
RESULT {"phase": "003-attention_cv", "command": ["/home/sunao2000.linux/gpt_new_oscar/build/cpu/oscar_cv_cpu", "attention_cv", "/home/sunao2000.linux/gpt_new_oscar/artifacts/cv_cpu_cases/d128_q4_c129"], "returncode": 0, "elapsed_seconds": 1.779382, "timed_out": false, "interrupted": false, "log": "/home/sunao2000.linux/gpt_new_oscar/logs/vm-cv/003-attention_cv.log", "cleanup_complete": true}
[oscar] PASSED phase=003-attention_cv rc=0 log=logs/vm-cv/003-attention_cv.log
START phase=004-attention_cv cwd=/home/sunao2000.linux/gpt_new_oscar command=["/home/sunao2000.linux/gpt_new_oscar/build/cpu/oscar_cv_cpu", "attention_cv", "/home/sunao2000.linux/gpt_new_oscar/artifacts/cv_cpu_cases/d256_q4_c511"]
[TmSim]: Run in serial mode.
[TmSim]: Run in serial mode.
[TmSim]: Run in serial mode.
[TmSim]: Run in serial mode.
[SUCCESS][CORE_0][pid 126868] exit success!
[SUCCESS][CORE_1][pid 126869] exit success!
[SUCCESS][CORE_2][pid 126870] exit success!
[SUCCESS][CORE_3][pid 126871] exit success!
[TmSim]: Run in serial mode.
[TmSim]: Run in serial mode.
[TmSim]: Run in serial mode.
[TmSim]: Run in serial mode.
[SUCCESS][CORE_0][pid 126872] exit success!
[SUCCESS][CORE_1][pid 126873] exit success!
[SUCCESS][CORE_2][pid 126874] exit success!
[SUCCESS][CORE_3][pid 126875] exit success!
metadata padded request and changed-slot cases passed
[TmSim]: Run in serial mode.
[TmSim]: Run in serial mode.
[TmSim]: Run in serial mode.
[TmSim]: Run in serial mode.
[SUCCESS][CORE_0][pid 126876] exit success!
[SUCCESS][CORE_1][pid 126877] exit success!
[SUCCESS][CORE_2][pid 126878] exit success!
[SUCCESS][CORE_3][pid 126879] exit success!
[TmSim]: Run in serial mode.
[TmSim]: Run in serial mode.
[TmSim]: Run in serial mode.
[TmSim]: Run in serial mode.
[SUCCESS][CORE_0][pid 126880] exit success!
[SUCCESS][CORE_1][pid 126881] exit success!
[SUCCESS][CORE_2][pid 126882] exit success!
[SUCCESS][CORE_3][pid 126883] exit success!
[TmSim]: Run in serial mode.
[TmSim]: Run in serial mode.
[TmSim]: Run in serial mode.
[TmSim]: Run in serial mode.
[SUCCESS][CORE_0][pid 126884] exit success!
[SUCCESS][CORE_1][pid 126885] exit success!
[SUCCESS][CORE_2][pid 126886] exit success!
[SUCCESS][CORE_3][pid 126887] exit success!
MTP slot-derived context, duplicate and missing page cases passed
[TmSim]: Run in serial mode.
[TmSim]: Run in serial mode.
[TmSim]: Run in serial mode.
[TmSim]: Run in serial mode.
[SUCCESS][CORE_0][pid 126888] exit success!
[SUCCESS][CORE_1][pid 126889] exit success!
[SUCCESS][CORE_2][pid 126890] exit success!
[SUCCESS][CORE_3][pid 126891] exit success!
[TmSim]: Run in serial mode.
[TmSim]: Run in serial mode.
[TmSim]: Run in serial mode.
[TmSim]: Run in serial mode.
[SUCCESS][AIC_0][pid 126892] exit success!
[TmSim]: Run in serial mode.
[TmSim]: Run in serial mode.
[SUCCESS][AIV_0][pid 126893] exit success!
[SUCCESS][AIV_1][pid 126894] exit success!
[SUCCESS][AIC_1][pid 126895] exit success!
[SUCCESS][AIV_2][pid 126896] exit success!
[SUCCESS][AIV_3][pid 126897] exit success!
splits=1 empty_segments=0
[TmSim]: Run in serial mode.
[TmSim]: Run in serial mode.
[TmSim]: Run in serial mode.
[TmSim]: Run in serial mode.
[SUCCESS][CORE_0][pid 126900] exit success!
[SUCCESS][CORE_1][pid 126901] exit success!
[SUCCESS][CORE_2][pid 126902] exit success!
[SUCCESS][CORE_3][pid 126903] exit success!
max_abs=8.34465e-07 file=/home/sunao2000.linux/gpt_new_oscar/artifacts/cv_cpu_cases/d256_q4_c511/expected_output.bin
max_abs=4.76837e-07 file=/home/sunao2000.linux/gpt_new_oscar/artifacts/cv_cpu_cases/d256_q4_c511/expected_lse.bin
{"backend":"ascendc_cpu_debug","op":"attention_cv","status":"passed"}
RESULT {"phase": "004-attention_cv", "command": ["/home/sunao2000.linux/gpt_new_oscar/build/cpu/oscar_cv_cpu", "attention_cv", "/home/sunao2000.linux/gpt_new_oscar/artifacts/cv_cpu_cases/d256_q4_c511"], "returncode": 0, "elapsed_seconds": 5.974382, "timed_out": false, "interrupted": false, "log": "/home/sunao2000.linux/gpt_new_oscar/logs/vm-cv/004-attention_cv.log", "cleanup_complete": true}
[oscar] PASSED phase=004-attention_cv rc=0 log=logs/vm-cv/004-attention_cv.log
START phase=005-attention_cv cwd=/home/sunao2000.linux/gpt_new_oscar command=["/home/sunao2000.linux/gpt_new_oscar/build/cpu/oscar_cv_cpu", "attention_cv", "/home/sunao2000.linux/gpt_new_oscar/artifacts/cv_cpu_cases/d64_q17_c65"]
[TmSim]: Run in serial mode.
[TmSim]: Run in serial mode.
[TmSim]: Run in serial mode.
[TmSim]: Run in serial mode.
[SUCCESS][CORE_0][pid 126906] exit success!
[SUCCESS][CORE_1][pid 126907] exit success!
[SUCCESS][CORE_2][pid 126908] exit success!
[SUCCESS][CORE_3][pid 126909] exit success!
[TmSim]: Run in serial mode.
[TmSim]: Run in serial mode.
[TmSim]: Run in serial mode.
[TmSim]: Run in serial mode.
[SUCCESS][CORE_0][pid 126910] exit success!
[SUCCESS][CORE_1][pid 126911] exit success!
[SUCCESS][CORE_2][pid 126912] exit success!
[SUCCESS][CORE_3][pid 126913] exit success!
metadata padded request and changed-slot cases passed
[TmSim]: Run in serial mode.
[TmSim]: Run in serial mode.
[TmSim]: Run in serial mode.
[TmSim]: Run in serial mode.
[SUCCESS][CORE_0][pid 126914] exit success!
[SUCCESS][CORE_1][pid 126915] exit success!
[SUCCESS][CORE_2][pid 126916] exit success!
[SUCCESS][CORE_3][pid 126917] exit success!
[TmSim]: Run in serial mode.
[TmSim]: Run in serial mode.
[TmSim]: Run in serial mode.
[TmSim]: Run in serial mode.
[SUCCESS][CORE_0][pid 126918] exit success!
[SUCCESS][CORE_1][pid 126919] exit success!
[SUCCESS][CORE_2][pid 126920] exit success!
[SUCCESS][CORE_3][pid 126921] exit success!
[TmSim]: Run in serial mode.
[TmSim]: Run in serial mode.
[TmSim]: Run in serial mode.
[TmSim]: Run in serial mode.
[SUCCESS][CORE_0][pid 126922] exit success!
[SUCCESS][CORE_1][pid 126923] exit success!
[SUCCESS][CORE_2][pid 126924] exit success!
[SUCCESS][CORE_3][pid 126925] exit success!
MTP slot-derived context, duplicate and missing page cases passed
[TmSim]: Run in serial mode.
[TmSim]: Run in serial mode.
[TmSim]: Run in serial mode.
[TmSim]: Run in serial mode.
[SUCCESS][CORE_0][pid 126926] exit success!
[SUCCESS][CORE_1][pid 126927] exit success!
[SUCCESS][CORE_2][pid 126928] exit success!
[SUCCESS][CORE_3][pid 126929] exit success!
[TmSim]: Run in serial mode.
[TmSim]: Run in serial mode.
[TmSim]: Run in serial mode.
[TmSim]: Run in serial mode.
[SUCCESS][AIC_0][pid 126930] exit success!
[TmSim]: Run in serial mode.
[TmSim]: Run in serial mode.
[SUCCESS][AIV_0][pid 126931] exit success!
[SUCCESS][AIV_1][pid 126932] exit success!
[SUCCESS][AIC_1][pid 126933] exit success!
[SUCCESS][AIV_2][pid 126934] exit success!
[SUCCESS][AIV_3][pid 126935] exit success!
splits=1 empty_segments=0
[TmSim]: Run in serial mode.
[TmSim]: Run in serial mode.
[TmSim]: Run in serial mode.
[TmSim]: Run in serial mode.
[SUCCESS][CORE_0][pid 126937] exit success!
[SUCCESS][CORE_1][pid 126938] exit success!
[SUCCESS][CORE_2][pid 126939] exit success!
[SUCCESS][CORE_3][pid 126940] exit success!
max_abs=9.53674e-07 file=/home/sunao2000.linux/gpt_new_oscar/artifacts/cv_cpu_cases/d64_q17_c65/expected_output.bin
max_abs=4.76837e-07 file=/home/sunao2000.linux/gpt_new_oscar/artifacts/cv_cpu_cases/d64_q17_c65/expected_lse.bin
{"backend":"ascendc_cpu_debug","op":"attention_cv","status":"passed"}
RESULT {"phase": "005-attention_cv", "command": ["/home/sunao2000.linux/gpt_new_oscar/build/cpu/oscar_cv_cpu", "attention_cv", "/home/sunao2000.linux/gpt_new_oscar/artifacts/cv_cpu_cases/d64_q17_c65"], "returncode": 0, "elapsed_seconds": 1.897725, "timed_out": false, "interrupted": false, "log": "/home/sunao2000.linux/gpt_new_oscar/logs/vm-cv/005-attention_cv.log", "cleanup_complete": true}
[oscar] PASSED phase=005-attention_cv rc=0 log=logs/vm-cv/005-attention_cv.log
START phase=006-attention_cv cwd=/home/sunao2000.linux/gpt_new_oscar command=["/home/sunao2000.linux/gpt_new_oscar/build/cpu/oscar_cv_cpu", "attention_cv", "/home/sunao2000.linux/gpt_new_oscar/artifacts/cv_cpu_cases/d64_q4_c65_hk2"]
[TmSim]: Run in serial mode.
[TmSim]: Run in serial mode.
[TmSim]: Run in serial mode.
[TmSim]: Run in serial mode.
[SUCCESS][CORE_0][pid 126943] exit success!
[SUCCESS][CORE_1][pid 126944] exit success!
[SUCCESS][CORE_2][pid 126945] exit success!
[SUCCESS][CORE_3][pid 126946] exit success!
[TmSim]: Run in serial mode.
[TmSim]: Run in serial mode.
[TmSim]: Run in serial mode.
[TmSim]: Run in serial mode.
[SUCCESS][CORE_0][pid 126947] exit success!
[SUCCESS][CORE_1][pid 126948] exit success!
[SUCCESS][CORE_2][pid 126949] exit success!
[SUCCESS][CORE_3][pid 126950] exit success!
metadata padded request and changed-slot cases passed
[TmSim]: Run in serial mode.
[TmSim]: Run in serial mode.
[TmSim]: Run in serial mode.
[TmSim]: Run in serial mode.
[SUCCESS][CORE_0][pid 126951] exit success!
[SUCCESS][CORE_1][pid 126952] exit success!
[SUCCESS][CORE_2][pid 126953] exit success!
[SUCCESS][CORE_3][pid 126954] exit success!
[TmSim]: Run in serial mode.
[TmSim]: Run in serial mode.
[TmSim]: Run in serial mode.
[TmSim]: Run in serial mode.
[SUCCESS][CORE_0][pid 126955] exit success!
[SUCCESS][CORE_1][pid 126956] exit success!
[SUCCESS][CORE_2][pid 126957] exit success!
[SUCCESS][CORE_3][pid 126958] exit success!
[TmSim]: Run in serial mode.
[TmSim]: Run in serial mode.
[TmSim]: Run in serial mode.
[TmSim]: Run in serial mode.
[SUCCESS][CORE_0][pid 126959] exit success!
[SUCCESS][CORE_1][pid 126960] exit success!
[SUCCESS][CORE_2][pid 126961] exit success!
[SUCCESS][CORE_3][pid 126962] exit success!
MTP slot-derived context, duplicate and missing page cases passed
[TmSim]: Run in serial mode.
[TmSim]: Run in serial mode.
[TmSim]: Run in serial mode.
[TmSim]: Run in serial mode.
[SUCCESS][CORE_0][pid 126963] exit success!
[SUCCESS][CORE_1][pid 126964] exit success!
[SUCCESS][CORE_2][pid 126965] exit success!
[SUCCESS][CORE_3][pid 126966] exit success!
[TmSim]: Run in serial mode.
[TmSim]: Run in serial mode.
[TmSim]: Run in serial mode.
[SUCCESS][AIC_0][pid 126967] exit success!
[TmSim]: Run in serial mode.
[TmSim]: Run in serial mode.
[TmSim]: Run in serial mode.
[SUCCESS][AIV_0][pid 126968] exit success!
[SUCCESS][AIV_1][pid 126969] exit success!
[SUCCESS][AIC_1][pid 126970] exit success!
[SUCCESS][AIV_2][pid 126971] exit success!
[SUCCESS][AIV_3][pid 126972] exit success!
splits=1 empty_segments=0
[TmSim]: Run in serial mode.
[TmSim]: Run in serial mode.
[TmSim]: Run in serial mode.
[TmSim]: Run in serial mode.
[SUCCESS][CORE_0][pid 126973] exit success!
[SUCCESS][CORE_1][pid 126974] exit success!
[SUCCESS][CORE_2][pid 126975] exit success!
[SUCCESS][CORE_3][pid 126976] exit success!
max_abs=5.36442e-07 file=/home/sunao2000.linux/gpt_new_oscar/artifacts/cv_cpu_cases/d64_q4_c65_hk2/expected_output.bin
max_abs=4.76837e-07 file=/home/sunao2000.linux/gpt_new_oscar/artifacts/cv_cpu_cases/d64_q4_c65_hk2/expected_lse.bin
{"backend":"ascendc_cpu_debug","op":"attention_cv","status":"passed"}
RESULT {"phase": "006-attention_cv", "command": ["/home/sunao2000.linux/gpt_new_oscar/build/cpu/oscar_cv_cpu", "attention_cv", "/home/sunao2000.linux/gpt_new_oscar/artifacts/cv_cpu_cases/d64_q4_c65_hk2"], "returncode": 0, "elapsed_seconds": 1.45741, "timed_out": false, "interrupted": false, "log": "/home/sunao2000.linux/gpt_new_oscar/logs/vm-cv/006-attention_cv.log", "cleanup_complete": true}
[oscar] PASSED phase=006-attention_cv rc=0 log=logs/vm-cv/006-attention_cv.log
START phase=007-attention_cv cwd=/home/sunao2000.linux/gpt_new_oscar command=["/home/sunao2000.linux/gpt_new_oscar/build/cpu/oscar_cv_cpu", "attention_cv", "/home/sunao2000.linux/gpt_new_oscar/artifacts/cv_cpu_cases/d64_q2_c320"]
[TmSim]: Run in serial mode.
[TmSim]: Run in serial mode.
[TmSim]: Run in serial mode.
[TmSim]: Run in serial mode.
[SUCCESS][CORE_0][pid 126979] exit success!
[SUCCESS][CORE_1][pid 126980] exit success!
[SUCCESS][CORE_2][pid 126981] exit success!
[SUCCESS][CORE_3][pid 126982] exit success!
[TmSim]: Run in serial mode.
[TmSim]: Run in serial mode.
[TmSim]: Run in serial mode.
[TmSim]: Run in serial mode.
[SUCCESS][CORE_0][pid 126983] exit success!
[SUCCESS][CORE_1][pid 126984] exit success!
[SUCCESS][CORE_2][pid 126985] exit success!
[SUCCESS][CORE_3][pid 126986] exit success!
metadata padded request and changed-slot cases passed
[TmSim]: Run in serial mode.
[TmSim]: Run in serial mode.
[TmSim]: Run in serial mode.
[TmSim]: Run in serial mode.
[SUCCESS][CORE_0][pid 126987] exit success!
[SUCCESS][CORE_1][pid 126988] exit success!
[SUCCESS][CORE_2][pid 126989] exit success!
[SUCCESS][CORE_3][pid 126990] exit success!
[TmSim]: Run in serial mode.
[TmSim]: Run in serial mode.
[TmSim]: Run in serial mode.
[TmSim]: Run in serial mode.
[SUCCESS][CORE_0][pid 126991] exit success!
[SUCCESS][CORE_1][pid 126992] exit success!
[SUCCESS][CORE_2][pid 126993] exit success!
[SUCCESS][CORE_3][pid 126994] exit success!
[TmSim]: Run in serial mode.
[TmSim]: Run in serial mode.
[TmSim]: Run in serial mode.
[TmSim]: Run in serial mode.
[SUCCESS][CORE_0][pid 126995] exit success!
[SUCCESS][CORE_1][pid 126996] exit success!
[SUCCESS][CORE_2][pid 126997] exit success!
[SUCCESS][CORE_3][pid 126998] exit success!
MTP slot-derived context, duplicate and missing page cases passed
[TmSim]: Run in serial mode.
[TmSim]: Run in serial mode.
[TmSim]: Run in serial mode.
[TmSim]: Run in serial mode.
[SUCCESS][CORE_0][pid 126999] exit success!
[SUCCESS][CORE_1][pid 127000] exit success!
[SUCCESS][CORE_2][pid 127001] exit success!
[SUCCESS][CORE_3][pid 127002] exit success!
[TmSim]: Run in serial mode.
[TmSim]: Run in serial mode.
[TmSim]: Run in serial mode.
[TmSim]: Run in serial mode.
[SUCCESS][AIC_0][pid 127003] exit success!
[TmSim]: Run in serial mode.
[TmSim]: Run in serial mode.
[SUCCESS][AIV_0][pid 127004] exit success!
[SUCCESS][AIV_1][pid 127005] exit success!
[SUCCESS][AIC_1][pid 127006] exit success!
[SUCCESS][AIV_2][pid 127007] exit success!
[SUCCESS][AIV_3][pid 127008] exit success!
splits=1 empty_segments=0
[TmSim]: Run in serial mode.
[TmSim]: Run in serial mode.
[TmSim]: Run in serial mode.
[TmSim]: Run in serial mode.
[SUCCESS][CORE_0][pid 127010] exit success!
[SUCCESS][CORE_1][pid 127011] exit success!
[SUCCESS][CORE_2][pid 127012] exit success!
[SUCCESS][CORE_3][pid 127013] exit success!
max_abs=2.23517e-07 file=/home/sunao2000.linux/gpt_new_oscar/artifacts/cv_cpu_cases/d64_q2_c320/expected_output.bin
max_abs=4.76837e-07 file=/home/sunao2000.linux/gpt_new_oscar/artifacts/cv_cpu_cases/d64_q2_c320/expected_lse.bin
{"backend":"ascendc_cpu_debug","op":"attention_cv","status":"passed"}
RESULT {"phase": "007-attention_cv", "command": ["/home/sunao2000.linux/gpt_new_oscar/build/cpu/oscar_cv_cpu", "attention_cv", "/home/sunao2000.linux/gpt_new_oscar/artifacts/cv_cpu_cases/d64_q2_c320"], "returncode": 0, "elapsed_seconds": 1.888105, "timed_out": false, "interrupted": false, "log": "/home/sunao2000.linux/gpt_new_oscar/logs/vm-cv/007-attention_cv.log", "cleanup_complete": true}
[oscar] PASSED phase=007-attention_cv rc=0 log=logs/vm-cv/007-attention_cv.log
START phase=008-attention_cv cwd=/home/sunao2000.linux/gpt_new_oscar command=["/home/sunao2000.linux/gpt_new_oscar/build/cpu/oscar_cv_cpu", "attention_cv", "/home/sunao2000.linux/gpt_new_oscar/artifacts/cv_cpu_cases/d128_q3_c511"]
[TmSim]: Run in serial mode.
[TmSim]: Run in serial mode.
[TmSim]: Run in serial mode.
[TmSim]: Run in serial mode.
[SUCCESS][CORE_0][pid 127016] exit success!
[SUCCESS][CORE_1][pid 127017] exit success!
[SUCCESS][CORE_2][pid 127018] exit success!
[SUCCESS][CORE_3][pid 127019] exit success!
[TmSim]: Run in serial mode.
[TmSim]: Run in serial mode.
[TmSim]: Run in serial mode.
[TmSim]: Run in serial mode.
[SUCCESS][CORE_0][pid 127020] exit success!
[SUCCESS][CORE_1][pid 127021] exit success!
[SUCCESS][CORE_2][pid 127022] exit success!
[SUCCESS][CORE_3][pid 127023] exit success!
metadata padded request and changed-slot cases passed
[TmSim]: Run in serial mode.
[TmSim]: Run in serial mode.
[TmSim]: Run in serial mode.
[TmSim]: Run in serial mode.
[SUCCESS][CORE_0][pid 127024] exit success!
[SUCCESS][CORE_1][pid 127025] exit success!
[SUCCESS][CORE_2][pid 127026] exit success!
[SUCCESS][CORE_3][pid 127027] exit success!
[TmSim]: Run in serial mode.
[TmSim]: Run in serial mode.
[TmSim]: Run in serial mode.
[TmSim]: Run in serial mode.
[SUCCESS][CORE_0][pid 127028] exit success!
[SUCCESS][CORE_1][pid 127029] exit success!
[SUCCESS][CORE_2][pid 127030] exit success!
[SUCCESS][CORE_3][pid 127031] exit success!
[TmSim]: Run in serial mode.
[TmSim]: Run in serial mode.
[TmSim]: Run in serial mode.
[TmSim]: Run in serial mode.
[SUCCESS][CORE_0][pid 127032] exit success!
[SUCCESS][CORE_1][pid 127033] exit success!
[SUCCESS][CORE_2][pid 127034] exit success!
[SUCCESS][CORE_3][pid 127035] exit success!
MTP slot-derived context, duplicate and missing page cases passed
[TmSim]: Run in serial mode.
[TmSim]: Run in serial mode.
[TmSim]: Run in serial mode.
[TmSim]: Run in serial mode.
[SUCCESS][CORE_0][pid 127036] exit success!
[SUCCESS][CORE_1][pid 127037] exit success!
[SUCCESS][CORE_2][pid 127038] exit success!
[SUCCESS][CORE_3][pid 127039] exit success!
[TmSim]: Run in serial mode.
[TmSim]: Run in serial mode.
[TmSim]: Run in serial mode.
[TmSim]: Run in serial mode.
[SUCCESS][AIC_0][pid 127040] exit success!
[TmSim]: Run in serial mode.
[TmSim]: Run in serial mode.
[SUCCESS][AIV_0][pid 127041] exit success!
[SUCCESS][AIV_1][pid 127042] exit success!
[SUCCESS][AIC_1][pid 127043] exit success!
[SUCCESS][AIV_2][pid 127044] exit success!
[SUCCESS][AIV_3][pid 127045] exit success!
splits=1 empty_segments=0
[TmSim]: Run in serial mode.
[TmSim]: Run in serial mode.
[TmSim]: Run in serial mode.
[TmSim]: Run in serial mode.
[SUCCESS][CORE_0][pid 127047] exit success!
[SUCCESS][CORE_1][pid 127048] exit success!
[SUCCESS][CORE_2][pid 127049] exit success!
[SUCCESS][CORE_3][pid 127050] exit success!
max_abs=3.8743e-07 file=/home/sunao2000.linux/gpt_new_oscar/artifacts/cv_cpu_cases/d128_q3_c511/expected_output.bin
max_abs=4.76837e-07 file=/home/sunao2000.linux/gpt_new_oscar/artifacts/cv_cpu_cases/d128_q3_c511/expected_lse.bin
{"backend":"ascendc_cpu_debug","op":"attention_cv","status":"passed"}
RESULT {"phase": "008-attention_cv", "command": ["/home/sunao2000.linux/gpt_new_oscar/build/cpu/oscar_cv_cpu", "attention_cv", "/home/sunao2000.linux/gpt_new_oscar/artifacts/cv_cpu_cases/d128_q3_c511"], "returncode": 0, "elapsed_seconds": 3.914276, "timed_out": false, "interrupted": false, "log": "/home/sunao2000.linux/gpt_new_oscar/logs/vm-cv/008-attention_cv.log", "cleanup_complete": true}
[oscar] PASSED phase=008-attention_cv rc=0 log=logs/vm-cv/008-attention_cv.log
START phase=009-attention_cv cwd=/home/sunao2000.linux/gpt_new_oscar command=["/home/sunao2000.linux/gpt_new_oscar/build/cpu/oscar_cv_cpu", "attention_cv", "/home/sunao2000.linux/gpt_new_oscar/artifacts/cv_cpu_cases/d64_q65_c17"]
[TmSim]: Run in serial mode.
[TmSim]: Run in serial mode.
[TmSim]: Run in serial mode.
[TmSim]: Run in serial mode.
[SUCCESS][CORE_0][pid 127053] exit success!
[SUCCESS][CORE_1][pid 127054] exit success!
[SUCCESS][CORE_2][pid 127055] exit success!
[SUCCESS][CORE_3][pid 127056] exit success!
[TmSim]: Run in serial mode.
[TmSim]: Run in serial mode.
[TmSim]: Run in serial mode.
[SUCCESS][CORE_0][pid 127057] exit success!
[SUCCESS][CORE_1][pid 127058] exit success!
[TmSim]: Run in serial mode.
[SUCCESS][CORE_2][pid 127059] exit success!
[SUCCESS][CORE_3][pid 127060] exit success!
metadata padded request and changed-slot cases passed
[TmSim]: Run in serial mode.
[TmSim]: Run in serial mode.
[TmSim]: Run in serial mode.
[TmSim]: Run in serial mode.
[SUCCESS][CORE_0][pid 127061] exit success!
[SUCCESS][CORE_1][pid 127062] exit success!
[SUCCESS][CORE_2][pid 127063] exit success!
[SUCCESS][CORE_3][pid 127064] exit success!
[TmSim]: Run in serial mode.
[TmSim]: Run in serial mode.
[TmSim]: Run in serial mode.
[TmSim]: Run in serial mode.
[SUCCESS][CORE_0][pid 127065] exit success!
[SUCCESS][CORE_1][pid 127066] exit success!
[SUCCESS][CORE_2][pid 127067] exit success!
[SUCCESS][CORE_3][pid 127068] exit success!
[TmSim]: Run in serial mode.
[TmSim]: Run in serial mode.
[TmSim]: Run in serial mode.
[TmSim]: Run in serial mode.
[SUCCESS][CORE_0][pid 127069] exit success!
[SUCCESS][CORE_1][pid 127070] exit success!
[SUCCESS][CORE_2][pid 127071] exit success!
[SUCCESS][CORE_3][pid 127072] exit success!
MTP slot-derived context, duplicate and missing page cases passed
[TmSim]: Run in serial mode.
[TmSim]: Run in serial mode.
[TmSim]: Run in serial mode.
[TmSim]: Run in serial mode.
[SUCCESS][CORE_0][pid 127073] exit success!
[SUCCESS][CORE_1][pid 127074] exit success!
[SUCCESS][CORE_2][pid 127075] exit success!
[SUCCESS][CORE_3][pid 127076] exit success!
[TmSim]: Run in serial mode.
[TmSim]: Run in serial mode.
[TmSim]: Run in serial mode.
[TmSim]: Run in serial mode.
[SUCCESS][AIC_0][pid 127077] exit success!
[TmSim]: Run in serial mode.
[TmSim]: Run in serial mode.
[SUCCESS][AIV_0][pid 127078] exit success!
[SUCCESS][AIV_1][pid 127079] exit success!
[SUCCESS][AIC_1][pid 127080] exit success!
[SUCCESS][AIV_2][pid 127081] exit success!
[SUCCESS][AIV_3][pid 127082] exit success!
splits=1 empty_segments=1
[TmSim]: Run in serial mode.
[TmSim]: Run in serial mode.
[TmSim]: Run in serial mode.
[TmSim]: Run in serial mode.
[SUCCESS][CORE_0][pid 127085] exit success!
[SUCCESS][CORE_1][pid 127086] exit success!
[SUCCESS][CORE_2][pid 127087] exit success!
[SUCCESS][CORE_3][pid 127088] exit success!
max_abs=8.9407e-07 file=/home/sunao2000.linux/gpt_new_oscar/artifacts/cv_cpu_cases/d64_q65_c17/expected_output.bin
max_abs=4.76837e-07 file=/home/sunao2000.linux/gpt_new_oscar/artifacts/cv_cpu_cases/d64_q65_c17/expected_lse.bin
{"backend":"ascendc_cpu_debug","op":"attention_cv","status":"passed"}
RESULT {"phase": "009-attention_cv", "command": ["/home/sunao2000.linux/gpt_new_oscar/build/cpu/oscar_cv_cpu", "attention_cv", "/home/sunao2000.linux/gpt_new_oscar/artifacts/cv_cpu_cases/d64_q65_c17"], "returncode": 0, "elapsed_seconds": 5.497116, "timed_out": false, "interrupted": false, "log": "/home/sunao2000.linux/gpt_new_oscar/logs/vm-cv/009-attention_cv.log", "cleanup_complete": true}
[oscar] PASSED phase=009-attention_cv rc=0 log=logs/vm-cv/009-attention_cv.log
START phase=010-attention_cv cwd=/home/sunao2000.linux/gpt_new_oscar command=["/home/sunao2000.linux/gpt_new_oscar/build/cpu/oscar_cv_cpu", "attention_cv", "/home/sunao2000.linux/gpt_new_oscar/artifacts/cv_cpu_cases/d64_q33_c511_hk2"]
[TmSim]: Run in serial mode.
[TmSim]: Run in serial mode.
[TmSim]: Run in serial mode.
[TmSim]: Run in serial mode.
[SUCCESS][CORE_0][pid 127091] exit success!
[SUCCESS][CORE_1][pid 127092] exit success!
[SUCCESS][CORE_2][pid 127093] exit success!
[SUCCESS][CORE_3][pid 127094] exit success!
[TmSim]: Run in serial mode.
[SUCCESS][CORE_0][pid 127095] exit success!
[TmSim]: Run in serial mode.
[TmSim]: Run in serial mode.
[TmSim]: Run in serial mode.
[SUCCESS][CORE_1][pid 127096] exit success!
[SUCCESS][CORE_2][pid 127097] exit success!
[SUCCESS][CORE_3][pid 127098] exit success!
metadata padded request and changed-slot cases passed
[TmSim]: Run in serial mode.
[TmSim]: Run in serial mode.
[TmSim]: Run in serial mode.
[TmSim]: Run in serial mode.
[SUCCESS][CORE_0][pid 127099] exit success!
[SUCCESS][CORE_1][pid 127100] exit success!
[SUCCESS][CORE_2][pid 127101] exit success!
[SUCCESS][CORE_3][pid 127102] exit success!
[TmSim]: Run in serial mode.
[TmSim]: Run in serial mode.
[TmSim]: Run in serial mode.
[TmSim]: Run in serial mode.
[SUCCESS][CORE_0][pid 127103] exit success!
[SUCCESS][CORE_1][pid 127104] exit success!
[SUCCESS][CORE_2][pid 127105] exit success!
[SUCCESS][CORE_3][pid 127106] exit success!
[TmSim]: Run in serial mode.
[TmSim]: Run in serial mode.
[TmSim]: Run in serial mode.
[TmSim]: Run in serial mode.
[SUCCESS][CORE_0][pid 127107] exit success!
[SUCCESS][CORE_1][pid 127108] exit success!
[SUCCESS][CORE_2][pid 127109] exit success!
[SUCCESS][CORE_3][pid 127110] exit success!
MTP slot-derived context, duplicate and missing page cases passed
[TmSim]: Run in serial mode.
[TmSim]: Run in serial mode.
[TmSim]: Run in serial mode.
[TmSim]: Run in serial mode.
[SUCCESS][CORE_0][pid 127111] exit success!
[SUCCESS][CORE_1][pid 127112] exit success!
[SUCCESS][CORE_2][pid 127113] exit success!
[SUCCESS][CORE_3][pid 127114] exit success!
[oscar] phase=010-attention_cv running seconds=15.1 log=logs/vm-cv/010-attention_cv.log
[TmSim]: Run in serial mode.
[TmSim]: Run in serial mode.
[TmSim]: Run in serial mode.
[TmSim]: Run in serial mode.
[SUCCESS][AIC_0][pid 127115] exit success!
[TmSim]: Run in serial mode.
[TmSim]: Run in serial mode.
[SUCCESS][AIV_0][pid 127116] exit success!
[SUCCESS][AIV_1][pid 127117] exit success!
[SUCCESS][AIC_1][pid 127118] exit success!
[SUCCESS][AIV_2][pid 127119] exit success!
[SUCCESS][AIV_3][pid 127120] exit success!
splits=1 empty_segments=0
[TmSim]: Run in serial mode.
[TmSim]: Run in serial mode.
[TmSim]: Run in serial mode.
[SUCCESS][CORE_0][pid 127128] exit success!
[SUCCESS][CORE_1][pid 127129] exit success!
[SUCCESS][CORE_2][pid 127130] exit success!
[TmSim]: Run in serial mode.
[SUCCESS][CORE_3][pid 127131] exit success!
max_abs=1.13249e-06 file=/home/sunao2000.linux/gpt_new_oscar/artifacts/cv_cpu_cases/d64_q33_c511_hk2/expected_output.bin
max_abs=9.53674e-07 file=/home/sunao2000.linux/gpt_new_oscar/artifacts/cv_cpu_cases/d64_q33_c511_hk2/expected_lse.bin
{"backend":"ascendc_cpu_debug","op":"attention_cv","status":"passed"}
RESULT {"phase": "010-attention_cv", "command": ["/home/sunao2000.linux/gpt_new_oscar/build/cpu/oscar_cv_cpu", "attention_cv", "/home/sunao2000.linux/gpt_new_oscar/artifacts/cv_cpu_cases/d64_q33_c511_hk2"], "returncode": 0, "elapsed_seconds": 20.308474, "timed_out": false, "interrupted": false, "log": "/home/sunao2000.linux/gpt_new_oscar/logs/vm-cv/010-attention_cv.log", "cleanup_complete": true}
[oscar] PASSED phase=010-attention_cv rc=0 log=logs/vm-cv/010-attention_cv.log
START phase=011-attention_cv cwd=/home/sunao2000.linux/gpt_new_oscar command=["/home/sunao2000.linux/gpt_new_oscar/build/cpu/oscar_cv_cpu", "attention_cv", "/home/sunao2000.linux/gpt_new_oscar/artifacts/cv_cpu_cases/d128_q17_c511_hk2"]
[TmSim]: Run in serial mode.
[TmSim]: Run in serial mode.
[TmSim]: Run in serial mode.
[TmSim]: Run in serial mode.
[SUCCESS][CORE_0][pid 127134] exit success!
[SUCCESS][CORE_1][pid 127135] exit success!
[SUCCESS][CORE_2][pid 127136] exit success!
[SUCCESS][CORE_3][pid 127137] exit success!
[TmSim]: Run in serial mode.
[TmSim]: Run in serial mode.
[TmSim]: Run in serial mode.
[TmSim]: Run in serial mode.
[SUCCESS][CORE_0][pid 127138] exit success!
[SUCCESS][CORE_1][pid 127139] exit success!
[SUCCESS][CORE_2][pid 127140] exit success!
[SUCCESS][CORE_3][pid 127141] exit success!
metadata padded request and changed-slot cases passed
[TmSim]: Run in serial mode.
[TmSim]: Run in serial mode.
[TmSim]: Run in serial mode.
[TmSim]: Run in serial mode.
[SUCCESS][CORE_0][pid 127142] exit success!
[SUCCESS][CORE_1][pid 127143] exit success!
[SUCCESS][CORE_2][pid 127144] exit success!
[SUCCESS][CORE_3][pid 127145] exit success!
[TmSim]: Run in serial mode.
[TmSim]: Run in serial mode.
[TmSim]: Run in serial mode.
[SUCCESS][CORE_0][pid 127146] exit success!
[TmSim]: Run in serial mode.
[SUCCESS][CORE_1][pid 127147] exit success!
[SUCCESS][CORE_2][pid 127148] exit success!
[SUCCESS][CORE_3][pid 127149] exit success!
[TmSim]: Run in serial mode.
[TmSim]: Run in serial mode.
[TmSim]: Run in serial mode.
[TmSim]: Run in serial mode.
[SUCCESS][CORE_0][pid 127150] exit success!
[SUCCESS][CORE_1][pid 127151] exit success!
[SUCCESS][CORE_2][pid 127152] exit success!
[SUCCESS][CORE_3][pid 127153] exit success!
MTP slot-derived context, duplicate and missing page cases passed
[TmSim]: Run in serial mode.
[TmSim]: Run in serial mode.
[TmSim]: Run in serial mode.
[TmSim]: Run in serial mode.
[SUCCESS][CORE_0][pid 127154] exit success!
[SUCCESS][CORE_1][pid 127155] exit success!
[SUCCESS][CORE_2][pid 127156] exit success!
[SUCCESS][CORE_3][pid 127157] exit success!
[TmSim]: Run in serial mode.
[TmSim]: Run in serial mode.
[TmSim]: Run in serial mode.
[TmSim]: Run in serial mode.
[SUCCESS][AIC_0][pid 127158] exit success!
[TmSim]: Run in serial mode.
[TmSim]: Run in serial mode.
[SUCCESS][AIV_0][pid 127159] exit success!
[SUCCESS][AIV_1][pid 127160] exit success!
[SUCCESS][AIC_1][pid 127161] exit success!
[SUCCESS][AIV_2][pid 127162] exit success!
[SUCCESS][AIV_3][pid 127163] exit success!
splits=1 empty_segments=0
[TmSim]: Run in serial mode.
[SUCCESS][CORE_0][pid 127168] exit success!
[TmSim]: Run in serial mode.
[TmSim]: Run in serial mode.
[SUCCESS][CORE_1][pid 127169] exit success!
[TmSim]: Run in serial mode.
[SUCCESS][CORE_2][pid 127170] exit success!
[SUCCESS][CORE_3][pid 127171] exit success!
max_abs=6.4075e-07 file=/home/sunao2000.linux/gpt_new_oscar/artifacts/cv_cpu_cases/d128_q17_c511_hk2/expected_output.bin
max_abs=4.76837e-07 file=/home/sunao2000.linux/gpt_new_oscar/artifacts/cv_cpu_cases/d128_q17_c511_hk2/expected_lse.bin
{"backend":"ascendc_cpu_debug","op":"attention_cv","status":"passed"}
RESULT {"phase": "011-attention_cv", "command": ["/home/sunao2000.linux/gpt_new_oscar/build/cpu/oscar_cv_cpu", "attention_cv", "/home/sunao2000.linux/gpt_new_oscar/artifacts/cv_cpu_cases/d128_q17_c511_hk2"], "returncode": 0, "elapsed_seconds": 12.594501, "timed_out": false, "interrupted": false, "log": "/home/sunao2000.linux/gpt_new_oscar/logs/vm-cv/011-attention_cv.log", "cleanup_complete": true}
[oscar] PASSED phase=011-attention_cv rc=0 log=logs/vm-cv/011-attention_cv.log
START phase=012-attention_cv cwd=/home/sunao2000.linux/gpt_new_oscar command=["/home/sunao2000.linux/gpt_new_oscar/build/cpu/oscar_cv_cpu", "attention_cv", "/home/sunao2000.linux/gpt_new_oscar/artifacts/cv_cpu_cases/d256_q17_c511_hk2"]
[TmSim]: Run in serial mode.
[TmSim]: Run in serial mode.
[TmSim]: Run in serial mode.
[TmSim]: Run in serial mode.
[SUCCESS][CORE_0][pid 127174] exit success!
[SUCCESS][CORE_1][pid 127175] exit success!
[SUCCESS][CORE_2][pid 127176] exit success!
[SUCCESS][CORE_3][pid 127177] exit success!
[TmSim]: Run in serial mode.
[SUCCESS][CORE_0][pid 127178] exit success!
[TmSim]: Run in serial mode.
[TmSim]: Run in serial mode.
[TmSim]: Run in serial mode.
[SUCCESS][CORE_1][pid 127179] exit success!
[SUCCESS][CORE_2][pid 127180] exit success!
[SUCCESS][CORE_3][pid 127181] exit success!
metadata padded request and changed-slot cases passed
[TmSim]: Run in serial mode.
[TmSim]: Run in serial mode.
[TmSim]: Run in serial mode.
[SUCCESS][CORE_0][pid 127182] exit success!
[TmSim]: Run in serial mode.
[SUCCESS][CORE_1][pid 127183] exit success!
[SUCCESS][CORE_2][pid 127184] exit success!
[SUCCESS][CORE_3][pid 127185] exit success!
[TmSim]: Run in serial mode.
[TmSim]: Run in serial mode.
[TmSim]: Run in serial mode.
[TmSim]: Run in serial mode.
[SUCCESS][CORE_0][pid 127186] exit success!
[SUCCESS][CORE_1][pid 127187] exit success!
[SUCCESS][CORE_2][pid 127188] exit success!
[SUCCESS][CORE_3][pid 127189] exit success!
[TmSim]: Run in serial mode.
[TmSim]: Run in serial mode.
[TmSim]: Run in serial mode.
[SUCCESS][CORE_0][pid 127190] exit success!
[TmSim]: Run in serial mode.
[SUCCESS][CORE_1][pid 127191] exit success!
[SUCCESS][CORE_2][pid 127192] exit success!
[SUCCESS][CORE_3][pid 127193] exit success!
MTP slot-derived context, duplicate and missing page cases passed
[TmSim]: Run in serial mode.
[TmSim]: Run in serial mode.
[TmSim]: Run in serial mode.
[TmSim]: Run in serial mode.
[SUCCESS][CORE_0][pid 127194] exit success!
[SUCCESS][CORE_1][pid 127195] exit success!
[SUCCESS][CORE_2][pid 127196] exit success!
[SUCCESS][CORE_3][pid 127197] exit success!
[oscar] phase=012-attention_cv running seconds=15.1 log=logs/vm-cv/012-attention_cv.log
[TmSim]: Run in serial mode.
[TmSim]: Run in serial mode.
[TmSim]: Run in serial mode.
[TmSim]: Run in serial mode.
[SUCCESS][AIC_0][pid 127198] exit success!
[TmSim]: Run in serial mode.
[TmSim]: Run in serial mode.
[SUCCESS][AIV_0][pid 127199] exit success!
[SUCCESS][AIV_1][pid 127200] exit success!
[SUCCESS][AIC_1][pid 127201] exit success!
[SUCCESS][AIV_2][pid 127202] exit success!
[SUCCESS][AIV_3][pid 127203] exit success!
splits=1 empty_segments=0
[TmSim]: Run in serial mode.
[TmSim]: Run in serial mode.
[TmSim]: Run in serial mode.
[SUCCESS][CORE_0][pid 127210] exit success!
[TmSim]: Run in serial mode.
[SUCCESS][CORE_1][pid 127211] exit success!
[SUCCESS][CORE_2][pid 127212] exit success!
[SUCCESS][CORE_3][pid 127213] exit success!
max_abs=8.34465e-07 file=/home/sunao2000.linux/gpt_new_oscar/artifacts/cv_cpu_cases/d256_q17_c511_hk2/expected_output.bin
max_abs=9.53674e-07 file=/home/sunao2000.linux/gpt_new_oscar/artifacts/cv_cpu_cases/d256_q17_c511_hk2/expected_lse.bin
{"backend":"ascendc_cpu_debug","op":"attention_cv","status":"passed"}
RESULT {"phase": "012-attention_cv", "command": ["/home/sunao2000.linux/gpt_new_oscar/build/cpu/oscar_cv_cpu", "attention_cv", "/home/sunao2000.linux/gpt_new_oscar/artifacts/cv_cpu_cases/d256_q17_c511_hk2"], "returncode": 0, "elapsed_seconds": 17.925556, "timed_out": false, "interrupted": false, "log": "/home/sunao2000.linux/gpt_new_oscar/logs/vm-cv/012-attention_cv.log", "cleanup_complete": true}
[oscar] PASSED phase=012-attention_cv rc=0 log=logs/vm-cv/012-attention_cv.log
START phase=013-attention_cv cwd=/home/sunao2000.linux/gpt_new_oscar command=["/home/sunao2000.linux/gpt_new_oscar/build/cpu/oscar_cv_cpu", "attention_cv", "/home/sunao2000.linux/gpt_new_oscar/artifacts/cv_cpu_cases/d64_q4_c65_s2"]
[TmSim]: Run in serial mode.
[TmSim]: Run in serial mode.
[SUCCESS][CORE_0][pid 127216] exit success!
[SUCCESS][CORE_1][pid 127217] exit success!
[TmSim]: Run in serial mode.
[TmSim]: Run in serial mode.
[SUCCESS][CORE_2][pid 127218] exit success!
[SUCCESS][CORE_3][pid 127219] exit success!
[TmSim]: Run in serial mode.
[TmSim]: Run in serial mode.
[TmSim]: Run in serial mode.
[TmSim]: Run in serial mode.
[SUCCESS][CORE_0][pid 127220] exit success!
[SUCCESS][CORE_1][pid 127221] exit success!
[SUCCESS][CORE_2][pid 127222] exit success!
[SUCCESS][CORE_3][pid 127223] exit success!
metadata padded request and changed-slot cases passed
[TmSim]: Run in serial mode.
[TmSim]: Run in serial mode.
[TmSim]: Run in serial mode.
[TmSim]: Run in serial mode.
[SUCCESS][CORE_0][pid 127224] exit success!
[SUCCESS][CORE_1][pid 127225] exit success!
[SUCCESS][CORE_2][pid 127226] exit success!
[SUCCESS][CORE_3][pid 127227] exit success!
[TmSim]: Run in serial mode.
[TmSim]: Run in serial mode.
[TmSim]: Run in serial mode.
[TmSim]: Run in serial mode.
[SUCCESS][CORE_0][pid 127228] exit success!
[SUCCESS][CORE_1][pid 127229] exit success!
[SUCCESS][CORE_2][pid 127230] exit success!
[SUCCESS][CORE_3][pid 127231] exit success!
[TmSim]: Run in serial mode.
[TmSim]: Run in serial mode.
[TmSim]: Run in serial mode.
[TmSim]: Run in serial mode.
[SUCCESS][CORE_0][pid 127232] exit success!
[SUCCESS][CORE_1][pid 127233] exit success!
[SUCCESS][CORE_2][pid 127234] exit success!
[SUCCESS][CORE_3][pid 127235] exit success!
MTP slot-derived context, duplicate and missing page cases passed
[TmSim]: Run in serial mode.
[TmSim]: Run in serial mode.
[TmSim]: Run in serial mode.
[TmSim]: Run in serial mode.
[SUCCESS][CORE_0][pid 127236] exit success!
[SUCCESS][CORE_1][pid 127237] exit success!
[SUCCESS][CORE_2][pid 127238] exit success!
[SUCCESS][CORE_3][pid 127239] exit success!
[TmSim]: Run in serial mode.
[TmSim]: Run in serial mode.
[TmSim]: Run in serial mode.
[TmSim]: Run in serial mode.
[TmSim]: Run in serial mode.
[TmSim]: Run in serial mode.
[TmSim]: Run in serial mode.
[TmSim]: Run in serial mode.
[TmSim]: Run in serial mode.
[TmSim]: Run in serial mode.
[TmSim]: Run in serial mode.
[TmSim]: Run in serial mode.
[TmSim]: Run in serial mode.
[TmSim]: Run in serial mode.
[TmSim]: Run in serial mode.
[TmSim]: Run in serial mode.
[TmSim]: Run in serial mode.
[TmSim]: Run in serial mode.
[TmSim]: Run in serial mode.
[TmSim]: Run in serial mode.
[TmSim]: Run in serial mode.
[TmSim]: Run in serial mode.
[TmSim]: Run in serial mode.
[TmSim]: Run in serial mode.
[TmSim]: Run in serial mode.
[TmSim]: Run in serial mode.
[TmSim]: Run in serial mode.
[TmSim]: Run in serial mode.
[TmSim]: Run in serial mode.
[TmSim]: Run in serial mode.
[TmSim]: Run in serial mode.
[TmSim]: Run in serial mode.
[TmSim]: Run in serial mode.
[TmSim]: Run in serial mode.
[TmSim]: Run in serial mode.
[TmSim]: Run in serial mode.
[TmSim]: Run in serial mode.
[TmSim]: Run in serial mode.
[TmSim]: Run in serial mode.
[TmSim]: Run in serial mode.
[TmSim]: Run in serial mode.
[TmSim]: Run in serial mode.
[TmSim]: Run in serial mode.
[TmSim]: Run in serial mode.
[TmSim]: Run in serial mode.
[TmSim]: Run in serial mode.
[TmSim]: Run in serial mode.
[TmSim]: Run in serial mode.
[TmSim]: Run in serial mode.
[TmSim]: Run in serial mode.
[TmSim]: Run in serial mode.
[SUCCESS][AIC_0][pid 127240] exit success!
[TmSim]: Run in serial mode.
[TmSim]: Run in serial mode.
[TmSim]: Run in serial mode.
[TmSim]: Run in serial mode.
[TmSim]: Run in serial mode.
[TmSim]: Run in serial mode.
[TmSim]: Run in serial mode.
[SUCCESS][AIV_0][pid 127241] exit success!
[SUCCESS][AIV_1][pid 127242] exit success!
[SUCCESS][AIC_1][pid 127243] exit success!
[TmSim]: Run in serial mode.
[SUCCESS][AIV_2][pid 127244] exit success!
[SUCCESS][AIV_3][pid 127245] exit success!
[SUCCESS][AIC_2][pid 127246] exit success!
[SUCCESS][AIV_4][pid 127247] exit success!
[SUCCESS][AIV_5][pid 127248] exit success!
[SUCCESS][AIC_3][pid 127249] exit success!
[TmSim]: Run in serial mode.
[SUCCESS][AIV_6][pid 127250] exit success!
[SUCCESS][AIV_7][pid 127251] exit success!
[SUCCESS][AIC_4][pid 127252] exit success!
[SUCCESS][AIV_8][pid 127253] exit success!
[SUCCESS][AIV_9][pid 127254] exit success!
[SUCCESS][AIC_5][pid 127255] exit success!
[SUCCESS][AIV_10][pid 127256] exit success!
[SUCCESS][AIV_11][pid 127257] exit success!
[SUCCESS][AIC_6][pid 127258] exit success!
[SUCCESS][AIV_12][pid 127259] exit success!
[SUCCESS][AIV_13][pid 127260] exit success!
[SUCCESS][AIC_7][pid 127261] exit success!
[SUCCESS][AIV_14][pid 127262] exit success!
[SUCCESS][AIV_15][pid 127263] exit success!
[SUCCESS][AIC_8][pid 127264] exit success!
[SUCCESS][AIV_16][pid 127265] exit success!
[SUCCESS][AIV_17][pid 127266] exit success!
[SUCCESS][AIC_9][pid 127267] exit success!
[SUCCESS][AIV_18][pid 127268] exit success!
[SUCCESS][AIV_19][pid 127269] exit success!
[SUCCESS][AIC_10][pid 127270] exit success!
[SUCCESS][AIV_20][pid 127271] exit success!
[SUCCESS][AIV_21][pid 127272] exit success!
[SUCCESS][AIC_11][pid 127273] exit success!
[SUCCESS][AIV_22][pid 127274] exit success!
[SUCCESS][AIV_23][pid 127275] exit success!
[SUCCESS][AIC_12][pid 127276] exit success!
[SUCCESS][AIV_24][pid 127277] exit success!
[SUCCESS][AIV_25][pid 127278] exit success!
[SUCCESS][AIC_13][pid 127279] exit success!
[SUCCESS][AIV_26][pid 127280] exit success!
[SUCCESS][AIV_27][pid 127281] exit success!
[SUCCESS][AIC_14][pid 127282] exit success!
[SUCCESS][AIV_28][pid 127283] exit success!
[SUCCESS][AIV_29][pid 127284] exit success!
[SUCCESS][AIC_15][pid 127285] exit success!
[SUCCESS][AIV_30][pid 127286] exit success!
[SUCCESS][AIV_31][pid 127287] exit success!
[SUCCESS][AIC_16][pid 127288] exit success!
[SUCCESS][AIV_32][pid 127289] exit success!
[SUCCESS][AIV_33][pid 127290] exit success!
[SUCCESS][AIC_17][pid 127291] exit success!
[SUCCESS][AIV_34][pid 127292] exit success!
[SUCCESS][AIV_35][pid 127293] exit success!
[SUCCESS][AIC_18][pid 127294] exit success!
[SUCCESS][AIV_36][pid 127295] exit success!
[SUCCESS][AIV_37][pid 127296] exit success!
[SUCCESS][AIC_19][pid 127297] exit success!
[SUCCESS][AIV_38][pid 127298] exit success!
[SUCCESS][AIV_39][pid 127299] exit success!
splits=2 empty_segments=0
[TmSim]: Run in serial mode.
[TmSim]: Run in serial mode.
[TmSim]: Run in serial mode.
[TmSim]: Run in serial mode.
[SUCCESS][CORE_0][pid 127300] exit success!
[SUCCESS][CORE_1][pid 127301] exit success!
[SUCCESS][CORE_2][pid 127302] exit success!
[SUCCESS][CORE_3][pid 127303] exit success!
max_abs=3.57628e-07 file=/home/sunao2000.linux/gpt_new_oscar/artifacts/cv_cpu_cases/d64_q4_c65_s2/expected_output.bin
max_abs=4.76837e-07 file=/home/sunao2000.linux/gpt_new_oscar/artifacts/cv_cpu_cases/d64_q4_c65_s2/expected_lse.bin
{"backend":"ascendc_cpu_debug","op":"attention_cv","status":"passed"}
RESULT {"phase": "013-attention_cv", "command": ["/home/sunao2000.linux/gpt_new_oscar/build/cpu/oscar_cv_cpu", "attention_cv", "/home/sunao2000.linux/gpt_new_oscar/artifacts/cv_cpu_cases/d64_q4_c65_s2"], "returncode": 0, "elapsed_seconds": 0.809562, "timed_out": false, "interrupted": false, "log": "/home/sunao2000.linux/gpt_new_oscar/logs/vm-cv/013-attention_cv.log", "cleanup_complete": true}
[oscar] PASSED phase=013-attention_cv rc=0 log=logs/vm-cv/013-attention_cv.log
START phase=014-attention_cv cwd=/home/sunao2000.linux/gpt_new_oscar command=["/home/sunao2000.linux/gpt_new_oscar/build/cpu/oscar_cv_cpu", "attention_cv", "/home/sunao2000.linux/gpt_new_oscar/artifacts/cv_cpu_cases/d64_q4_c65_s20"]
[TmSim]: Run in serial mode.
[TmSim]: Run in serial mode.
[TmSim]: Run in serial mode.
[TmSim]: Run in serial mode.
[SUCCESS][CORE_0][pid 127306] exit success!
[SUCCESS][CORE_1][pid 127307] exit success!
[SUCCESS][CORE_2][pid 127308] exit success!
[SUCCESS][CORE_3][pid 127309] exit success!
[TmSim]: Run in serial mode.
[TmSim]: Run in serial mode.
[TmSim]: Run in serial mode.
[TmSim]: Run in serial mode.
[SUCCESS][CORE_0][pid 127310] exit success!
[SUCCESS][CORE_1][pid 127311] exit success!
[SUCCESS][CORE_2][pid 127312] exit success!
[SUCCESS][CORE_3][pid 127313] exit success!
metadata padded request and changed-slot cases passed
[TmSim]: Run in serial mode.
[TmSim]: Run in serial mode.
[TmSim]: Run in serial mode.
[TmSim]: Run in serial mode.
[SUCCESS][CORE_0][pid 127314] exit success!
[SUCCESS][CORE_1][pid 127315] exit success!
[SUCCESS][CORE_2][pid 127316] exit success!
[SUCCESS][CORE_3][pid 127317] exit success!
[TmSim]: Run in serial mode.
[TmSim]: Run in serial mode.
[TmSim]: Run in serial mode.
[TmSim]: Run in serial mode.
[SUCCESS][CORE_0][pid 127318] exit success!
[SUCCESS][CORE_1][pid 127319] exit success!
[SUCCESS][CORE_2][pid 127320] exit success!
[SUCCESS][CORE_3][pid 127321] exit success!
[TmSim]: Run in serial mode.
[TmSim]: Run in serial mode.
[TmSim]: Run in serial mode.
[SUCCESS][CORE_0][pid 127322] exit success!
[TmSim]: Run in serial mode.
[SUCCESS][CORE_1][pid 127323] exit success!
[SUCCESS][CORE_2][pid 127324] exit success!
[SUCCESS][CORE_3][pid 127325] exit success!
MTP slot-derived context, duplicate and missing page cases passed
[TmSim]: Run in serial mode.
[TmSim]: Run in serial mode.
[TmSim]: Run in serial mode.
[TmSim]: Run in serial mode.
[SUCCESS][CORE_0][pid 127326] exit success!
[SUCCESS][CORE_1][pid 127327] exit success!
[SUCCESS][CORE_2][pid 127328] exit success!
[SUCCESS][CORE_3][pid 127329] exit success!
[TmSim]: Run in serial mode.
[TmSim]: Run in serial mode.
[TmSim]: Run in serial mode.
[TmSim]: Run in serial mode.
[TmSim]: Run in serial mode.
[TmSim]: Run in serial mode.
[TmSim]: Run in serial mode.
[TmSim]: Run in serial mode.
[TmSim]: Run in serial mode.
[TmSim]: Run in serial mode.
[TmSim]: Run in serial mode.
[TmSim]: Run in serial mode.
[TmSim]: Run in serial mode.
[TmSim]: Run in serial mode.
[TmSim]: Run in serial mode.
[TmSim]: Run in serial mode.
[TmSim]: Run in serial mode.
[TmSim]: Run in serial mode.
[TmSim]: Run in serial mode.
[TmSim]: Run in serial mode.
[TmSim]: Run in serial mode.
[TmSim]: Run in serial mode.
[TmSim]: Run in serial mode.
[TmSim]: Run in serial mode.
[TmSim]: Run in serial mode.
[TmSim]: Run in serial mode.
[TmSim]: Run in serial mode.
[TmSim]: Run in serial mode.
[TmSim]: Run in serial mode.
[TmSim]: Run in serial mode.
[TmSim]: Run in serial mode.
[TmSim]: Run in serial mode.
[TmSim]: Run in serial mode.
[TmSim]: Run in serial mode.
[TmSim]: Run in serial mode.
[TmSim]: Run in serial mode.
[SUCCESS][AIC_0][pid 127330] exit success!
[TmSim]: Run in serial mode.
[TmSim]: Run in serial mode.
[TmSim]: Run in serial mode.
[TmSim]: Run in serial mode.
[TmSim]: Run in serial mode.
[TmSim]: Run in serial mode.
[TmSim]: Run in serial mode.
[TmSim]: Run in serial mode.
[SUCCESS][AIV_0][pid 127331] exit success!
[SUCCESS][AIV_1][pid 127332] exit success!
[TmSim]: Run in serial mode.
[TmSim]: Run in serial mode.
[TmSim]: Run in serial mode.
[TmSim]: Run in serial mode.
[TmSim]: Run in serial mode.
[TmSim]: Run in serial mode.
[TmSim]: Run in serial mode.
[TmSim]: Run in serial mode.
[TmSim]: Run in serial mode.
[TmSim]: Run in serial mode.
[TmSim]: Run in serial mode.
[SUCCESS][AIC_1][pid 127333] exit success!
[TmSim]: Run in serial mode.
[TmSim]: Run in serial mode.
[TmSim]: Run in serial mode.
[TmSim]: Run in serial mode.
[TmSim]: Run in serial mode.
[SUCCESS][AIV_2][pid 127334] exit success!
[SUCCESS][AIV_3][pid 127335] exit success!
[SUCCESS][AIC_2][pid 127336] exit success!
[SUCCESS][AIV_4][pid 127337] exit success!
[SUCCESS][AIV_5][pid 127338] exit success!
[SUCCESS][AIC_3][pid 127339] exit success!
[SUCCESS][AIV_6][pid 127340] exit success!
[SUCCESS][AIV_7][pid 127341] exit success!
[SUCCESS][AIC_4][pid 127342] exit success!
[SUCCESS][AIV_8][pid 127343] exit success!
[SUCCESS][AIV_9][pid 127344] exit success!
[SUCCESS][AIC_5][pid 127345] exit success!
[SUCCESS][AIV_10][pid 127346] exit success!
[SUCCESS][AIV_11][pid 127347] exit success!
[SUCCESS][AIC_6][pid 127348] exit success!
[SUCCESS][AIV_12][pid 127349] exit success!
[SUCCESS][AIV_13][pid 127350] exit success!
[SUCCESS][AIC_7][pid 127351] exit success!
[SUCCESS][AIV_14][pid 127352] exit success!
[SUCCESS][AIV_15][pid 127353] exit success!
[SUCCESS][AIC_8][pid 127354] exit success!
[SUCCESS][AIV_16][pid 127355] exit success!
[SUCCESS][AIV_17][pid 127356] exit success!
[SUCCESS][AIC_9][pid 127357] exit success!
[SUCCESS][AIV_18][pid 127358] exit success!
[SUCCESS][AIV_19][pid 127359] exit success!
[SUCCESS][AIC_10][pid 127360] exit success!
[SUCCESS][AIV_20][pid 127361] exit success!
[SUCCESS][AIV_21][pid 127362] exit success!
[SUCCESS][AIC_11][pid 127363] exit success!
[SUCCESS][AIV_22][pid 127364] exit success!
[SUCCESS][AIV_23][pid 127365] exit success!
[SUCCESS][AIC_12][pid 127366] exit success!
[SUCCESS][AIV_24][pid 127367] exit success!
[SUCCESS][AIV_25][pid 127368] exit success!
[SUCCESS][AIC_13][pid 127369] exit success!
[SUCCESS][AIV_26][pid 127370] exit success!
[SUCCESS][AIV_27][pid 127371] exit success!
[SUCCESS][AIC_14][pid 127372] exit success!
[SUCCESS][AIV_28][pid 127373] exit success!
[SUCCESS][AIV_29][pid 127374] exit success!
[SUCCESS][AIC_15][pid 127375] exit success!
[SUCCESS][AIV_30][pid 127376] exit success!
[SUCCESS][AIV_31][pid 127377] exit success!
[SUCCESS][AIC_16][pid 127378] exit success!
[SUCCESS][AIV_32][pid 127379] exit success!
[SUCCESS][AIV_33][pid 127380] exit success!
[SUCCESS][AIC_17][pid 127381] exit success!
[SUCCESS][AIV_34][pid 127382] exit success!
[SUCCESS][AIV_35][pid 127383] exit success!
[SUCCESS][AIC_18][pid 127384] exit success!
[SUCCESS][AIV_36][pid 127385] exit success!
[SUCCESS][AIV_37][pid 127386] exit success!
[SUCCESS][AIC_19][pid 127387] exit success!
[SUCCESS][AIV_38][pid 127388] exit success!
[SUCCESS][AIV_39][pid 127389] exit success!
splits=20 empty_segments=21
[TmSim]: Run in serial mode.
[TmSim]: Run in serial mode.
[SUCCESS][CORE_0][pid 127391] exit success!
[SUCCESS][CORE_1][pid 127392] exit success!
[TmSim]: Run in serial mode.
[TmSim]: Run in serial mode.
[SUCCESS][CORE_2][pid 127393] exit success!
[SUCCESS][CORE_3][pid 127394] exit success!
max_abs=3.57628e-07 file=/home/sunao2000.linux/gpt_new_oscar/artifacts/cv_cpu_cases/d64_q4_c65_s20/expected_output.bin
max_abs=4.76837e-07 file=/home/sunao2000.linux/gpt_new_oscar/artifacts/cv_cpu_cases/d64_q4_c65_s20/expected_lse.bin
{"backend":"ascendc_cpu_debug","op":"attention_cv","status":"passed"}
RESULT {"phase": "014-attention_cv", "command": ["/home/sunao2000.linux/gpt_new_oscar/build/cpu/oscar_cv_cpu", "attention_cv", "/home/sunao2000.linux/gpt_new_oscar/artifacts/cv_cpu_cases/d64_q4_c65_s20"], "returncode": 0, "elapsed_seconds": 3.342828, "timed_out": false, "interrupted": false, "log": "/home/sunao2000.linux/gpt_new_oscar/logs/vm-cv/014-attention_cv.log", "cleanup_complete": true}
[oscar] PASSED phase=014-attention_cv rc=0 log=logs/vm-cv/014-attention_cv.log
START phase=015-attention_cv cwd=/home/sunao2000.linux/gpt_new_oscar command=["/home/sunao2000.linux/gpt_new_oscar/build/cpu/oscar_cv_cpu", "attention_cv", "/home/sunao2000.linux/gpt_new_oscar/artifacts/cv_cpu_cases/d256_q4_c511_s20"]
[TmSim]: Run in serial mode.
[TmSim]: Run in serial mode.
[TmSim]: Run in serial mode.
[TmSim]: Run in serial mode.
[SUCCESS][CORE_0][pid 127397] exit success!
[SUCCESS][CORE_1][pid 127398] exit success!
[SUCCESS][CORE_2][pid 127399] exit success!
[SUCCESS][CORE_3][pid 127400] exit success!
[TmSim]: Run in serial mode.
[TmSim]: Run in serial mode.
[TmSim]: Run in serial mode.
[TmSim]: Run in serial mode.
[SUCCESS][CORE_0][pid 127401] exit success!
[SUCCESS][CORE_1][pid 127402] exit success!
[SUCCESS][CORE_2][pid 127403] exit success!
[SUCCESS][CORE_3][pid 127404] exit success!
metadata padded request and changed-slot cases passed
[TmSim]: Run in serial mode.
[TmSim]: Run in serial mode.
[TmSim]: Run in serial mode.
[TmSim]: Run in serial mode.
[SUCCESS][CORE_0][pid 127405] exit success!
[SUCCESS][CORE_1][pid 127406] exit success!
[SUCCESS][CORE_2][pid 127407] exit success!
[SUCCESS][CORE_3][pid 127408] exit success!
[TmSim]: Run in serial mode.
[TmSim]: Run in serial mode.
[TmSim]: Run in serial mode.
[TmSim]: Run in serial mode.
[SUCCESS][CORE_0][pid 127409] exit success!
[SUCCESS][CORE_1][pid 127410] exit success!
[SUCCESS][CORE_2][pid 127411] exit success!
[SUCCESS][CORE_3][pid 127412] exit success!
[TmSim]: Run in serial mode.
[TmSim]: Run in serial mode.
[TmSim]: Run in serial mode.
[TmSim]: Run in serial mode.
[SUCCESS][CORE_0][pid 127413] exit success!
[SUCCESS][CORE_1][pid 127414] exit success!
[SUCCESS][CORE_2][pid 127415] exit success!
[SUCCESS][CORE_3][pid 127416] exit success!
MTP slot-derived context, duplicate and missing page cases passed
[TmSim]: Run in serial mode.
[TmSim]: Run in serial mode.
[TmSim]: Run in serial mode.
[TmSim]: Run in serial mode.
[SUCCESS][CORE_0][pid 127417] exit success!
[SUCCESS][CORE_1][pid 127418] exit success!
[SUCCESS][CORE_2][pid 127419] exit success!
[SUCCESS][CORE_3][pid 127420] exit success!
[TmSim]: Run in serial mode.
[TmSim]: Run in serial mode.
[TmSim]: Run in serial mode.
[TmSim]: Run in serial mode.
[TmSim]: Run in serial mode.
[TmSim]: Run in serial mode.
[TmSim]: Run in serial mode.
[TmSim]: Run in serial mode.
[TmSim]: Run in serial mode.
[TmSim]: Run in serial mode.
[TmSim]: Run in serial mode.
[TmSim]: Run in serial mode.
[TmSim]: Run in serial mode.
[TmSim]: Run in serial mode.
[TmSim]: Run in serial mode.
[TmSim]: Run in serial mode.
[TmSim]: Run in serial mode.
[TmSim]: Run in serial mode.
[TmSim]: Run in serial mode.
[TmSim]: Run in serial mode.
[TmSim]: Run in serial mode.
[TmSim]: Run in serial mode.
[TmSim]: Run in serial mode.
[TmSim]: Run in serial mode.
[TmSim]: Run in serial mode.
[TmSim]: Run in serial mode.
[TmSim]: Run in serial mode.
[TmSim]: Run in serial mode.
[TmSim]: Run in serial mode.
[TmSim]: Run in serial mode.
[TmSim]: Run in serial mode.
[TmSim]: Run in serial mode.
[TmSim]: Run in serial mode.
[TmSim]: Run in serial mode.
[TmSim]: Run in serial mode.
[TmSim]: Run in serial mode.
[TmSim]: Run in serial mode.
[TmSim]: Run in serial mode.
[TmSim]: Run in serial mode.
[TmSim]: Run in serial mode.
[TmSim]: Run in serial mode.
[TmSim]: Run in serial mode.
[TmSim]: Run in serial mode.
[TmSim]: Run in serial mode.
[TmSim]: Run in serial mode.
[TmSim]: Run in serial mode.
[TmSim]: Run in serial mode.
[TmSim]: Run in serial mode.
[TmSim]: Run in serial mode.
[TmSim]: Run in serial mode.
[TmSim]: Run in serial mode.
[TmSim]: Run in serial mode.
[TmSim]: Run in serial mode.
[TmSim]: Run in serial mode.
[TmSim]: Run in serial mode.
[TmSim]: Run in serial mode.
[TmSim]: Run in serial mode.
[TmSim]: Run in serial mode.
[SUCCESS][AIC_0][pid 127421] exit success!
[TmSim]: Run in serial mode.
[TmSim]: Run in serial mode.
[SUCCESS][AIV_0][pid 127422] exit success!
[SUCCESS][AIV_1][pid 127423] exit success!
[SUCCESS][AIC_1][pid 127424] exit success!
[SUCCESS][AIV_2][pid 127425] exit success!
[SUCCESS][AIV_3][pid 127426] exit success!
[SUCCESS][AIC_2][pid 127427] exit success!
[SUCCESS][AIV_4][pid 127428] exit success!
[SUCCESS][AIV_5][pid 127429] exit success!
[SUCCESS][AIC_3][pid 127430] exit success!
[SUCCESS][AIV_6][pid 127431] exit success!
[SUCCESS][AIV_7][pid 127432] exit success!
[SUCCESS][AIC_4][pid 127433] exit success!
[SUCCESS][AIV_8][pid 127434] exit success!
[SUCCESS][AIV_9][pid 127435] exit success!
[SUCCESS][AIC_5][pid 127436] exit success!
[SUCCESS][AIV_10][pid 127437] exit success!
[SUCCESS][AIV_11][pid 127438] exit success!
[SUCCESS][AIC_6][pid 127439] exit success!
[SUCCESS][AIV_12][pid 127440] exit success!
[SUCCESS][AIV_13][pid 127441] exit success!
[SUCCESS][AIC_7][pid 127442] exit success!
[SUCCESS][AIV_14][pid 127443] exit success!
[SUCCESS][AIV_15][pid 127444] exit success!
[SUCCESS][AIC_8][pid 127445] exit success!
[SUCCESS][AIV_16][pid 127446] exit success!
[SUCCESS][AIV_17][pid 127447] exit success!
[SUCCESS][AIC_9][pid 127448] exit success!
[SUCCESS][AIV_18][pid 127449] exit success!
[SUCCESS][AIV_19][pid 127450] exit success!
[SUCCESS][AIC_10][pid 127451] exit success!
[SUCCESS][AIV_20][pid 127452] exit success!
[SUCCESS][AIV_21][pid 127453] exit success!
[SUCCESS][AIC_11][pid 127454] exit success!
[SUCCESS][AIV_22][pid 127455] exit success!
[SUCCESS][AIV_23][pid 127456] exit success!
[SUCCESS][AIC_12][pid 127457] exit success!
[SUCCESS][AIV_24][pid 127458] exit success!
[SUCCESS][AIV_25][pid 127459] exit success!
[SUCCESS][AIC_13][pid 127460] exit success!
[SUCCESS][AIV_26][pid 127461] exit success!
[SUCCESS][AIV_27][pid 127462] exit success!
[SUCCESS][AIC_14][pid 127463] exit success!
[SUCCESS][AIV_28][pid 127464] exit success!
[SUCCESS][AIV_29][pid 127465] exit success!
[SUCCESS][AIC_15][pid 127466] exit success!
[SUCCESS][AIV_30][pid 127467] exit success!
[SUCCESS][AIV_31][pid 127468] exit success!
[SUCCESS][AIC_16][pid 127469] exit success!
[SUCCESS][AIV_32][pid 127470] exit success!
[SUCCESS][AIV_33][pid 127471] exit success!
[SUCCESS][AIC_17][pid 127472] exit success!
[SUCCESS][AIV_34][pid 127473] exit success!
[SUCCESS][AIV_35][pid 127474] exit success!
[SUCCESS][AIC_18][pid 127475] exit success!
[SUCCESS][AIV_36][pid 127476] exit success!
[SUCCESS][AIV_37][pid 127477] exit success!
[SUCCESS][AIC_19][pid 127478] exit success!
[SUCCESS][AIV_38][pid 127479] exit success!
[SUCCESS][AIV_39][pid 127480] exit success!
splits=20 empty_segments=18
[TmSim]: Run in serial mode.
[SUCCESS][CORE_0][pid 127483] exit success!
[TmSim]: Run in serial mode.
[TmSim]: Run in serial mode.
[TmSim]: Run in serial mode.
[SUCCESS][CORE_1][pid 127484] exit success!
[SUCCESS][CORE_2][pid 127485] exit success!
[SUCCESS][CORE_3][pid 127486] exit success!
max_abs=8.9407e-07 file=/home/sunao2000.linux/gpt_new_oscar/artifacts/cv_cpu_cases/d256_q4_c511_s20/expected_output.bin
max_abs=4.76837e-07 file=/home/sunao2000.linux/gpt_new_oscar/artifacts/cv_cpu_cases/d256_q4_c511_s20/expected_lse.bin
{"backend":"ascendc_cpu_debug","op":"attention_cv","status":"passed"}
RESULT {"phase": "015-attention_cv", "command": ["/home/sunao2000.linux/gpt_new_oscar/build/cpu/oscar_cv_cpu", "attention_cv", "/home/sunao2000.linux/gpt_new_oscar/artifacts/cv_cpu_cases/d256_q4_c511_s20"], "returncode": 0, "elapsed_seconds": 6.587936, "timed_out": false, "interrupted": false, "log": "/home/sunao2000.linux/gpt_new_oscar/logs/vm-cv/015-attention_cv.log", "cleanup_complete": true}
[oscar] PASSED phase=015-attention_cv rc=0 log=logs/vm-cv/015-attention_cv.log
START phase=016-attention_cv cwd=/home/sunao2000.linux/gpt_new_oscar command=["/home/sunao2000.linux/gpt_new_oscar/build/cpu/oscar_cv_cpu", "attention_cv", "/home/sunao2000.linux/gpt_new_oscar/artifacts/cv_cpu_cases/d64_q4_c0_s20"]
[TmSim]: Run in serial mode.
[TmSim]: Run in serial mode.
[TmSim]: Run in serial mode.
[SUCCESS][CORE_0][pid 127490] exit success!
[SUCCESS][CORE_1][pid 127491] exit success!
[SUCCESS][CORE_2][pid 127492] exit success!
[TmSim]: Run in serial mode.
[SUCCESS][CORE_3][pid 127493] exit success!
[TmSim]: Run in serial mode.
[TmSim]: Run in serial mode.
[TmSim]: Run in serial mode.
[TmSim]: Run in serial mode.
[SUCCESS][CORE_0][pid 127494] exit success!
[SUCCESS][CORE_1][pid 127495] exit success!
[SUCCESS][CORE_2][pid 127496] exit success!
[SUCCESS][CORE_3][pid 127497] exit success!
metadata padded request and changed-slot cases passed
[TmSim]: Run in serial mode.
[TmSim]: Run in serial mode.
[TmSim]: Run in serial mode.
[TmSim]: Run in serial mode.
[SUCCESS][CORE_0][pid 127498] exit success!
[SUCCESS][CORE_1][pid 127499] exit success!
[SUCCESS][CORE_2][pid 127500] exit success!
[SUCCESS][CORE_3][pid 127501] exit success!
[TmSim]: Run in serial mode.
[TmSim]: Run in serial mode.
[TmSim]: Run in serial mode.
[SUCCESS][CORE_0][pid 127502] exit success!
[TmSim]: Run in serial mode.
[SUCCESS][CORE_1][pid 127503] exit success!
[SUCCESS][CORE_2][pid 127504] exit success!
[SUCCESS][CORE_3][pid 127505] exit success!
[TmSim]: Run in serial mode.
[TmSim]: Run in serial mode.
[TmSim]: Run in serial mode.
[TmSim]: Run in serial mode.
[SUCCESS][CORE_0][pid 127506] exit success!
[SUCCESS][CORE_1][pid 127507] exit success!
[SUCCESS][CORE_2][pid 127508] exit success!
[SUCCESS][CORE_3][pid 127509] exit success!
MTP slot-derived context, duplicate and missing page cases passed
[TmSim]: Run in serial mode.
[TmSim]: Run in serial mode.
[TmSim]: Run in serial mode.
[SUCCESS][CORE_0][pid 127510] exit success!
[SUCCESS][CORE_1][pid 127511] exit success!
[SUCCESS][CORE_2][pid 127512] exit success!
[TmSim]: Run in serial mode.
[SUCCESS][CORE_3][pid 127513] exit success!
[TmSim]: Run in serial mode.
[TmSim]: Run in serial mode.
[TmSim]: Run in serial mode.
[TmSim]: Run in serial mode.
[TmSim]: Run in serial mode.
[TmSim]: Run in serial mode.
[TmSim]: Run in serial mode.
[TmSim]: Run in serial mode.
[TmSim]: Run in serial mode.
[TmSim]: Run in serial mode.
[TmSim]: Run in serial mode.
[TmSim]: Run in serial mode.
[TmSim]: Run in serial mode.
[TmSim]: Run in serial mode.
[TmSim]: Run in serial mode.
[TmSim]: Run in serial mode.
[TmSim]: Run in serial mode.
[TmSim]: Run in serial mode.
[TmSim]: Run in serial mode.
[TmSim]: Run in serial mode.
[TmSim]: Run in serial mode.
[TmSim]: Run in serial mode.
[TmSim]: Run in serial mode.
[TmSim]: Run in serial mode.
[TmSim]: Run in serial mode.
[TmSim]: Run in serial mode.
[TmSim]: Run in serial mode.
[TmSim]: Run in serial mode.
[TmSim]: Run in serial mode.
[TmSim]: Run in serial mode.
[TmSim]: Run in serial mode.
[TmSim]: Run in serial mode.
[TmSim]: Run in serial mode.
[TmSim]: Run in serial mode.
[TmSim]: Run in serial mode.
[TmSim]: Run in serial mode.
[TmSim]: Run in serial mode.
[TmSim]: Run in serial mode.
[TmSim]: Run in serial mode.
[TmSim]: Run in serial mode.
[TmSim]: Run in serial mode.
[TmSim]: Run in serial mode.
[TmSim]: Run in serial mode.
[TmSim]: Run in serial mode.
[TmSim]: Run in serial mode.
[SUCCESS][AIC_0][pid 127514] exit success!
[TmSim]: Run in serial mode.
[TmSim]: Run in serial mode.
[TmSim]: Run in serial mode.
[TmSim]: Run in serial mode.
[TmSim]: Run in serial mode.
[TmSim]: Run in serial mode.
[TmSim]: Run in serial mode.
[TmSim]: Run in serial mode.
[TmSim]: Run in serial mode.
[TmSim]: Run in serial mode.
[TmSim]: Run in serial mode.
[TmSim]: Run in serial mode.
[SUCCESS][AIV_0][pid 127515] exit success!
[SUCCESS][AIV_1][pid 127516] exit success!
[SUCCESS][AIC_1][pid 127517] exit success!
[TmSim]: Run in serial mode.
[TmSim]: Run in serial mode.
[SUCCESS][AIV_2][pid 127518] exit success!
[SUCCESS][AIV_3][pid 127519] exit success!
[SUCCESS][AIC_2][pid 127520] exit success!
[SUCCESS][AIV_4][pid 127521] exit success!
[SUCCESS][AIV_5][pid 127522] exit success!
[SUCCESS][AIC_3][pid 127523] exit success!
[TmSim]: Run in serial mode.
[SUCCESS][AIV_6][pid 127524] exit success!
[SUCCESS][AIV_7][pid 127525] exit success!
[SUCCESS][AIC_4][pid 127526] exit success!
[SUCCESS][AIV_8][pid 127527] exit success!
[SUCCESS][AIV_9][pid 127528] exit success!
[SUCCESS][AIC_5][pid 127529] exit success!
[SUCCESS][AIV_10][pid 127530] exit success!
[SUCCESS][AIV_11][pid 127531] exit success!
[SUCCESS][AIC_6][pid 127532] exit success!
[SUCCESS][AIV_12][pid 127533] exit success!
[SUCCESS][AIV_13][pid 127534] exit success!
[SUCCESS][AIC_7][pid 127535] exit success!
[SUCCESS][AIV_14][pid 127536] exit success!
[SUCCESS][AIV_15][pid 127537] exit success!
[SUCCESS][AIC_8][pid 127538] exit success!
[SUCCESS][AIV_16][pid 127539] exit success!
[SUCCESS][AIV_17][pid 127540] exit success!
[SUCCESS][AIC_9][pid 127541] exit success!
[SUCCESS][AIV_18][pid 127542] exit success!
[SUCCESS][AIV_19][pid 127543] exit success!
[SUCCESS][AIC_10][pid 127544] exit success!
[SUCCESS][AIV_20][pid 127545] exit success!
[SUCCESS][AIV_21][pid 127546] exit success!
[SUCCESS][AIC_11][pid 127547] exit success!
[SUCCESS][AIV_22][pid 127548] exit success!
[SUCCESS][AIV_23][pid 127549] exit success!
[SUCCESS][AIC_12][pid 127550] exit success!
[SUCCESS][AIV_24][pid 127551] exit success!
[SUCCESS][AIV_25][pid 127552] exit success!
[SUCCESS][AIC_13][pid 127553] exit success!
[SUCCESS][AIV_26][pid 127554] exit success!
[SUCCESS][AIV_27][pid 127555] exit success!
[SUCCESS][AIC_14][pid 127556] exit success!
[SUCCESS][AIV_28][pid 127557] exit success!
[SUCCESS][AIV_29][pid 127558] exit success!
[SUCCESS][AIC_15][pid 127559] exit success!
[SUCCESS][AIV_30][pid 127560] exit success!
[SUCCESS][AIV_31][pid 127561] exit success!
[SUCCESS][AIC_16][pid 127562] exit success!
[SUCCESS][AIV_32][pid 127563] exit success!
[SUCCESS][AIV_33][pid 127564] exit success!
[SUCCESS][AIC_17][pid 127565] exit success!
[SUCCESS][AIV_34][pid 127566] exit success!
[SUCCESS][AIV_35][pid 127567] exit success!
[SUCCESS][AIC_18][pid 127568] exit success!
[SUCCESS][AIV_36][pid 127569] exit success!
[SUCCESS][AIV_37][pid 127570] exit success!
[SUCCESS][AIC_19][pid 127571] exit success!
[SUCCESS][AIV_38][pid 127572] exit success!
[SUCCESS][AIV_39][pid 127573] exit success!
splits=20 empty_segments=56
[TmSim]: Run in serial mode.
[TmSim]: Run in serial mode.
[SUCCESS][CORE_0][pid 127574] exit success!
[TmSim]: Run in serial mode.
[SUCCESS][CORE_1][pid 127575] exit success!
[TmSim]: Run in serial mode.
[SUCCESS][CORE_2][pid 127576] exit success!
[SUCCESS][CORE_3][pid 127577] exit success!
max_abs=2.38419e-07 file=/home/sunao2000.linux/gpt_new_oscar/artifacts/cv_cpu_cases/d64_q4_c0_s20/expected_output.bin
max_abs=2.38419e-07 file=/home/sunao2000.linux/gpt_new_oscar/artifacts/cv_cpu_cases/d64_q4_c0_s20/expected_lse.bin
{"backend":"ascendc_cpu_debug","op":"attention_cv","status":"passed"}
RESULT {"phase": "016-attention_cv", "command": ["/home/sunao2000.linux/gpt_new_oscar/build/cpu/oscar_cv_cpu", "attention_cv", "/home/sunao2000.linux/gpt_new_oscar/artifacts/cv_cpu_cases/d64_q4_c0_s20"], "returncode": 0, "elapsed_seconds": 1.338376, "timed_out": false, "interrupted": false, "log": "/home/sunao2000.linux/gpt_new_oscar/logs/vm-cv/016-attention_cv.log", "cleanup_complete": true}
[oscar] PASSED phase=016-attention_cv rc=0 log=logs/vm-cv/016-attention_cv.log
START phase=017-attention_cv cwd=/home/sunao2000.linux/gpt_new_oscar command=["/home/sunao2000.linux/gpt_new_oscar/build/cpu/oscar_cv_cpu", "attention_cv", "/home/sunao2000.linux/gpt_new_oscar/artifacts/cv_cpu_cases/d128_q4_c511_s7"]
[TmSim]: Run in serial mode.
[TmSim]: Run in serial mode.
[TmSim]: Run in serial mode.
[SUCCESS][CORE_0][pid 127580] exit success!
[SUCCESS][CORE_1][pid 127581] exit success!
[SUCCESS][CORE_2][pid 127582] exit success!
[TmSim]: Run in serial mode.
[SUCCESS][CORE_3][pid 127583] exit success!
[TmSim]: Run in serial mode.
[TmSim]: Run in serial mode.
[TmSim]: Run in serial mode.
[TmSim]: Run in serial mode.
[SUCCESS][CORE_0][pid 127584] exit success!
[SUCCESS][CORE_1][pid 127585] exit success!
[SUCCESS][CORE_2][pid 127586] exit success!
[SUCCESS][CORE_3][pid 127587] exit success!
metadata padded request and changed-slot cases passed
[TmSim]: Run in serial mode.
[TmSim]: Run in serial mode.
[TmSim]: Run in serial mode.
[TmSim]: Run in serial mode.
[SUCCESS][CORE_0][pid 127588] exit success!
[SUCCESS][CORE_1][pid 127589] exit success!
[SUCCESS][CORE_2][pid 127590] exit success!
[SUCCESS][CORE_3][pid 127591] exit success!
[TmSim]: Run in serial mode.
[TmSim]: Run in serial mode.
[TmSim]: Run in serial mode.
[TmSim]: Run in serial mode.
[SUCCESS][CORE_0][pid 127592] exit success!
[SUCCESS][CORE_1][pid 127593] exit success!
[SUCCESS][CORE_2][pid 127594] exit success!
[SUCCESS][CORE_3][pid 127595] exit success!
[TmSim]: Run in serial mode.
[TmSim]: Run in serial mode.
[TmSim]: Run in serial mode.
[TmSim]: Run in serial mode.
[SUCCESS][CORE_0][pid 127596] exit success!
[SUCCESS][CORE_1][pid 127597] exit success!
[SUCCESS][CORE_2][pid 127598] exit success!
[SUCCESS][CORE_3][pid 127599] exit success!
MTP slot-derived context, duplicate and missing page cases passed
[TmSim]: Run in serial mode.
[TmSim]: Run in serial mode.
[TmSim]: Run in serial mode.
[TmSim]: Run in serial mode.
[SUCCESS][CORE_0][pid 127600] exit success!
[SUCCESS][CORE_1][pid 127601] exit success!
[SUCCESS][CORE_2][pid 127602] exit success!
[SUCCESS][CORE_3][pid 127603] exit success!
[TmSim]: Run in serial mode.
[TmSim]: Run in serial mode.
[TmSim]: Run in serial mode.
[TmSim]: Run in serial mode.
[TmSim]: Run in serial mode.
[TmSim]: Run in serial mode.
[TmSim]: Run in serial mode.
[TmSim]: Run in serial mode.
[TmSim]: Run in serial mode.
[TmSim]: Run in serial mode.
[TmSim]: Run in serial mode.
[TmSim]: Run in serial mode.
[TmSim]: Run in serial mode.
[TmSim]: Run in serial mode.
[TmSim]: Run in serial mode.
[TmSim]: Run in serial mode.
[TmSim]: Run in serial mode.
[TmSim]: Run in serial mode.
[TmSim]: Run in serial mode.
[TmSim]: Run in serial mode.
[TmSim]: Run in serial mode.
[TmSim]: Run in serial mode.
[TmSim]: Run in serial mode.
[TmSim]: Run in serial mode.
[TmSim]: Run in serial mode.
[TmSim]: Run in serial mode.
[TmSim]: Run in serial mode.
[TmSim]: Run in serial mode.
[TmSim]: Run in serial mode.
[TmSim]: Run in serial mode.
[TmSim]: Run in serial mode.
[TmSim]: Run in serial mode.
[TmSim]: Run in serial mode.
[TmSim]: Run in serial mode.
[TmSim]: Run in serial mode.
[TmSim]: Run in serial mode.
[TmSim]: Run in serial mode.
[TmSim]: Run in serial mode.
[TmSim]: Run in serial mode.
[TmSim]: Run in serial mode.
[TmSim]: Run in serial mode.
[SUCCESS][AIC_0][pid 127604] exit success!
[TmSim]: Run in serial mode.
[TmSim]: Run in serial mode.
[TmSim]: Run in serial mode.
[TmSim]: Run in serial mode.
[TmSim]: Run in serial mode.
[TmSim]: Run in serial mode.
[TmSim]: Run in serial mode.
[TmSim]: Run in serial mode.
[TmSim]: Run in serial mode.
[TmSim]: Run in serial mode.
[TmSim]: Run in serial mode.
[TmSim]: Run in serial mode.
[TmSim]: Run in serial mode.
[TmSim]: Run in serial mode.
[TmSim]: Run in serial mode.
[TmSim]: Run in serial mode.
[TmSim]: Run in serial mode.
[TmSim]: Run in serial mode.
[TmSim]: Run in serial mode.
[SUCCESS][AIV_0][pid 127605] exit success!
[SUCCESS][AIV_1][pid 127606] exit success!
[SUCCESS][AIC_1][pid 127607] exit success!
[SUCCESS][AIV_2][pid 127608] exit success!
[SUCCESS][AIV_3][pid 127609] exit success!
[SUCCESS][AIC_2][pid 127610] exit success!
[SUCCESS][AIV_4][pid 127611] exit success!
[SUCCESS][AIV_5][pid 127612] exit success!
[SUCCESS][AIC_3][pid 127613] exit success!
[SUCCESS][AIV_6][pid 127614] exit success!
[SUCCESS][AIV_7][pid 127615] exit success!
[SUCCESS][AIC_4][pid 127616] exit success!
[SUCCESS][AIV_8][pid 127617] exit success!
[SUCCESS][AIV_9][pid 127618] exit success!
[SUCCESS][AIC_5][pid 127619] exit success!
[SUCCESS][AIV_10][pid 127620] exit success!
[SUCCESS][AIV_11][pid 127621] exit success!
[SUCCESS][AIC_6][pid 127622] exit success!
[SUCCESS][AIV_12][pid 127623] exit success!
[SUCCESS][AIV_13][pid 127624] exit success!
[SUCCESS][AIC_7][pid 127625] exit success!
[SUCCESS][AIV_14][pid 127626] exit success!
[SUCCESS][AIV_15][pid 127627] exit success!
[SUCCESS][AIC_8][pid 127628] exit success!
[SUCCESS][AIV_16][pid 127629] exit success!
[SUCCESS][AIV_17][pid 127630] exit success!
[SUCCESS][AIC_9][pid 127631] exit success!
[SUCCESS][AIV_18][pid 127632] exit success!
[SUCCESS][AIV_19][pid 127633] exit success!
[SUCCESS][AIC_10][pid 127634] exit success!
[SUCCESS][AIV_20][pid 127635] exit success!
[SUCCESS][AIV_21][pid 127636] exit success!
[SUCCESS][AIC_11][pid 127637] exit success!
[SUCCESS][AIV_22][pid 127638] exit success!
[SUCCESS][AIV_23][pid 127639] exit success!
[SUCCESS][AIC_12][pid 127640] exit success!
[SUCCESS][AIV_24][pid 127641] exit success!
[SUCCESS][AIV_25][pid 127642] exit success!
[SUCCESS][AIC_13][pid 127643] exit success!
[SUCCESS][AIV_26][pid 127644] exit success!
[SUCCESS][AIV_27][pid 127645] exit success!
[SUCCESS][AIC_14][pid 127646] exit success!
[SUCCESS][AIV_28][pid 127647] exit success!
[SUCCESS][AIV_29][pid 127648] exit success!
[SUCCESS][AIC_15][pid 127649] exit success!
[SUCCESS][AIV_30][pid 127650] exit success!
[SUCCESS][AIV_31][pid 127651] exit success!
[SUCCESS][AIC_16][pid 127652] exit success!
[SUCCESS][AIV_32][pid 127653] exit success!
[SUCCESS][AIV_33][pid 127654] exit success!
[SUCCESS][AIC_17][pid 127655] exit success!
[SUCCESS][AIV_34][pid 127656] exit success!
[SUCCESS][AIV_35][pid 127657] exit success!
[SUCCESS][AIC_18][pid 127658] exit success!
[SUCCESS][AIV_36][pid 127659] exit success!
[SUCCESS][AIV_37][pid 127660] exit success!
[SUCCESS][AIC_19][pid 127661] exit success!
[SUCCESS][AIV_38][pid 127662] exit success!
[SUCCESS][AIV_39][pid 127663] exit success!
splits=7 empty_segments=3
[TmSim]: Run in serial mode.
[SUCCESS][CORE_0][pid 127665] exit success!
[TmSim]: Run in serial mode.
[TmSim]: Run in serial mode.
[SUCCESS][CORE_1][pid 127666] exit success!
[TmSim]: Run in serial mode.
[SUCCESS][CORE_2][pid 127667] exit success!
[SUCCESS][CORE_3][pid 127668] exit success!
max_abs=3.68804e-07 file=/home/sunao2000.linux/gpt_new_oscar/artifacts/cv_cpu_cases/d128_q4_c511_s7/expected_output.bin
max_abs=4.76837e-07 file=/home/sunao2000.linux/gpt_new_oscar/artifacts/cv_cpu_cases/d128_q4_c511_s7/expected_lse.bin
{"backend":"ascendc_cpu_debug","op":"attention_cv","status":"passed"}
RESULT {"phase": "017-attention_cv", "command": ["/home/sunao2000.linux/gpt_new_oscar/build/cpu/oscar_cv_cpu", "attention_cv", "/home/sunao2000.linux/gpt_new_oscar/artifacts/cv_cpu_cases/d128_q4_c511_s7"], "returncode": 0, "elapsed_seconds": 2.651747, "timed_out": false, "interrupted": false, "log": "/home/sunao2000.linux/gpt_new_oscar/logs/vm-cv/017-attention_cv.log", "cleanup_complete": true}
[oscar] PASSED phase=017-attention_cv rc=0 log=logs/vm-cv/017-attention_cv.log
START phase=018-attention_cv cwd=/home/sunao2000.linux/gpt_new_oscar command=["/home/sunao2000.linux/gpt_new_oscar/build/cpu/oscar_cv_cpu", "attention_cv", "/home/sunao2000.linux/gpt_new_oscar/artifacts/cv_cpu_cases/d64_mixed_q1q4"]
[TmSim]: Run in serial mode.
[TmSim]: Run in serial mode.
[TmSim]: Run in serial mode.
[TmSim]: Run in serial mode.
[SUCCESS][CORE_0][pid 127671] exit success!
[SUCCESS][CORE_1][pid 127672] exit success!
[SUCCESS][CORE_2][pid 127673] exit success!
[SUCCESS][CORE_3][pid 127674] exit success!
[TmSim]: Run in serial mode.
[TmSim]: Run in serial mode.
[TmSim]: Run in serial mode.
[TmSim]: Run in serial mode.
[SUCCESS][CORE_0][pid 127675] exit success!
[SUCCESS][CORE_1][pid 127676] exit success!
[SUCCESS][CORE_2][pid 127677] exit success!
[SUCCESS][CORE_3][pid 127678] exit success!
metadata padded request and changed-slot cases passed
[TmSim]: Run in serial mode.
[TmSim]: Run in serial mode.
[TmSim]: Run in serial mode.
[TmSim]: Run in serial mode.
[SUCCESS][CORE_0][pid 127679] exit success!
[SUCCESS][CORE_1][pid 127680] exit success!
[SUCCESS][CORE_2][pid 127681] exit success!
[SUCCESS][CORE_3][pid 127682] exit success!
[TmSim]: Run in serial mode.
[TmSim]: Run in serial mode.
[TmSim]: Run in serial mode.
[TmSim]: Run in serial mode.
[SUCCESS][CORE_0][pid 127683] exit success!
[SUCCESS][CORE_1][pid 127684] exit success!
[SUCCESS][CORE_2][pid 127685] exit success!
[SUCCESS][CORE_3][pid 127686] exit success!
[TmSim]: Run in serial mode.
[TmSim]: Run in serial mode.
[TmSim]: Run in serial mode.
[TmSim]: Run in serial mode.
[SUCCESS][CORE_0][pid 127687] exit success!
[SUCCESS][CORE_1][pid 127688] exit success!
[SUCCESS][CORE_2][pid 127689] exit success!
[SUCCESS][CORE_3][pid 127690] exit success!
MTP slot-derived context, duplicate and missing page cases passed
[TmSim]: Run in serial mode.
[TmSim]: Run in serial mode.
[TmSim]: Run in serial mode.
[TmSim]: Run in serial mode.
[SUCCESS][CORE_0][pid 127691] exit success!
[SUCCESS][CORE_1][pid 127692] exit success!
[SUCCESS][CORE_2][pid 127693] exit success!
[SUCCESS][CORE_3][pid 127694] exit success!
[TmSim]: Run in serial mode.
[TmSim]: Run in serial mode.
[TmSim]: Run in serial mode.
[TmSim]: Run in serial mode.
[SUCCESS][AIC_0][pid 127695] exit success!
[TmSim]: Run in serial mode.
[TmSim]: Run in serial mode.
[SUCCESS][AIV_0][pid 127696] exit success!
[SUCCESS][AIV_1][pid 127697] exit success!
[SUCCESS][AIC_1][pid 127698] exit success!
[SUCCESS][AIV_2][pid 127699] exit success!
[SUCCESS][AIV_3][pid 127700] exit success!
splits=1 empty_segments=1
[TmSim]: Run in serial mode.
[TmSim]: Run in serial mode.
[TmSim]: Run in serial mode.
[TmSim]: Run in serial mode.
[SUCCESS][CORE_0][pid 127701] exit success!
[SUCCESS][CORE_1][pid 127702] exit success!
[SUCCESS][CORE_2][pid 127703] exit success!
[SUCCESS][CORE_3][pid 127704] exit success!
max_abs=4.17233e-07 file=/home/sunao2000.linux/gpt_new_oscar/artifacts/cv_cpu_cases/d64_mixed_q1q4/expected_output.bin
max_abs=4.76837e-07 file=/home/sunao2000.linux/gpt_new_oscar/artifacts/cv_cpu_cases/d64_mixed_q1q4/expected_lse.bin
{"backend":"ascendc_cpu_debug","op":"attention_cv","status":"passed"}
RESULT {"phase": "018-attention_cv", "command": ["/home/sunao2000.linux/gpt_new_oscar/build/cpu/oscar_cv_cpu", "attention_cv", "/home/sunao2000.linux/gpt_new_oscar/artifacts/cv_cpu_cases/d64_mixed_q1q4"], "returncode": 0, "elapsed_seconds": 1.270626, "timed_out": false, "interrupted": false, "log": "/home/sunao2000.linux/gpt_new_oscar/logs/vm-cv/018-attention_cv.log", "cleanup_complete": true}
[oscar] PASSED phase=018-attention_cv rc=0 log=logs/vm-cv/018-attention_cv.log
START phase=019-bad_tag cwd=/home/sunao2000.linux/gpt_new_oscar command=["/home/sunao2000.linux/gpt_new_oscar/build/cpu/oscar_cv_cpu", "bad_tag", "/home/sunao2000.linux/gpt_new_oscar/artifacts/cv_cpu_cases/d64_q4_c65"]
[TmSim]: Run in serial mode.
[TmSim]: Run in serial mode.
[TmSim]: Run in serial mode.
[TmSim]: Run in serial mode.
[SUCCESS][CORE_0][pid 127707] exit success!
[SUCCESS][CORE_1][pid 127708] exit success!
[SUCCESS][CORE_2][pid 127709] exit success!
[SUCCESS][CORE_3][pid 127710] exit success!
[TmSim]: Run in serial mode.
[TmSim]: Run in serial mode.
[TmSim]: Run in serial mode.
[TmSim]: Run in serial mode.
[SUCCESS][CORE_0][pid 127711] exit success!
[SUCCESS][CORE_1][pid 127712] exit success!
[SUCCESS][CORE_2][pid 127713] exit success!
[SUCCESS][CORE_3][pid 127714] exit success!
metadata padded request and changed-slot cases passed
[TmSim]: Run in serial mode.
[TmSim]: Run in serial mode.
[TmSim]: Run in serial mode.
[TmSim]: Run in serial mode.
[SUCCESS][CORE_0][pid 127715] exit success!
[SUCCESS][CORE_1][pid 127716] exit success!
[SUCCESS][CORE_2][pid 127717] exit success!
[SUCCESS][CORE_3][pid 127718] exit success!
[TmSim]: Run in serial mode.
[TmSim]: Run in serial mode.
[TmSim]: Run in serial mode.
[TmSim]: Run in serial mode.
[SUCCESS][CORE_0][pid 127719] exit success!
[SUCCESS][CORE_1][pid 127720] exit success!
[SUCCESS][CORE_2][pid 127721] exit success!
[SUCCESS][CORE_3][pid 127722] exit success!
[TmSim]: Run in serial mode.
[TmSim]: Run in serial mode.
[TmSim]: Run in serial mode.
[TmSim]: Run in serial mode.
[SUCCESS][CORE_0][pid 127723] exit success!
[SUCCESS][CORE_1][pid 127724] exit success!
[SUCCESS][CORE_2][pid 127725] exit success!
[SUCCESS][CORE_3][pid 127726] exit success!
MTP slot-derived context, duplicate and missing page cases passed
[TmSim]: Run in serial mode.
[TmSim]: Run in serial mode.
[TmSim]: Run in serial mode.
[TmSim]: Run in serial mode.
[SUCCESS][CORE_0][pid 127727] exit success!
[SUCCESS][CORE_1][pid 127728] exit success!
[SUCCESS][CORE_2][pid 127729] exit success!
[SUCCESS][CORE_3][pid 127730] exit success!
[TmSim]: Run in serial mode.
[TmSim]: Run in serial mode.
[TmSim]: Run in serial mode.
[TmSim]: Run in serial mode.
[SUCCESS][AIC_0][pid 127731] exit success!
[TmSim]: Run in serial mode.
[TmSim]: Run in serial mode.
[SUCCESS][AIV_0][pid 127732] exit success!
[SUCCESS][AIV_1][pid 127733] exit success!
[SUCCESS][AIC_1][pid 127734] exit success!
[SUCCESS][AIV_2][pid 127735] exit success!
[SUCCESS][AIV_3][pid 127736] exit success!
{"backend":"ascendc_cpu_debug","op":"bad_tag","status":"passed"}
RESULT {"phase": "019-bad_tag", "command": ["/home/sunao2000.linux/gpt_new_oscar/build/cpu/oscar_cv_cpu", "bad_tag", "/home/sunao2000.linux/gpt_new_oscar/artifacts/cv_cpu_cases/d64_q4_c65"], "returncode": 0, "elapsed_seconds": 0.931099, "timed_out": false, "interrupted": false, "log": "/home/sunao2000.linux/gpt_new_oscar/logs/vm-cv/019-bad_tag.log", "cleanup_complete": true}
[oscar] PASSED phase=019-bad_tag rc=0 log=logs/vm-cv/019-bad_tag.log
START phase=020-nan_query cwd=/home/sunao2000.linux/gpt_new_oscar command=["/home/sunao2000.linux/gpt_new_oscar/build/cpu/oscar_cv_cpu", "nan_query", "/home/sunao2000.linux/gpt_new_oscar/artifacts/cv_cpu_cases/d64_q4_c65"]
[TmSim]: Run in serial mode.
[TmSim]: Run in serial mode.
[TmSim]: Run in serial mode.
[TmSim]: Run in serial mode.
[SUCCESS][CORE_0][pid 127740] exit success!
[SUCCESS][CORE_1][pid 127741] exit success!
[SUCCESS][CORE_2][pid 127742] exit success!
[SUCCESS][CORE_3][pid 127743] exit success!
[TmSim]: Run in serial mode.
[TmSim]: Run in serial mode.
[TmSim]: Run in serial mode.
[TmSim]: Run in serial mode.
[SUCCESS][CORE_0][pid 127744] exit success!
[SUCCESS][CORE_1][pid 127745] exit success!
[SUCCESS][CORE_2][pid 127746] exit success!
[SUCCESS][CORE_3][pid 127747] exit success!
metadata padded request and changed-slot cases passed
[TmSim]: Run in serial mode.
[TmSim]: Run in serial mode.
[TmSim]: Run in serial mode.
[TmSim]: Run in serial mode.
[SUCCESS][CORE_0][pid 127748] exit success!
[SUCCESS][CORE_1][pid 127749] exit success!
[SUCCESS][CORE_2][pid 127750] exit success!
[SUCCESS][CORE_3][pid 127751] exit success!
[TmSim]: Run in serial mode.
[TmSim]: Run in serial mode.
[TmSim]: Run in serial mode.
[TmSim]: Run in serial mode.
[SUCCESS][CORE_0][pid 127752] exit success!
[SUCCESS][CORE_1][pid 127753] exit success!
[SUCCESS][CORE_2][pid 127754] exit success!
[SUCCESS][CORE_3][pid 127755] exit success!
[TmSim]: Run in serial mode.
[TmSim]: Run in serial mode.
[TmSim]: Run in serial mode.
[TmSim]: Run in serial mode.
[SUCCESS][CORE_0][pid 127756] exit success!
[SUCCESS][CORE_1][pid 127757] exit success!
[SUCCESS][CORE_2][pid 127758] exit success!
[SUCCESS][CORE_3][pid 127759] exit success!
MTP slot-derived context, duplicate and missing page cases passed
[TmSim]: Run in serial mode.
[TmSim]: Run in serial mode.
[TmSim]: Run in serial mode.
[TmSim]: Run in serial mode.
[SUCCESS][CORE_0][pid 127760] exit success!
[SUCCESS][CORE_1][pid 127761] exit success!
[SUCCESS][CORE_2][pid 127762] exit success!
[SUCCESS][CORE_3][pid 127763] exit success!
[TmSim]: Run in serial mode.
[TmSim]: Run in serial mode.
[TmSim]: Run in serial mode.
[TmSim]: Run in serial mode.
[SUCCESS][AIC_0][pid 127764] exit success!
[TmSim]: Run in serial mode.
[TmSim]: Run in serial mode.
[SUCCESS][AIV_0][pid 127765] exit success!
[SUCCESS][AIV_1][pid 127766] exit success!
[SUCCESS][AIC_1][pid 127767] exit success!
[SUCCESS][AIV_2][pid 127768] exit success!
[SUCCESS][AIV_3][pid 127769] exit success!
{"backend":"ascendc_cpu_debug","op":"nan_query","status":"passed"}
RESULT {"phase": "020-nan_query", "command": ["/home/sunao2000.linux/gpt_new_oscar/build/cpu/oscar_cv_cpu", "nan_query", "/home/sunao2000.linux/gpt_new_oscar/artifacts/cv_cpu_cases/d64_q4_c65"], "returncode": 0, "elapsed_seconds": 0.959689, "timed_out": false, "interrupted": false, "log": "/home/sunao2000.linux/gpt_new_oscar/logs/vm-cv/020-nan_query.log", "cleanup_complete": true}
[oscar] PASSED phase=020-nan_query rc=0 log=logs/vm-cv/020-nan_query.log
START phase=021-bad_meta cwd=/home/sunao2000.linux/gpt_new_oscar command=["/home/sunao2000.linux/gpt_new_oscar/build/cpu/oscar_cv_cpu", "bad_meta", "/home/sunao2000.linux/gpt_new_oscar/artifacts/cv_cpu_cases/d64_q4_c65"]
[TmSim]: Run in serial mode.
[TmSim]: Run in serial mode.
[TmSim]: Run in serial mode.
[TmSim]: Run in serial mode.
[SUCCESS][CORE_0][pid 127772] exit success!
[SUCCESS][CORE_1][pid 127773] exit success!
[SUCCESS][CORE_2][pid 127774] exit success!
[SUCCESS][CORE_3][pid 127775] exit success!
[TmSim]: Run in serial mode.
[TmSim]: Run in serial mode.
[SUCCESS][CORE_0][pid 127776] exit success!
[SUCCESS][CORE_1][pid 127777] exit success!
[TmSim]: Run in serial mode.
[TmSim]: Run in serial mode.
[SUCCESS][CORE_2][pid 127778] exit success!
[SUCCESS][CORE_3][pid 127779] exit success!
metadata padded request and changed-slot cases passed
[TmSim]: Run in serial mode.
[TmSim]: Run in serial mode.
[TmSim]: Run in serial mode.
[TmSim]: Run in serial mode.
[SUCCESS][CORE_0][pid 127780] exit success!
[SUCCESS][CORE_1][pid 127781] exit success!
[SUCCESS][CORE_2][pid 127782] exit success!
[SUCCESS][CORE_3][pid 127783] exit success!
[TmSim]: Run in serial mode.
[TmSim]: Run in serial mode.
[TmSim]: Run in serial mode.
[TmSim]: Run in serial mode.
[SUCCESS][CORE_0][pid 127784] exit success!
[SUCCESS][CORE_1][pid 127785] exit success!
[SUCCESS][CORE_2][pid 127786] exit success!
[SUCCESS][CORE_3][pid 127787] exit success!
[TmSim]: Run in serial mode.
[TmSim]: Run in serial mode.
[TmSim]: Run in serial mode.
[TmSim]: Run in serial mode.
[SUCCESS][CORE_0][pid 127788] exit success!
[SUCCESS][CORE_1][pid 127789] exit success!
[SUCCESS][CORE_2][pid 127790] exit success!
[SUCCESS][CORE_3][pid 127791] exit success!
MTP slot-derived context, duplicate and missing page cases passed
[TmSim]: Run in serial mode.
[TmSim]: Run in serial mode.
[TmSim]: Run in serial mode.
[TmSim]: Run in serial mode.
[SUCCESS][CORE_0][pid 127792] exit success!
[SUCCESS][CORE_1][pid 127793] exit success!
[SUCCESS][CORE_2][pid 127794] exit success!
[SUCCESS][CORE_3][pid 127795] exit success!
[TmSim]: Run in serial mode.
[TmSim]: Run in serial mode.
[TmSim]: Run in serial mode.
[TmSim]: Run in serial mode.
[SUCCESS][AIC_0][pid 127796] exit success!
[TmSim]: Run in serial mode.
[TmSim]: Run in serial mode.
[SUCCESS][AIV_0][pid 127797] exit success!
[SUCCESS][AIV_1][pid 127798] exit success!
[SUCCESS][AIC_1][pid 127799] exit success!
[SUCCESS][AIV_2][pid 127800] exit success!
[SUCCESS][AIV_3][pid 127801] exit success!
{"backend":"ascendc_cpu_debug","op":"bad_meta","status":"passed"}
RESULT {"phase": "021-bad_meta", "command": ["/home/sunao2000.linux/gpt_new_oscar/build/cpu/oscar_cv_cpu", "bad_meta", "/home/sunao2000.linux/gpt_new_oscar/artifacts/cv_cpu_cases/d64_q4_c65"], "returncode": 0, "elapsed_seconds": 0.963264, "timed_out": false, "interrupted": false, "log": "/home/sunao2000.linux/gpt_new_oscar/logs/vm-cv/021-bad_meta.log", "cleanup_complete": true}
[oscar] PASSED phase=021-bad_meta rc=0 log=logs/vm-cv/021-bad_meta.log
START phase=022-nan_value cwd=/home/sunao2000.linux/gpt_new_oscar command=["/home/sunao2000.linux/gpt_new_oscar/build/cpu/oscar_cv_cpu", "nan_value", "/home/sunao2000.linux/gpt_new_oscar/artifacts/cv_cpu_cases/d64_q4_c65"]
[TmSim]: Run in serial mode.
[TmSim]: Run in serial mode.
[TmSim]: Run in serial mode.
[TmSim]: Run in serial mode.
[SUCCESS][CORE_0][pid 127804] exit success!
[SUCCESS][CORE_1][pid 127805] exit success!
[SUCCESS][CORE_2][pid 127806] exit success!
[SUCCESS][CORE_3][pid 127807] exit success!
[TmSim]: Run in serial mode.
[TmSim]: Run in serial mode.
[TmSim]: Run in serial mode.
[TmSim]: Run in serial mode.
[SUCCESS][CORE_0][pid 127808] exit success!
[SUCCESS][CORE_1][pid 127809] exit success!
[SUCCESS][CORE_2][pid 127810] exit success!
[SUCCESS][CORE_3][pid 127811] exit success!
metadata padded request and changed-slot cases passed
[TmSim]: Run in serial mode.
[TmSim]: Run in serial mode.
[TmSim]: Run in serial mode.
[TmSim]: Run in serial mode.
[SUCCESS][CORE_0][pid 127812] exit success!
[SUCCESS][CORE_1][pid 127813] exit success!
[SUCCESS][CORE_2][pid 127814] exit success!
[SUCCESS][CORE_3][pid 127815] exit success!
[TmSim]: Run in serial mode.
[TmSim]: Run in serial mode.
[TmSim]: Run in serial mode.
[TmSim]: Run in serial mode.
[SUCCESS][CORE_0][pid 127816] exit success!
[SUCCESS][CORE_1][pid 127817] exit success!
[SUCCESS][CORE_2][pid 127818] exit success!
[SUCCESS][CORE_3][pid 127819] exit success!
[TmSim]: Run in serial mode.
[TmSim]: Run in serial mode.
[TmSim]: Run in serial mode.
[TmSim]: Run in serial mode.
[SUCCESS][CORE_0][pid 127820] exit success!
[SUCCESS][CORE_1][pid 127821] exit success!
[SUCCESS][CORE_2][pid 127822] exit success!
[SUCCESS][CORE_3][pid 127823] exit success!
MTP slot-derived context, duplicate and missing page cases passed
[TmSim]: Run in serial mode.
[TmSim]: Run in serial mode.
[TmSim]: Run in serial mode.
[TmSim]: Run in serial mode.
[SUCCESS][CORE_0][pid 127824] exit success!
[SUCCESS][CORE_1][pid 127825] exit success!
[SUCCESS][CORE_2][pid 127826] exit success!
[SUCCESS][CORE_3][pid 127827] exit success!
[TmSim]: Run in serial mode.
[TmSim]: Run in serial mode.
[TmSim]: Run in serial mode.
[TmSim]: Run in serial mode.
[SUCCESS][AIC_0][pid 127828] exit success!
[TmSim]: Run in serial mode.
[TmSim]: Run in serial mode.
[SUCCESS][AIV_0][pid 127829] exit success!
[SUCCESS][AIV_1][pid 127830] exit success!
[SUCCESS][AIC_1][pid 127831] exit success!
[SUCCESS][AIV_2][pid 127832] exit success!
[SUCCESS][AIV_3][pid 127833] exit success!
{"backend":"ascendc_cpu_debug","op":"nan_value","status":"passed"}
RESULT {"phase": "022-nan_value", "command": ["/home/sunao2000.linux/gpt_new_oscar/build/cpu/oscar_cv_cpu", "nan_value", "/home/sunao2000.linux/gpt_new_oscar/artifacts/cv_cpu_cases/d64_q4_c65"], "returncode": 0, "elapsed_seconds": 0.939876, "timed_out": false, "interrupted": false, "log": "/home/sunao2000.linux/gpt_new_oscar/logs/vm-cv/022-nan_value.log", "cleanup_complete": true}
[oscar] PASSED phase=022-nan_value rc=0 log=logs/vm-cv/022-nan_value.log
START phase=023-tasks_causal cwd=/home/sunao2000.linux/gpt_new_oscar command=["/home/sunao2000.linux/gpt_new_oscar/build/cpu/oscar_cv_cpu", "tasks_causal", "/home/sunao2000.linux/gpt_new_oscar/artifacts/cv_cpu_cases"]
scheduled_cores=2 min_live=819 max_live=820
scheduled_cores=20 min_live=81 max_live=82
scheduled_cores=24 min_live=68 max_live=69
scheduled_cores=32 min_live=51 max_live=52
[oscar] phase=023-tasks_causal running seconds=15.1 log=logs/vm-cv/023-tasks_causal.log
[TmSim]: Run in serial mode.
[TmSim]: Run in serial mode.
[TmSim]: Run in serial mode.
[TmSim]: Run in serial mode.
[TmSim]: Run in serial mode.
[oscar] phase=023-tasks_causal running seconds=30.1 log=logs/vm-cv/023-tasks_causal.log
[TmSim]: Run in serial mode.
[TmSim]: Run in serial mode.
[TmSim]: Run in serial mode.
[TmSim]: Run in serial mode.
[TmSim]: Run in serial mode.
[TmSim]: Run in serial mode.
[TmSim]: Run in serial mode.
[TmSim]: Run in serial mode.
[TmSim]: Run in serial mode.
[TmSim]: Run in serial mode.
[SUCCESS][CORE_0][pid 127837] exit success!
[TmSim]: Run in serial mode.
[TmSim]: Run in serial mode.
[TmSim]: Run in serial mode.
[TmSim]: Run in serial mode.
[TmSim]: Run in serial mode.
[TmSim]: Run in serial mode.
[SUCCESS][CORE_1][pid 127838] exit success!
[SUCCESS][CORE_2][pid 127839] exit success!
[SUCCESS][CORE_3][pid 127840] exit success!
[SUCCESS][CORE_4][pid 127841] exit success!
[SUCCESS][CORE_5][pid 127842] exit success!
[SUCCESS][CORE_6][pid 127843] exit success!
[SUCCESS][CORE_7][pid 127844] exit success!
[TmSim]: Run in serial mode.
[TmSim]: Run in serial mode.
[TmSim]: Run in serial mode.
[TmSim]: Run in serial mode.
[TmSim]: Run in serial mode.
[TmSim]: Run in serial mode.
[TmSim]: Run in serial mode.
[TmSim]: Run in serial mode.
[SUCCESS][CORE_8][pid 127845] exit success!
[SUCCESS][CORE_9][pid 127846] exit success!
[SUCCESS][CORE_10][pid 127847] exit success!
[SUCCESS][CORE_11][pid 127848] exit success!
[SUCCESS][CORE_12][pid 127849] exit success!
[SUCCESS][CORE_13][pid 127850] exit success!
[TmSim]: Run in serial mode.
[TmSim]: Run in serial mode.
[SUCCESS][CORE_14][pid 127851] exit success!
[SUCCESS][CORE_15][pid 127852] exit success!
[SUCCESS][CORE_16][pid 127853] exit success!
[SUCCESS][CORE_17][pid 127854] exit success!
[SUCCESS][CORE_18][pid 127855] exit success!
[SUCCESS][CORE_19][pid 127856] exit success!
[SUCCESS][CORE_20][pid 127857] exit success!
[SUCCESS][CORE_21][pid 127858] exit success!
[SUCCESS][CORE_22][pid 127859] exit success!
[SUCCESS][CORE_23][pid 127860] exit success!
[SUCCESS][CORE_24][pid 127861] exit success!
[SUCCESS][CORE_25][pid 127862] exit success!
[SUCCESS][CORE_26][pid 127863] exit success!
[SUCCESS][CORE_27][pid 127864] exit success!
[TmSim]: Run in serial mode.
[SUCCESS][CORE_28][pid 127865] exit success!
[SUCCESS][CORE_29][pid 127866] exit success!
[SUCCESS][CORE_30][pid 127867] exit success!
[SUCCESS][CORE_31][pid 127868] exit success!
causal_task_leaders=1640 current_tiles=421828 previous_unsplit_tiles=839169
{"backend":"ascendc_cpu_debug","op":"tasks_causal","status":"passed"}
RESULT {"phase": "023-tasks_causal", "command": ["/home/sunao2000.linux/gpt_new_oscar/build/cpu/oscar_cv_cpu", "tasks_causal", "/home/sunao2000.linux/gpt_new_oscar/artifacts/cv_cpu_cases"], "returncode": 0, "elapsed_seconds": 33.823338, "timed_out": false, "interrupted": false, "log": "/home/sunao2000.linux/gpt_new_oscar/logs/vm-cv/023-tasks_causal.log", "cleanup_complete": true}
[oscar] PASSED phase=023-tasks_causal rc=0 log=logs/vm-cv/023-tasks_causal.log
{
  "backend": "official_ascendc_cpu_debug",
  "status": "passed",
  "cases": [
    {
      "op": "attention_cv",
      "path": "artifacts/cv_cpu_cases/d64_q1_c17",
      "status": "passed",
      "returncode": 0,
      "log": "/home/sunao2000.linux/gpt_new_oscar/logs/vm-cv/000-attention_cv.log"
    },
    {
      "op": "attention_cv",
      "path": "artifacts/cv_cpu_cases/d64_q4_c65",
      "status": "passed",
      "returncode": 0,
      "log": "/home/sunao2000.linux/gpt_new_oscar/logs/vm-cv/001-attention_cv.log"
    },
    {
      "op": "attention_cv",
      "path": "artifacts/cv_cpu_cases/d64_q4_c0",
      "status": "passed",
      "returncode": 0,
      "log": "/home/sunao2000.linux/gpt_new_oscar/logs/vm-cv/002-attention_cv.log"
    },
    {
      "op": "attention_cv",
      "path": "artifacts/cv_cpu_cases/d128_q4_c129",
      "status": "passed",
      "returncode": 0,
      "log": "/home/sunao2000.linux/gpt_new_oscar/logs/vm-cv/003-attention_cv.log"
    },
    {
      "op": "attention_cv",
      "path": "artifacts/cv_cpu_cases/d256_q4_c511",
      "status": "passed",
      "returncode": 0,
      "log": "/home/sunao2000.linux/gpt_new_oscar/logs/vm-cv/004-attention_cv.log"
    },
    {
      "op": "attention_cv",
      "path": "artifacts/cv_cpu_cases/d64_q17_c65",
      "status": "passed",
      "returncode": 0,
      "log": "/home/sunao2000.linux/gpt_new_oscar/logs/vm-cv/005-attention_cv.log"
    },
    {
      "op": "attention_cv",
      "path": "artifacts/cv_cpu_cases/d64_q4_c65_hk2",
      "status": "passed",
      "returncode": 0,
      "log": "/home/sunao2000.linux/gpt_new_oscar/logs/vm-cv/006-attention_cv.log"
    },
    {
      "op": "attention_cv",
      "path": "artifacts/cv_cpu_cases/d64_q2_c320",
      "status": "passed",
      "returncode": 0,
      "log": "/home/sunao2000.linux/gpt_new_oscar/logs/vm-cv/007-attention_cv.log"
    },
    {
      "op": "attention_cv",
      "path": "artifacts/cv_cpu_cases/d128_q3_c511",
      "status": "passed",
      "returncode": 0,
      "log": "/home/sunao2000.linux/gpt_new_oscar/logs/vm-cv/008-attention_cv.log"
    },
    {
      "op": "attention_cv",
      "path": "artifacts/cv_cpu_cases/d64_q65_c17",
      "status": "passed",
      "returncode": 0,
      "log": "/home/sunao2000.linux/gpt_new_oscar/logs/vm-cv/009-attention_cv.log"
    },
    {
      "op": "attention_cv",
      "path": "artifacts/cv_cpu_cases/d64_q33_c511_hk2",
      "status": "passed",
      "returncode": 0,
      "log": "/home/sunao2000.linux/gpt_new_oscar/logs/vm-cv/010-attention_cv.log"
    },
    {
      "op": "attention_cv",
      "path": "artifacts/cv_cpu_cases/d128_q17_c511_hk2",
      "status": "passed",
      "returncode": 0,
      "log": "/home/sunao2000.linux/gpt_new_oscar/logs/vm-cv/011-attention_cv.log"
    },
    {
      "op": "attention_cv",
      "path": "artifacts/cv_cpu_cases/d256_q17_c511_hk2",
      "status": "passed",
      "returncode": 0,
      "log": "/home/sunao2000.linux/gpt_new_oscar/logs/vm-cv/012-attention_cv.log"
    },
    {
      "op": "attention_cv",
      "path": "artifacts/cv_cpu_cases/d64_q4_c65_s2",
      "status": "passed",
      "returncode": 0,
      "log": "/home/sunao2000.linux/gpt_new_oscar/logs/vm-cv/013-attention_cv.log"
    },
    {
      "op": "attention_cv",
      "path": "artifacts/cv_cpu_cases/d64_q4_c65_s20",
      "status": "passed",
      "returncode": 0,
      "log": "/home/sunao2000.linux/gpt_new_oscar/logs/vm-cv/014-attention_cv.log"
    },
    {
      "op": "attention_cv",
      "path": "artifacts/cv_cpu_cases/d256_q4_c511_s20",
      "status": "passed",
      "returncode": 0,
      "log": "/home/sunao2000.linux/gpt_new_oscar/logs/vm-cv/015-attention_cv.log"
    },
    {
      "op": "attention_cv",
      "path": "artifacts/cv_cpu_cases/d64_q4_c0_s20",
      "status": "passed",
      "returncode": 0,
      "log": "/home/sunao2000.linux/gpt_new_oscar/logs/vm-cv/016-attention_cv.log"
    },
    {
      "op": "attention_cv",
      "path": "artifacts/cv_cpu_cases/d128_q4_c511_s7",
      "status": "passed",
      "returncode": 0,
      "log": "/home/sunao2000.linux/gpt_new_oscar/logs/vm-cv/017-attention_cv.log"
    },
    {
      "op": "attention_cv",
      "path": "artifacts/cv_cpu_cases/d64_mixed_q1q4",
      "status": "passed",
      "returncode": 0,
      "log": "/home/sunao2000.linux/gpt_new_oscar/logs/vm-cv/018-attention_cv.log"
    },
    {
      "op": "bad_tag",
      "path": "artifacts/cv_cpu_cases/d64_q4_c65",
      "status": "passed",
      "returncode": 0,
      "log": "/home/sunao2000.linux/gpt_new_oscar/logs/vm-cv/019-bad_tag.log"
    },
    {
      "op": "nan_query",
      "path": "artifacts/cv_cpu_cases/d64_q4_c65",
      "status": "passed",
      "returncode": 0,
      "log": "/home/sunao2000.linux/gpt_new_oscar/logs/vm-cv/020-nan_query.log"
    },
    {
      "op": "bad_meta",
      "path": "artifacts/cv_cpu_cases/d64_q4_c65",
      "status": "passed",
      "returncode": 0,
      "log": "/home/sunao2000.linux/gpt_new_oscar/logs/vm-cv/021-bad_meta.log"
    },
    {
      "op": "nan_value",
      "path": "artifacts/cv_cpu_cases/d64_q4_c65",
      "status": "passed",
      "returncode": 0,
      "log": "/home/sunao2000.linux/gpt_new_oscar/logs/vm-cv/022-nan_value.log"
    },
    {
      "op": "tasks_causal",
      "path": "artifacts/cv_cpu_cases",
      "status": "passed",
      "returncode": 0,
      "log": "/home/sunao2000.linux/gpt_new_oscar/logs/vm-cv/023-tasks_causal.log"
    }
  ],
  "npu_acceptance": "not_run"
}
RESULT {"phase": "cv-debug", "command": ["limactl", "shell", "--workdir", "/home/sunao2000.linux/gpt_new_oscar", "oscar", "--", "timeout", "--signal=TERM", "--kill-after=10s", "1900", "bash", "-lc", "source /usr/local/Ascend/cann-9.1.0/set_env.sh; export TORCH_DEVICE_BACKEND_AUTOLOAD=0; .venv/bin/python -m tools.run_cpu_debug --executable build/cpu/oscar_cv_cpu --cases artifacts/cv_cpu_cases/cases.json --output reports/cv_cpu_debug.json --log-dir logs/vm-cv"], "returncode": 0, "elapsed_seconds": 129.218607, "timed_out": false, "interrupted": false, "log": "/Users/sunao2000/gpt_new_oscar_kimi/reports/vm/logs/cv-debug.log", "cleanup_complete": true}
